telecommuting,missing_count,total_text_len,company_profile_len,description_len,requirements_len,benefits_len,company_profile_word_count,description_word_count,requirements_word_count,benefits_word_count,salary_provided,has_company_profile,vague_location,has_company_logo,has_questions,fraudulent
0,3,2642,885,905,852,0,141,124,115,0,0,1,0,1,0,0
0,1,6088,1286,2077,1433,1292,153,315,200,227,0,1,0,1,0,0
0,6,2597,879,355,1363,0,141,50,164,0,0,1,0,1,0,0
0,0,5425,614,2600,1429,782,85,346,176,97,0,1,0,1,0,0
0,0,3926,1628,1520,757,21,207,168,89,3,0,1,0,1,1,0
0,8,3418,0,3418,0,0,0,480,0,0,0,0,0,0,0,0
0,0,2538,881,433,764,460,133,57,77,65,1,1,0,1,1,0
0,5,4561,1025,2488,368,680,154,389,54,109,0,1,0,1,1,0
0,3,1798,1364,75,359,0,192,5,45,0,0,1,0,1,1,0
0,1,2672,684,1219,769,0,86,150,93,0,0,1,0,1,0,0
0,1,5824,0,2878,2878,68,0,323,323,10,1,0,0,0,0,0
0,5,2717,310,1159,743,505,53,190,94,87,0,1,0,1,0,0
0,1,3255,684,1721,850,0,86,213,95,0,0,1,0,1,0,0
0,1,1743,352,793,598,0,57,130,84,0,0,1,0,1,1,0
0,0,2185,433,986,511,255,63,141,62,41,0,1,0,1,0,0
0,0,4803,882,2995,664,262,134,468,89,43,1,1,0,1,1,0
0,2,1160,417,314,429,0,66,52,58,0,0,1,0,1,0,0
0,5,1299,829,390,63,17,131,59,9,2,0,1,0,1,1,0
0,7,1945,384,1561,0,0,70,229,0,0,0,1,0,1,0,0
0,5,2892,228,1391,1273,0,32,169,166,0,0,1,0,0,0,0
0,5,3409,1349,1273,787,0,206,177,110,0,0,1,0,1,0,0
0,0,4719,1309,1932,835,643,208,274,114,105,0,1,0,1,0,0
0,0,5323,2676,1289,1089,269,392,163,128,32,0,1,0,1,1,0
0,0,3666,869,1718,830,249,134,220,106,39,1,1,0,1,0,0
0,8,391,0,391,0,0,0,50,0,0,0,0,0,0,0,0
0,6,7112,2289,4728,95,0,319,674,12,0,0,1,0,1,1,0
0,1,2006,549,524,533,400,87,76,78,61,0,1,0,1,0,0
0,0,1845,790,663,245,147,84,62,11,25,0,1,0,1,0,0
0,5,1925,228,1697,0,0,32,206,0,0,0,1,0,0,0,0
0,1,2680,684,1218,778,0,86,150,94,0,0,1,0,1,0,0
0,1,4035,684,1968,1383,0,86,270,173,0,0,1,0,1,0,0
0,1,1241,0,386,567,288,0,44,77,40,1,0,0,1,0,0
0,0,3064,367,1189,1187,321,52,178,168,46,0,1,0,1,1,0
0,2,3035,879,1671,485,0,141,223,67,0,0,1,0,1,1,0
0,4,1061,522,149,390,0,95,28,72,0,0,1,0,1,1,0
0,2,583,53,381,130,19,10,33,18,3,0,1,0,1,1,0
0,2,554,53,332,150,19,10,28,20,3,0,1,0,1,0,0
0,3,2235,0,2235,0,0,0,305,0,0,0,0,0,0,0,0
0,1,3236,229,1543,1013,451,33,242,140,68,0,1,0,1,1,0
0,1,3365,684,1821,860,0,86,235,99,0,0,1,0,1,0,0
0,2,583,53,381,130,19,10,33,18,3,0,1,0,1,1,0
0,2,586,53,384,130,19,10,34,18,3,0,1,0,1,1,0
0,3,390,0,390,0,0,0,52,0,0,1,0,1,0,0,0
0,1,2048,684,695,669,0,86,88,80,0,0,1,0,1,0,0
0,1,4188,684,2631,873,0,86,324,105,0,0,1,0,1,0,0
0,2,3143,702,1293,914,234,110,177,127,27,0,1,0,1,0,0
0,2,5928,5574,169,185,0,885,22,23,0,0,1,0,0,0,0
0,1,2756,684,1380,692,0,86,171,87,0,0,1,0,1,0,0
0,2,583,53,381,130,19,10,33,18,3,0,1,0,1,1,0
0,1,2638,684,1274,680,0,86,163,86,0,0,1,0,1,0,0
0,1,1364,185,762,417,0,25,96,50,0,0,1,0,1,0,0
0,1,3024,684,1020,1320,0,86,128,174,0,0,1,0,1,0,0
0,4,1478,536,341,601,0,73,53,75,0,0,1,0,1,0,0
0,1,1876,0,1206,585,85,0,174,77,12,0,0,0,0,0,0
0,5,2946,702,647,800,797,110,109,92,116,0,1,0,1,0,0
0,5,1468,153,334,822,159,25,57,124,18,0,1,0,1,1,0
0,5,2946,702,647,800,797,110,109,92,116,0,1,0,1,0,0
0,3,6872,2480,921,2242,1229,298,115,276,164,0,1,0,1,1,0
0,0,1936,420,905,241,370,68,133,31,55,0,1,0,1,0,0
0,0,2689,660,574,1150,305,112,90,150,42,0,1,0,1,1,0
0,0,477,53,247,158,19,10,37,21,3,0,1,0,1,1,0
0,0,3995,958,1577,1073,387,154,217,149,51,0,1,0,1,1,0
0,2,583,53,381,130,19,10,33,18,3,0,1,0,1,1,0
0,1,3049,684,1286,1079,0,86,169,142,0,0,1,0,1,0,0
0,7,2452,0,1710,742,0,0,212,101,0,0,0,0,0,0,0
0,1,4107,1070,219,1215,1603,185,37,156,260,1,1,0,1,1,0
0,5,884,554,236,35,59,88,37,5,6,0,1,0,1,1,0
0,6,957,228,729,0,0,32,91,0,0,0,1,0,0,0,0
0,6,2829,228,2601,0,0,32,346,0,0,0,1,0,0,0,0
0,5,1716,0,251,1465,0,0,37,177,0,0,0,0,0,1,0
0,4,1391,228,513,564,86,34,78,80,14,0,1,0,1,0,0
0,0,2232,651,620,526,435,100,84,69,65,0,1,0,1,1,0
0,1,2619,684,1221,714,0,86,150,86,0,0,1,0,1,0,0
0,4,373,0,240,78,55,0,40,12,7,0,0,0,0,0,0
0,1,2445,684,1092,669,0,86,137,85,0,0,1,0,1,0,0
0,0,4039,651,1863,997,528,107,269,111,77,0,1,0,1,1,0
0,0,3668,1628,1919,105,16,207,212,17,2,1,1,0,1,1,0
0,1,2822,0,2011,457,354,0,236,59,39,1,0,0,0,0,0
1,3,6405,335,6070,0,0,66,1151,0,0,0,1,0,0,0,0
0,1,2512,615,1097,335,465,83,171,42,81,1,1,0,1,1,0
0,2,583,53,381,130,19,10,33,18,3,0,1,0,1,1,0
0,1,3253,684,1906,663,0,86,245,84,0,0,1,0,1,0,0
0,0,1740,829,855,34,22,131,134,5,3,0,1,0,1,1,0
0,1,2871,684,1195,992,0,86,158,127,0,0,1,0,1,0,0
0,1,2375,684,1190,501,0,86,146,60,0,0,1,0,1,0,0
0,0,4536,1113,1810,1120,493,155,232,136,69,0,1,0,1,1,0
0,1,3068,684,1441,943,0,86,183,105,0,0,1,0,1,0,0
0,1,2951,684,1457,810,0,86,198,92,0,0,1,0,1,0,0
0,7,4344,1820,2524,0,0,327,355,0,0,0,1,0,1,1,0
0,2,583,53,381,130,19,10,33,18,3,0,1,0,1,1,0
0,0,2769,410,1538,526,295,67,206,74,39,0,1,0,1,0,0
0,2,2543,1467,428,338,310,207,69,38,46,1,1,0,1,0,0
1,3,2028,0,2028,0,0,0,270,0,0,1,0,0,0,0,0
0,1,2296,684,891,721,0,86,115,87,0,0,1,0,1,0,0
0,1,1660,829,724,91,16,131,100,15,2,0,1,0,1,1,0
0,0,2542,536,1417,576,13,72,168,65,2,0,1,0,1,0,0
0,0,2614,827,490,751,546,137,68,89,78,0,1,0,1,0,0
0,1,2428,684,997,747,0,86,123,91,0,0,1,0,1,0,0
0,0,5153,1016,2245,1136,756,130,272,148,78,1,1,0,1,1,1
0,2,583,53,381,130,19,10,33,18,3,0,1,0,1,1,0
0,7,1242,0,689,553,0,0,87,87,0,0,0,0,1,0,0
0,2,583,53,381,130,19,10,33,18,3,0,1,0,1,1,0
1,0,810,55,510,127,118,6,67,15,19,1,1,0,1,0,0
0,1,2618,684,1220,714,0,86,151,86,0,0,1,0,1,0,0
0,8,394,0,394,0,0,0,65,0,0,0,0,0,0,0,0
1,2,5653,966,4687,0,0,138,626,0,0,0,1,0,1,1,0
0,2,1471,829,602,24,16,131,95,5,2,0,1,0,1,1,0
0,1,3362,673,1692,997,0,97,252,167,0,1,1,0,1,0,0
0,4,2465,0,2465,0,0,0,334,0,0,0,0,0,0,1,0
0,1,4311,684,3218,409,0,86,421,45,0,0,1,0,1,0,0
0,1,2771,684,1257,830,0,86,168,110,0,0,1,0,1,0,0
0,1,2642,684,1243,715,0,86,167,86,0,0,1,0,1,0,0
0,1,2676,684,1278,714,0,86,159,86,0,0,1,0,1,0,0
0,1,2376,627,981,567,201,89,153,67,31,1,1,0,1,0,0
1,4,3975,2270,555,675,475,330,92,94,45,0,1,0,1,0,0
0,1,1494,829,578,70,17,131,87,10,2,0,1,0,1,1,0
0,0,3836,1208,1750,686,192,155,266,95,18,0,1,0,1,1,0
0,5,1198,672,396,79,51,93,53,10,7,0,1,0,1,1,0
0,2,2732,1317,668,540,207,210,104,78,28,0,1,0,1,0,0
0,2,583,53,381,130,19,10,33,18,3,0,1,0,1,1,0
0,1,3762,684,2138,940,0,86,281,104,0,0,1,0,1,0,0
0,4,1383,134,755,291,203,20,110,43,32,0,1,0,1,1,0
0,2,583,53,381,130,19,10,33,18,3,0,1,0,1,1,0
0,2,583,53,381,130,19,10,33,18,3,0,1,0,1,1,0
0,1,2522,684,1119,719,0,86,144,88,0,0,1,0,1,0,0
0,0,1920,748,634,389,149,116,81,46,17,0,1,0,1,1,0
0,2,3478,1562,817,419,680,249,104,49,116,0,1,0,1,0,0
0,0,3274,1341,859,653,421,199,115,89,61,0,1,0,1,1,0
0,1,3038,789,934,1276,39,112,144,185,6,0,1,0,1,1,0
0,1,4031,684,1992,1355,0,86,262,176,0,0,1,0,1,0,0
0,1,2306,684,1092,530,0,86,137,64,0,0,1,0,1,0,0
0,0,1740,829,855,34,22,131,134,5,3,0,1,0,1,1,0
0,1,1191,211,425,355,200,29,71,44,27,1,1,0,1,0,0
0,2,583,53,381,130,19,10,33,18,3,0,1,0,1,1,0
0,0,3277,694,1507,878,198,105,209,122,24,1,1,0,1,0,0
0,2,583,53,381,130,19,10,33,18,3,0,1,0,1,1,0
0,1,2249,684,911,654,0,86,121,85,0,0,1,0,1,0,0
0,7,736,380,356,0,0,64,44,0,0,0,1,0,1,1,0
0,1,3247,684,1900,663,0,86,245,84,0,0,1,0,1,0,0
0,1,2617,684,1219,714,0,86,151,86,0,0,1,0,1,0,0
0,2,582,53,380,130,19,10,33,18,3,0,1,0,1,1,0
0,1,2818,684,1268,866,0,86,157,105,0,0,1,0,1,0,0
0,6,1403,333,806,264,0,47,123,32,0,0,1,0,1,0,0
0,0,647,53,458,117,19,10,50,15,3,0,1,0,1,1,0
0,8,337,0,337,0,0,0,59,0,0,0,0,1,0,0,1
0,1,1404,0,1260,83,61,0,159,8,6,1,0,0,1,0,0
0,1,2249,684,911,654,0,86,121,85,0,0,1,0,1,0,0
0,6,1099,228,871,0,0,32,124,0,0,0,1,0,0,0,0
0,1,3276,860,835,1321,260,121,105,176,36,0,1,0,1,1,0
0,0,5425,614,2600,1429,782,85,346,176,97,0,1,0,1,0,0
0,0,2430,520,976,862,72,82,178,100,9,0,1,0,1,0,0
0,2,583,53,381,130,19,10,33,18,3,0,1,0,1,1,0
0,0,5885,727,3368,1725,65,97,502,256,9,1,1,0,1,0,0
0,0,2907,506,1306,713,382,73,219,99,63,1,1,0,1,1,0
0,3,1785,0,1233,552,0,0,153,69,0,1,0,0,0,0,0
0,1,3693,0,2540,983,170,0,343,123,23,1,0,0,0,0,0
0,7,425,377,48,0,0,60,8,0,0,0,1,0,1,0,0
0,2,583,53,381,130,19,10,33,18,3,0,1,0,1,1,0
1,4,2218,0,402,1017,799,0,61,167,100,0,0,0,0,1,0
0,6,1225,257,848,120,0,36,111,11,0,1,1,0,1,1,0
0,0,2835,517,1902,264,152,75,253,38,22,1,1,0,0,0,0
0,4,1767,0,1320,447,0,0,194,59,0,0,0,0,0,1,0
0,2,2789,1230,1284,275,0,184,175,36,0,0,1,0,1,0,0
0,1,2961,684,1257,1020,0,86,168,132,0,0,1,0,1,0,0
0,0,1567,1018,165,299,85,141,20,38,7,0,1,0,1,0,0
0,0,4084,406,2637,991,50,52,398,149,6,1,1,0,1,1,0
0,2,1273,0,615,658,0,0,80,91,0,0,0,0,0,0,0
0,2,2587,0,2474,0,113,0,284,0,11,1,0,0,0,0,0
0,0,2373,391,1212,569,201,59,174,64,22,0,1,0,1,0,0
0,1,2573,684,947,942,0,86,118,105,0,0,1,0,1,0,0
0,4,1206,134,637,232,203,20,95,33,32,0,1,0,1,1,0
0,1,5218,2419,1298,1501,0,377,200,172,0,1,1,0,1,0,0
0,2,8931,2438,101,6356,36,328,13,939,6,0,1,0,1,0,0
0,0,6555,776,4447,1073,259,77,589,150,43,0,1,1,1,1,1
0,1,1901,829,1020,31,21,131,142,5,4,0,1,0,1,1,0
0,1,2586,684,1190,712,0,86,147,86,0,0,1,0,1,0,0
0,2,586,53,384,130,19,10,34,18,3,0,1,0,1,1,0
0,1,2172,364,1135,549,124,61,174,70,10,1,1,0,1,1,0
0,0,2909,592,1078,1087,152,86,148,145,19,0,1,0,1,1,0
0,0,320,79,68,71,102,12,11,9,19,1,1,0,1,1,0
0,5,45,0,15,15,15,0,2,2,2,0,0,0,0,0,1
0,2,583,53,381,130,19,10,33,18,3,0,1,0,1,1,0
0,3,2964,879,1409,676,0,141,168,83,0,0,1,0,1,1,0
0,1,836,0,510,245,81,0,82,32,10,0,0,0,0,0,0
0,5,2557,310,807,964,476,53,131,125,87,0,1,0,1,0,0
0,5,1729,829,855,45,0,131,134,2,0,0,1,0,1,0,0
0,1,3370,684,1826,860,0,86,236,99,0,0,1,0,1,0,0
0,1,1109,112,358,639,0,17,57,111,0,0,1,0,1,1,0
0,2,583,53,381,130,19,10,33,18,3,0,1,0,1,1,0
0,2,583,53,381,130,19,10,33,18,3,0,1,0,1,1,0
0,2,2587,0,2474,0,113,0,284,0,11,1,0,0,0,0,0
0,6,1922,0,572,764,586,0,85,101,88,0,0,0,0,0,0
0,1,5046,0,3203,1802,41,0,397,224,4,0,0,0,0,0,0
0,3,3599,1521,1251,827,0,202,166,118,0,0,1,0,0,1,0
0,7,2018,1419,599,0,0,206,86,0,0,0,1,0,1,0,0
0,0,3344,870,1679,318,477,140,268,31,62,0,1,0,1,1,0
0,2,583,53,381,130,19,10,33,18,3,0,1,0,1,1,0
0,0,2937,1564,1258,31,84,182,181,6,13,1,1,0,1,1,0
0,0,3197,694,1608,652,243,105,229,85,33,1,1,0,1,1,0
0,5,2946,702,647,800,797,110,109,92,116,0,1,0,1,0,0
0,1,3650,1565,1295,591,199,256,211,83,32,1,1,0,1,1,0
0,0,3231,726,996,624,885,83,138,81,116,0,1,0,1,0,0
0,2,583,53,381,130,19,10,33,18,3,0,1,0,1,1,0
0,3,474,0,474,0,0,0,59,0,0,1,0,0,0,0,0
0,6,1738,79,1285,374,0,12,196,45,0,0,1,1,1,0,0
0,0,3211,657,1435,656,463,100,202,89,63,0,1,0,1,0,0
0,1,3151,607,2161,383,0,91,328,42,0,0,1,0,1,0,0
0,1,2833,684,1177,972,0,86,159,125,0,0,1,0,1,0,0
0,2,583,53,381,130,19,10,33,18,3,0,1,0,1,1,0
0,1,2623,684,1225,714,0,86,151,86,0,0,1,0,1,0,0
0,1,2575,684,1207,684,0,86,151,87,0,0,1,0,1,0,0
0,0,4642,2676,1204,513,249,392,155,64,30,0,1,0,1,0,0
0,1,2769,684,1380,705,0,86,171,88,0,0,1,0,1,0,0
0,1,2739,684,1300,755,0,86,162,93,0,0,1,0,1,0,0
0,8,7967,0,7967,0,0,0,1183,0,0,0,0,0,0,0,0
0,0,5198,1016,2246,1137,799,130,272,148,83,1,1,0,1,1,1
0,2,583,53,381,130,19,10,33,18,3,0,1,0,1,1,0
0,2,5301,438,1832,3031,0,53,230,433,0,0,1,0,1,0,0
0,2,3404,755,2649,0,0,118,362,0,0,0,1,0,1,0,0
0,0,3460,1181,1238,216,825,156,161,29,89,0,1,0,1,0,0
0,1,4525,684,2408,1433,0,86,338,180,0,0,1,0,1,0,0
0,2,1502,829,586,70,17,131,86,10,2,0,1,0,1,1,0
0,7,1549,1369,180,0,0,218,26,0,0,0,1,0,1,1,0
0,2,583,53,381,130,19,10,33,18,3,0,1,0,1,1,0
0,1,3409,684,1400,1325,0,86,187,177,0,0,1,0,1,0,0
0,0,1914,694,710,338,172,105,96,49,23,0,1,0,1,0,0
0,2,583,53,381,130,19,10,33,18,3,0,1,0,1,1,0
0,1,496,0,398,51,47,0,74,8,9,0,0,0,0,0,0
0,0,2221,651,607,527,436,100,82,66,65,0,1,0,1,1,0
0,1,3190,0,2057,523,610,0,293,80,95,0,0,0,0,0,0
0,1,2674,684,1276,714,0,86,158,86,0,0,1,1,1,0,0
0,2,583,53,381,130,19,10,33,18,3,0,1,0,1,1,0
0,1,1487,829,571,70,17,131,87,10,2,0,1,0,1,1,0
0,0,4715,926,2005,1169,615,150,328,137,105,1,1,0,1,0,0
0,5,2028,814,432,410,372,116,66,56,44,0,1,1,1,1,0
0,2,1577,829,641,91,16,131,87,15,2,0,1,0,1,0,0
0,2,6492,0,6073,419,0,0,796,51,0,0,0,0,1,0,0
0,2,583,53,381,130,19,10,33,18,3,0,1,0,1,1,0
0,0,1106,116,717,153,120,17,127,20,15,1,1,0,1,1,0
0,5,2469,228,637,1604,0,32,74,208,0,0,1,0,0,0,0
0,1,2686,684,1276,726,0,86,158,91,0,0,1,0,1,0,0
0,0,3046,694,1635,543,174,105,223,76,24,1,1,0,1,1,0
0,1,2495,0,1487,899,109,0,226,149,18,1,0,0,0,1,0
0,2,559,53,332,155,19,10,28,21,3,0,1,0,1,0,0
0,8,3686,0,3686,0,0,0,502,0,0,0,0,0,0,0,0
0,0,3196,694,1603,652,247,105,229,85,34,1,1,0,1,1,0
0,2,583,53,381,130,19,10,33,18,3,0,1,0,1,1,0
0,0,3306,694,2031,452,129,105,285,71,14,1,1,0,1,1,0
0,0,3214,694,1768,579,173,105,256,85,23,0,1,0,1,1,0
0,5,3834,1481,1729,624,0,264,251,81,0,0,1,0,1,0,0
0,2,2127,244,742,990,151,32,100,128,18,1,1,0,1,0,0
0,0,2956,726,970,362,898,83,148,44,117,0,1,0,1,0,0
0,6,915,228,687,0,0,32,83,0,0,0,1,0,0,0,0
0,2,554,53,332,150,19,10,28,20,3,0,1,0,1,0,0
0,6,1102,228,874,0,0,32,125,0,0,0,1,0,0,0,0
0,0,2331,694,1244,226,167,105,181,30,22,1,1,0,1,1,0
0,3,2842,536,1052,1254,0,73,174,162,0,0,1,0,1,0,0
0,3,3297,0,3297,0,0,0,562,0,0,0,0,0,1,0,0
0,1,2460,684,1118,658,0,86,143,89,0,0,1,0,1,0,0
0,2,2197,0,1475,722,0,0,214,85,0,0,0,0,0,1,0
0,2,1547,829,632,70,16,131,94,10,2,0,1,0,1,1,0
0,2,1061,0,673,146,242,0,99,23,37,1,0,0,0,1,0
0,0,2882,131,2258,381,112,19,322,47,14,0,1,0,1,1,0
0,1,1661,829,745,70,17,131,112,10,2,0,1,0,1,0,0
0,4,1422,0,1422,0,0,0,178,0,0,0,0,0,0,0,0
0,6,2831,619,1690,522,0,97,241,69,0,0,1,0,1,0,0
0,8,6571,0,6571,0,0,0,1024,0,0,0,0,0,0,0,0
0,1,2683,684,1219,780,0,86,151,90,0,0,1,0,1,0,0
0,3,929,0,197,492,240,0,37,61,33,0,0,0,1,0,0
0,2,583,53,381,130,19,10,33,18,3,0,1,0,1,1,0
0,5,1936,320,1527,0,89,45,202,0,11,0,1,0,1,0,0
0,5,1742,879,863,0,0,141,121,0,0,0,1,0,1,0,0
0,5,796,228,568,0,0,32,69,0,0,0,1,0,0,0,0
0,2,583,53,381,130,19,10,33,18,3,0,1,0,1,1,0
0,4,1526,134,785,404,203,20,108,67,32,0,1,0,1,1,0
0,1,2688,1095,822,422,349,192,134,59,61,0,1,0,1,1,0
0,0,5190,1239,2824,739,388,110,308,87,52,0,1,0,1,0,0
0,1,2202,1970,132,78,22,312,22,12,4,0,1,0,1,1,0
0,2,554,53,332,150,19,10,28,20,3,0,1,0,1,0,0
0,0,4747,1194,2173,911,469,186,325,131,83,0,1,0,1,1,0
0,2,583,53,381,130,19,10,33,18,3,0,1,0,1,1,0
0,0,4793,229,2378,1657,529,33,330,196,71,0,1,0,1,1,0
0,4,3104,746,1732,257,369,127,250,38,48,0,1,0,1,1,0
0,0,4996,1239,2489,880,388,110,273,101,52,0,1,0,1,0,0
0,2,583,53,381,130,19,10,33,18,3,0,1,0,1,1,0
0,0,4826,1239,2543,656,388,110,253,73,52,0,1,0,1,0,0
0,1,1525,829,609,70,17,131,90,10,2,0,1,0,1,1,0
0,0,2901,1270,333,877,421,190,47,102,60,0,1,0,1,1,0
0,3,4745,702,1720,1526,797,110,248,209,116,0,1,0,1,0,0
1,0,2515,803,873,582,257,105,115,86,28,0,1,0,1,1,0
0,4,2612,320,1356,847,89,45,187,108,11,0,1,0,1,0,0
0,0,4238,1073,1539,464,1162,154,212,60,167,0,1,0,1,0,0
0,2,583,53,381,130,19,10,33,18,3,0,1,0,1,1,0
0,2,3194,1025,709,318,1142,148,93,41,147,0,1,0,1,0,0
0,0,4868,1817,1185,1441,425,308,185,181,60,0,1,0,1,1,0
0,0,3702,730,1348,319,1305,116,214,44,204,0,1,0,1,1,0
0,4,1420,134,809,274,203,20,117,43,32,0,1,0,1,1,0
0,0,3245,717,1218,1038,272,120,171,130,42,0,1,0,1,1,0
0,0,2565,558,645,171,1191,84,101,23,169,1,1,0,1,0,0
0,1,2600,684,1221,695,0,86,150,86,0,0,1,0,1,0,0
0,2,3215,1025,950,552,688,148,126,78,92,0,1,0,1,0,0
0,1,1908,975,430,320,183,147,73,57,25,1,1,0,1,0,0
0,1,1393,326,856,116,95,36,94,21,19,0,1,0,1,0,0
0,1,1028,0,472,435,121,0,66,57,17,1,0,0,0,0,0
0,1,3761,684,1030,2047,0,86,138,270,0,0,1,0,1,0,0
0,2,583,53,381,130,19,10,33,18,3,0,1,0,1,1,0
0,1,3946,684,1831,1431,0,86,253,178,0,0,1,0,1,0,0
0,1,2159,134,1501,250,274,20,234,30,33,0,1,0,1,1,0
0,3,814,119,695,0,0,12,98,0,0,0,1,0,1,0,0
0,2,583,53,381,130,19,10,33,18,3,0,1,0,1,1,0
0,7,4539,1286,3253,0,0,153,460,0,0,0,1,0,1,0,0
0,1,2440,684,1150,606,0,86,157,77,0,0,1,0,1,0,0
0,3,729,119,610,0,0,12,87,0,0,0,1,0,1,0,0
0,2,583,53,381,130,19,10,33,18,3,0,1,0,1,1,0
0,0,4794,1181,2627,547,439,156,337,68,47,1,1,0,1,0,0
0,1,7939,1505,3578,2856,0,215,465,352,0,0,1,0,1,1,0
0,3,6267,1630,4250,328,59,208,563,45,12,0,1,0,1,1,0
0,0,3739,1042,1396,605,696,178,213,79,111,0,1,0,1,1,0
0,1,5179,1005,2943,1231,0,116,413,174,0,1,1,0,1,1,0
0,3,3617,2676,941,0,0,392,133,0,0,0,1,0,1,0,0
0,2,3737,536,2075,820,306,88,297,115,38,0,1,0,1,0,0
0,1,2174,909,877,245,143,134,125,30,17,0,1,0,1,0,0
0,1,3201,1271,1846,0,84,197,279,0,13,1,1,0,1,0,0
0,1,2538,422,1616,377,123,68,236,46,14,0,1,0,1,0,0
0,0,4231,1271,2024,858,78,197,296,107,9,1,1,0,1,0,0
0,6,2349,755,1194,400,0,104,171,52,0,0,1,1,1,0,0
0,2,583,53,381,130,19,10,33,18,3,0,1,0,1,1,0
0,0,3424,870,1523,554,477,140,243,68,62,0,1,0,1,1,0
0,2,583,53,381,130,19,10,33,18,3,0,1,0,1,1,0
0,0,4279,1270,803,1785,421,190,105,215,60,0,1,0,1,1,0
0,2,562,53,332,158,19,10,28,21,3,0,1,0,1,0,0
0,6,2652,320,853,1479,0,45,100,176,0,0,1,0,1,0,0
1,5,1924,1271,647,6,0,204,100,1,0,0,1,0,1,1,0
0,0,1428,624,207,408,189,87,28,44,31,0,1,0,1,0,0
0,4,3154,0,3154,0,0,0,417,0,0,1,0,0,1,0,0
0,5,2037,320,1139,578,0,45,162,73,0,0,1,0,1,0,0
0,0,2169,445,1192,211,321,66,184,32,46,0,1,0,1,0,0
0,1,2106,684,770,652,0,86,102,86,0,0,1,0,1,0,0
0,0,477,53,247,158,19,10,37,21,3,0,1,0,1,1,0
0,6,2325,320,747,1258,0,45,87,149,0,0,1,0,1,0,0
0,2,5636,2419,2840,366,11,377,419,47,1,1,1,0,1,1,0
0,6,2099,1447,652,0,0,215,93,0,0,0,1,0,1,1,0
0,0,4064,2559,300,1164,41,424,46,167,4,0,1,0,1,0,0
0,0,2352,742,488,993,129,108,67,120,11,1,1,0,1,0,0
0,2,562,53,332,158,19,10,28,21,3,0,1,0,1,0,0
0,0,865,116,422,213,114,17,82,34,19,1,1,0,1,0,0
0,5,2249,225,1642,348,34,33,211,49,4,0,1,0,0,1,0
0,2,583,53,381,130,19,10,33,18,3,0,1,0,1,1,0
0,5,1540,310,545,685,0,53,82,97,0,0,1,0,1,0,0
0,6,2210,320,722,1168,0,45,78,140,0,0,1,1,1,0,0
0,2,6614,1229,3761,1624,0,179,462,194,0,0,1,0,1,0,0
0,2,1270,133,901,142,94,19,151,22,15,1,1,0,1,1,0
0,1,1607,0,890,572,145,0,123,72,19,0,0,0,0,1,0
0,7,5627,1208,4419,0,0,155,640,0,0,0,1,0,1,0,0
0,3,129,0,129,0,0,0,16,0,0,1,0,0,0,0,0
0,1,3969,596,2228,743,402,85,280,99,43,0,1,0,1,1,0
0,1,3001,684,1375,942,0,86,176,105,0,0,1,0,1,0,0
0,2,414,178,151,47,38,31,28,8,4,1,1,0,0,0,1
0,1,2683,684,1284,715,0,86,160,86,0,0,1,0,1,0,0
0,3,2371,1398,693,280,0,196,96,44,0,0,1,0,1,0,0
1,5,2401,491,1417,493,0,66,214,64,0,0,1,0,0,0,0
0,1,6000,2419,1143,2438,0,377,190,308,0,1,1,0,1,1,0
0,0,3849,1049,1854,572,374,151,229,72,55,0,1,0,1,1,0
0,0,4468,882,3108,313,165,134,404,38,30,0,1,0,1,1,0
0,5,957,672,227,24,34,96,34,3,7,0,1,0,1,1,0
0,2,583,53,381,130,19,10,33,18,3,0,1,0,1,1,0
1,0,3228,1050,1174,939,65,155,187,134,7,0,1,0,1,1,0
0,2,1520,829,630,44,17,131,97,6,2,0,1,0,1,1,0
0,3,331,0,331,0,0,0,45,0,0,1,0,1,0,0,0
0,1,3366,1318,1460,588,0,174,181,66,0,0,1,0,1,1,0
0,6,2240,0,1946,254,40,0,257,35,5,0,0,0,0,1,0
0,0,5829,842,3696,574,717,124,536,78,84,1,1,0,1,1,0
0,1,3950,1113,1772,1065,0,155,246,134,0,0,1,0,1,1,0
0,4,2953,536,1928,343,146,79,239,34,20,0,1,0,0,0,0
0,3,4808,0,4808,0,0,0,647,0,0,0,0,0,0,0,0
0,1,3217,684,1870,663,0,86,238,84,0,0,1,0,1,0,0
0,1,2924,0,2271,619,34,0,316,77,5,1,0,0,0,0,0
0,0,3309,717,1874,252,466,120,262,29,67,0,1,0,1,1,0
0,1,2370,0,1675,653,42,0,256,90,6,1,0,0,0,1,0
0,6,2641,355,2286,0,0,58,398,0,0,0,1,0,1,1,0
0,1,1223,0,641,558,24,0,92,77,4,1,0,0,0,0,0
0,5,2491,538,1330,623,0,72,183,77,0,0,1,0,1,1,0
0,2,1298,0,941,331,26,0,140,43,4,1,0,0,0,0,0
0,2,390,131,206,36,17,19,44,5,2,0,1,0,1,1,0
0,5,876,228,648,0,0,32,86,0,0,0,1,0,0,0,0
0,1,2260,0,1161,815,284,0,164,131,48,1,0,0,0,1,0
0,2,583,53,381,130,19,10,33,18,3,0,1,0,1,1,0
0,1,1623,536,853,234,0,72,120,31,0,0,1,0,1,1,0
0,4,4957,518,2075,546,1818,84,263,51,313,0,1,0,1,1,0
0,2,1113,0,280,833,0,0,32,108,0,0,0,0,0,0,0
0,0,3050,878,1497,550,125,134,229,81,15,0,1,0,1,1,0
0,1,2333,684,1071,578,0,86,134,69,0,0,1,0,1,0,0
0,5,2945,816,1068,543,518,129,166,75,87,0,1,1,1,0,0
0,1,3217,684,1274,1259,0,86,157,176,0,0,1,0,1,0,0
0,0,3502,1556,856,788,302,210,122,117,53,0,1,0,1,1,0
0,5,1551,1390,88,73,0,196,15,8,0,0,1,0,0,0,0
0,6,1652,0,734,470,448,0,87,54,61,0,0,0,1,0,0
1,1,2983,254,1107,1356,266,43,180,235,39,1,1,0,1,1,0
0,1,3385,913,1271,857,344,75,168,102,45,0,1,0,1,0,0
0,1,2946,1578,812,556,0,243,104,65,0,0,1,0,1,0,0
0,5,2562,134,720,1222,486,20,119,210,84,0,1,0,1,0,0
0,0,1947,952,531,349,115,152,78,59,16,0,1,0,1,0,0
0,2,3143,702,1293,914,234,110,177,127,27,0,1,0,1,0,0
0,1,2450,0,2190,168,92,0,332,28,15,1,0,0,1,1,0
0,1,365,53,157,136,19,10,20,18,3,0,1,0,1,1,0
0,0,3415,535,1894,750,236,73,248,101,33,0,1,0,1,0,0
0,2,2157,1247,431,479,0,192,71,72,0,0,1,1,1,0,0
0,5,611,135,354,122,0,18,51,16,0,0,1,0,1,0,0
0,1,4339,684,2262,1393,0,86,319,175,0,0,1,0,1,0,0
0,0,2511,353,1206,629,323,44,171,88,48,1,1,0,1,0,0
0,0,2663,758,1068,485,352,112,139,57,48,0,1,0,1,1,0
0,7,1538,1369,169,0,0,218,25,0,0,0,1,1,1,0,0
0,6,2691,0,1102,1589,0,0,174,204,0,0,0,0,0,0,0
0,1,1567,829,651,70,17,131,95,10,2,0,1,0,1,1,0
0,1,2307,684,966,657,0,86,132,91,0,0,1,0,1,0,0
0,0,562,53,332,158,19,10,27,21,3,0,1,0,1,1,0
0,0,2692,726,419,648,899,83,65,92,117,0,1,0,1,0,0
0,1,950,619,267,64,0,81,42,8,0,0,1,0,1,1,0
0,1,2242,684,778,780,0,86,100,96,0,0,1,0,1,0,0
0,5,3196,885,1881,430,0,141,287,59,0,0,1,0,1,1,0
0,1,3219,684,1276,1259,0,86,157,176,0,0,1,0,1,0,0
0,2,586,53,384,130,19,10,34,18,3,0,1,0,1,1,0
0,1,2966,509,1293,844,320,79,189,128,43,0,1,0,1,0,0
1,1,3021,580,1105,1133,203,86,162,154,27,1,1,0,1,0,0
0,4,868,0,537,331,0,0,67,52,0,1,0,0,0,0,0
0,3,3522,702,1282,913,625,110,176,126,86,0,1,0,1,0,0
0,1,3033,692,2144,197,0,115,284,22,0,0,1,0,1,0,0
0,0,1485,829,559,80,17,131,88,11,2,0,1,0,1,1,0
0,5,2222,598,830,386,408,80,143,56,73,0,1,0,1,1,0
0,0,1948,559,979,392,18,91,138,47,1,1,1,0,1,0,0
0,0,4858,2270,1687,394,507,330,211,53,53,0,1,0,1,1,0
0,3,2106,0,1458,648,0,0,187,84,0,1,0,0,0,0,0
0,5,2737,310,962,963,502,53,147,127,85,0,1,0,1,0,0
0,6,481,0,122,359,0,0,15,51,0,0,0,0,0,0,0
0,3,1760,1364,112,284,0,192,10,35,0,0,1,0,1,1,0
0,4,126,0,103,23,0,0,19,3,0,0,0,0,0,0,0
0,2,586,53,384,130,19,10,34,18,3,0,1,0,1,1,0
0,2,586,53,384,130,19,10,34,18,3,0,1,0,1,1,0
0,0,2838,683,917,772,466,124,123,121,62,1,1,0,1,0,0
0,0,2879,538,1622,413,306,72,235,68,48,0,1,0,1,1,0
0,3,1880,1545,248,87,0,226,38,7,0,0,1,0,1,0,0
0,1,784,0,508,114,162,0,60,15,22,1,0,0,0,0,0
0,2,1787,142,1504,141,0,16,201,17,0,1,1,0,1,0,0
0,4,1826,134,800,614,278,20,98,71,38,0,1,0,1,0,0
0,2,586,53,384,130,19,10,34,18,3,0,1,0,1,1,0
0,1,2642,684,1244,714,0,86,153,86,0,0,1,0,1,0,0
0,0,2137,559,1094,455,29,91,144,59,3,0,1,0,1,0,0
0,1,2696,684,1150,862,0,86,150,103,0,0,1,0,1,0,0
0,5,1258,556,514,122,66,90,78,14,8,0,1,0,1,0,0
0,7,3932,1410,2522,0,0,215,385,0,0,0,1,0,1,0,0
0,0,4553,614,1879,1148,912,85,214,125,116,0,1,0,1,0,0
0,2,1310,364,946,0,0,61,143,0,0,1,1,0,1,0,0
0,5,6071,2388,1963,407,1313,361,252,48,203,0,1,0,1,1,0
0,1,3364,807,346,2211,0,112,55,270,0,0,1,0,1,0,0
0,1,2441,684,1079,678,0,86,135,86,0,0,1,0,1,0,0
0,1,2555,684,1180,691,0,86,150,81,0,0,1,0,1,0,0
0,0,2016,134,1152,347,383,20,177,47,51,0,1,0,1,0,0
0,5,2079,598,882,330,269,80,145,46,48,0,1,0,1,1,0
0,3,2167,364,141,1662,0,52,24,224,0,0,1,0,1,0,0
0,2,1900,0,819,1018,63,0,123,137,7,0,0,0,1,1,0
0,5,3232,1014,1830,388,0,167,278,53,0,0,1,0,1,1,0
0,2,2412,0,1570,842,0,0,207,96,0,0,0,0,0,1,0
0,2,586,53,384,130,19,10,34,18,3,0,1,0,1,1,0
0,5,1214,672,542,0,0,96,75,0,0,0,1,0,1,1,0
0,2,4007,779,2290,938,0,134,364,160,0,0,1,0,1,1,0
0,7,2184,355,1829,0,0,58,307,0,0,0,1,0,1,1,0
0,1,2446,684,979,783,0,86,149,95,0,0,1,0,1,0,0
0,1,3288,643,2046,453,146,99,340,61,19,0,1,0,1,1,0
0,3,2372,0,2372,0,0,0,339,0,0,0,0,0,0,0,0
0,2,1737,441,795,298,203,74,112,37,28,0,1,0,1,1,0
0,1,3251,684,1904,663,0,86,245,84,0,0,1,0,1,0,0
0,8,3623,0,3623,0,0,0,507,0,0,0,0,0,0,0,0
0,2,477,0,408,69,0,0,65,11,0,1,0,0,0,0,0
0,2,583,53,381,130,19,10,33,18,3,0,1,0,1,1,0
0,3,255,0,135,60,60,0,26,9,8,0,0,0,0,0,0
0,6,1915,598,887,430,0,80,129,53,0,0,1,0,1,1,0
0,3,2592,865,1727,0,0,124,222,0,0,0,1,0,1,0,0
0,1,4021,684,2486,851,0,86,336,98,0,0,1,0,1,0,0
0,0,2168,558,774,6,830,84,119,1,109,1,1,0,1,0,0
0,1,2591,684,1220,687,0,86,150,85,0,0,1,0,1,0,0
0,0,2313,133,707,1379,94,19,112,175,15,0,1,0,1,0,0
0,3,4962,1014,3632,316,0,167,500,38,0,0,1,0,1,1,0
0,0,2722,651,1104,633,334,107,151,90,44,0,1,0,1,1,0
0,6,2252,755,820,677,0,104,118,89,0,0,1,1,1,0,0
0,5,2021,364,473,1073,111,52,93,174,19,0,1,1,1,0,0
0,1,2575,1264,826,485,0,216,113,64,0,0,1,0,1,0,0
0,1,321,0,142,129,50,0,23,18,4,1,0,0,1,0,0
0,1,2657,684,1259,714,0,86,154,86,0,0,1,0,1,0,0
0,4,4502,228,2465,1809,0,32,324,230,0,0,1,0,0,0,0
0,1,1718,829,828,44,17,131,115,6,2,0,1,0,1,1,0
0,0,3176,1247,868,444,617,216,131,58,82,0,1,0,1,1,0
0,0,3738,1376,1310,706,346,165,184,97,46,0,1,0,1,1,0
0,0,8547,2676,2344,3259,268,392,176,163,32,0,1,0,1,1,0
0,2,597,0,352,245,0,0,54,39,0,1,0,0,0,0,1
0,5,1415,228,1187,0,0,32,149,0,0,0,1,0,0,0,0
0,1,2657,684,1259,714,0,86,154,86,0,0,1,0,1,0,0
0,1,2619,684,1221,714,0,86,150,86,0,0,1,0,1,0,0
0,0,2521,606,1448,341,126,90,207,38,17,0,1,0,1,1,0
0,1,3692,684,1930,1078,0,86,256,134,0,0,1,0,1,0,0
0,6,2686,643,2043,0,0,99,339,0,0,0,1,0,1,0,0
0,1,167,9,145,0,13,2,22,0,2,1,1,1,1,0,0
0,5,2946,702,647,800,797,110,109,92,116,0,1,0,1,0,0
0,3,560,0,560,0,0,0,81,0,0,1,0,1,0,0,0
0,2,583,53,381,130,19,10,33,18,3,0,1,0,1,1,0
0,0,3816,536,1965,841,474,88,291,119,82,0,1,0,1,0,0
0,0,1799,606,731,378,84,90,98,52,12,0,1,0,1,1,0
0,2,571,236,335,0,0,35,46,0,0,0,1,0,1,0,0
0,1,2615,684,1217,714,0,86,150,86,0,0,1,0,1,0,0
0,2,583,53,381,130,19,10,33,18,3,0,1,0,1,1,0
0,1,2948,684,1564,700,0,86,213,83,0,0,1,0,1,0,0
0,2,1552,0,1396,79,77,0,209,8,9,0,0,0,0,0,0
0,2,4170,702,1918,914,636,110,268,127,87,0,1,0,1,0,0
0,2,583,53,381,130,19,10,33,18,3,0,1,0,1,1,0
0,1,1061,924,121,16,0,129,16,3,0,0,1,0,0,1,0
0,5,1683,829,854,0,0,131,134,0,0,0,1,0,1,0,0
0,0,2784,1270,274,836,404,190,39,90,50,0,1,0,1,1,0
0,5,4236,1251,873,168,1944,201,108,22,278,0,1,0,1,0,0
0,2,2492,463,1246,534,249,67,174,67,37,0,1,0,1,0,0
0,8,191,0,191,0,0,0,28,0,0,0,0,0,0,0,0
0,0,1905,829,1020,34,22,131,142,5,3,0,1,0,1,1,0
0,0,2795,1264,988,386,157,216,134,47,21,0,1,0,1,0,0
0,2,554,53,332,150,19,10,28,20,3,0,1,0,1,0,0
0,6,1938,693,962,283,0,115,155,39,0,0,1,0,1,0,0
0,7,1544,1369,175,0,0,218,24,0,0,0,1,1,1,0,0
0,4,2444,310,1398,416,320,53,221,58,50,0,1,0,1,1,0
1,2,4341,0,1447,1447,1447,0,217,217,217,1,0,1,0,0,0
0,0,1555,829,665,44,17,131,103,6,2,0,1,0,1,1,0
0,0,2610,275,503,1509,323,39,77,219,47,1,1,0,1,1,0
0,1,3942,684,2294,964,0,86,299,110,0,0,1,0,1,0,0
0,1,3386,0,1478,787,1121,0,203,90,139,0,0,0,1,1,0
0,0,1663,568,810,164,121,105,140,24,21,1,1,0,1,0,0
0,7,755,380,375,0,0,64,49,0,0,0,1,0,1,1,0
0,0,4042,878,1174,553,1437,134,173,83,221,0,1,0,1,1,0
0,3,4987,2636,1142,1209,0,421,162,156,0,0,1,0,1,1,0
0,2,583,53,381,130,19,10,33,18,3,0,1,0,1,1,0
0,7,981,380,601,0,0,64,87,0,0,0,1,0,1,1,0
0,2,2590,0,839,1604,147,0,96,214,22,1,0,0,0,1,0
0,6,2133,0,2133,0,0,0,234,0,0,0,0,0,0,0,1
1,5,3399,564,2236,599,0,79,343,82,0,0,1,0,1,0,0
0,2,3969,1628,2328,0,13,207,304,0,2,1,1,0,1,1,0
0,3,558,0,558,0,0,0,82,0,0,1,0,1,0,0,0
0,5,4651,1576,147,2928,0,243,18,390,0,0,1,0,1,1,0
0,0,3706,2790,362,449,105,370,44,47,9,0,1,0,1,1,0
0,2,639,236,403,0,0,35,62,0,0,0,1,0,1,0,0
0,0,2462,1133,827,331,171,171,123,51,23,1,1,0,1,1,0
0,0,474,53,244,158,19,10,35,21,3,0,1,0,1,1,0
0,1,2938,684,1543,711,0,86,203,103,0,0,1,0,1,0,0
0,1,2396,323,1118,699,256,48,168,92,29,0,1,0,1,1,0
0,1,2443,132,973,1338,0,24,131,171,0,0,1,0,1,1,0
0,4,408,0,301,107,0,0,30,16,0,0,0,0,0,1,0
0,2,2598,0,418,2180,0,0,67,275,0,0,0,0,0,0,0
0,2,583,53,381,130,19,10,33,18,3,0,1,0,1,1,0
0,1,3701,684,1831,1186,0,86,239,174,0,0,1,0,1,0,0
0,7,335,229,106,0,0,33,17,0,0,0,1,1,1,0,0
0,1,3379,479,2472,428,0,63,302,58,0,0,1,0,1,1,0
0,0,474,53,244,158,19,10,35,21,3,0,1,0,1,1,0
0,1,528,233,205,90,0,33,24,8,0,0,1,0,1,1,0
0,2,923,522,401,0,0,95,68,0,0,0,1,0,1,1,0
0,8,413,0,413,0,0,0,66,0,0,0,0,0,0,0,0
0,0,2545,275,1603,438,229,39,217,61,29,1,1,0,1,1,0
0,0,2148,422,625,807,294,53,90,97,40,1,1,0,1,1,0
0,1,2758,684,1218,856,0,86,150,110,0,0,1,0,1,0,0
0,4,856,0,820,0,36,0,130,0,8,0,0,0,0,0,0
0,3,7480,2676,2644,1920,240,392,233,250,36,0,1,0,1,1,0
0,4,2380,803,1577,0,0,105,236,0,0,0,1,0,1,0,0
0,1,2781,684,1256,841,0,86,154,102,0,0,1,0,1,0,0
0,1,3448,890,932,1002,624,141,141,155,83,0,1,0,1,1,0
0,1,3193,684,1959,550,0,86,269,68,0,0,1,0,1,0,0
0,2,583,53,381,130,19,10,33,18,3,0,1,0,1,1,0
0,2,583,53,381,130,19,10,33,18,3,0,1,0,1,1,0
0,0,3063,579,626,1368,490,87,97,182,55,0,1,0,1,1,0
0,0,4795,1251,717,676,2151,201,120,90,307,1,1,0,1,0,0
0,1,8973,0,2654,6209,110,0,375,858,18,0,0,0,0,0,0
0,0,6695,1099,3628,1156,812,147,552,144,67,0,1,0,1,1,1
0,1,3302,812,702,1721,67,131,113,243,6,0,1,0,1,1,0
0,0,474,53,244,158,19,10,35,21,3,0,1,0,1,1,0
0,2,583,53,381,130,19,10,33,18,3,0,1,0,1,1,0
0,0,2314,651,813,379,471,100,111,59,69,0,1,0,1,1,0
0,3,4648,0,4433,0,215,0,646,0,36,0,0,0,0,0,0
0,6,3957,627,1374,1956,0,111,219,276,0,0,1,0,1,0,0
0,1,2488,684,1090,714,0,86,140,86,0,0,1,0,1,0,0
1,1,2653,0,1986,211,456,0,347,32,61,1,0,0,0,1,0
0,1,2608,684,1210,714,0,86,162,86,0,0,1,0,1,0,0
0,4,4073,2636,924,513,0,421,125,60,0,0,1,0,1,1,0
0,6,2378,0,2378,0,0,0,291,0,0,0,0,0,0,0,1
0,1,2755,361,1239,1155,0,57,178,134,0,0,1,0,1,1,0
0,2,2870,620,928,557,765,102,148,88,127,0,1,0,0,1,0
0,2,583,53,381,130,19,10,33,18,3,0,1,0,1,1,0
0,2,3774,342,3029,84,319,47,462,13,48,0,1,0,1,1,0
0,0,2981,281,688,2009,3,33,88,243,1,0,1,0,1,1,0
0,5,4847,1110,2045,350,1342,158,293,47,196,0,1,0,1,1,0
0,6,512,175,286,0,51,29,41,0,4,0,1,0,1,1,0
0,2,583,53,381,130,19,10,33,18,3,0,1,0,1,1,0
0,2,586,53,384,130,19,10,34,18,3,0,1,0,1,1,0
0,1,2573,509,1289,609,166,79,188,79,19,0,1,0,1,0,0
0,5,2464,310,817,1279,58,53,134,181,6,0,1,0,1,0,0
0,2,586,53,384,130,19,10,34,18,3,0,1,0,1,1,0
0,0,2108,729,887,172,320,109,149,28,38,0,1,0,1,1,0
0,1,2867,684,1504,679,0,86,185,86,0,0,1,0,1,0,0
0,4,3519,1879,682,958,0,222,79,116,0,0,1,0,1,0,0
0,1,3194,987,733,1248,226,158,113,134,28,0,1,0,1,1,0
0,1,2740,684,1342,714,0,86,163,86,0,0,1,0,1,0,0
0,1,3253,684,1835,734,0,86,237,84,0,0,1,0,1,0,0
0,2,3306,415,1796,857,238,54,244,110,36,0,1,0,1,0,1
0,1,4482,684,2633,1165,0,86,370,140,0,0,1,0,1,0,0
0,5,2933,747,1769,0,417,125,266,0,57,0,1,0,1,1,0
0,2,3030,741,1371,918,0,114,189,108,0,0,1,0,1,1,1
0,1,3017,606,1570,589,252,86,214,68,26,0,1,0,1,0,0
0,0,1987,471,999,309,208,82,141,48,28,1,1,0,1,1,0
0,7,3115,1511,1604,0,0,248,241,0,0,0,1,0,1,0,0
0,2,3035,879,1671,485,0,141,223,67,0,0,1,0,1,1,0
0,1,1520,829,604,70,17,131,89,10,2,0,1,0,1,1,0
0,0,3031,570,1754,691,16,77,265,98,3,1,1,0,1,1,0
0,1,3974,660,754,2255,305,112,113,333,43,0,1,0,1,0,0
0,3,3522,702,1282,913,625,110,176,126,86,0,1,0,1,0,0
0,5,3408,821,2374,108,105,133,144,15,12,0,1,0,1,1,0
0,1,2618,684,1220,714,0,86,150,86,0,0,1,0,1,0,0
0,1,1542,829,626,70,17,131,93,10,2,0,1,0,1,1,0
0,3,596,0,596,0,0,0,81,0,0,0,0,0,1,1,0
0,5,2946,702,647,800,797,110,109,92,116,0,1,0,1,0,0
0,5,875,228,647,0,0,32,85,0,0,0,1,0,0,0,0
0,3,942,0,546,396,0,0,69,35,0,0,0,0,0,0,0
0,2,583,53,381,130,19,10,33,18,3,0,1,0,1,1,0
0,1,3984,684,1972,1328,0,86,271,166,0,0,1,0,1,0,0
0,2,3485,1025,951,755,754,148,125,92,96,0,1,0,1,0,0
1,2,2587,0,2474,0,113,0,284,0,11,1,0,0,0,0,0
0,0,3348,1149,1051,928,220,160,137,127,30,0,1,0,1,0,0
0,0,1271,237,506,296,232,34,80,37,34,0,1,0,1,1,0
0,0,3027,764,807,339,1117,77,105,43,177,1,1,0,1,1,1
0,0,4288,614,1943,820,911,85,223,100,115,0,1,0,1,0,0
0,5,5127,1594,3533,0,0,270,566,0,0,0,1,0,1,1,0
0,2,1222,0,585,306,331,0,91,46,53,1,0,0,0,0,0
0,0,3075,487,1180,1013,395,67,161,143,49,0,1,0,1,0,0
0,0,1179,307,531,199,142,38,82,23,19,1,1,0,1,1,0
0,1,4479,1407,2440,555,77,242,345,80,10,0,1,0,1,1,0
0,0,1419,505,538,208,168,79,79,28,22,0,1,0,1,1,0
0,0,2672,717,1211,278,466,120,173,43,67,0,1,0,1,1,0
0,0,2041,307,1295,374,65,38,168,54,7,0,1,0,1,1,0
0,6,1996,350,993,653,0,53,149,76,0,0,1,0,1,1,0
0,2,3714,560,3154,0,0,87,389,0,0,0,1,0,1,0,0
0,5,2277,228,2049,0,0,32,264,0,0,0,1,0,0,0,0
0,1,2254,439,977,838,0,78,147,132,0,1,1,0,1,0,0
0,1,2057,463,660,398,536,77,111,67,83,0,1,0,1,1,0
0,5,1023,228,795,0,0,32,106,0,0,0,1,0,0,0,0
0,7,3317,684,2633,0,0,108,344,0,0,0,1,0,1,0,0
0,1,2809,1309,964,536,0,152,120,64,0,0,1,0,1,0,0
0,0,2403,511,1031,467,394,89,155,48,58,1,1,0,1,0,0
0,6,1809,89,1248,472,0,13,178,53,0,0,1,0,1,0,0
0,1,3267,1091,1890,286,0,175,306,35,0,0,1,0,1,1,0
0,2,586,53,384,130,19,10,34,18,3,0,1,0,1,1,0
0,0,3273,1341,859,653,420,199,115,89,61,0,1,0,1,1,0
0,0,2560,820,675,566,499,129,108,92,91,0,1,0,1,0,0
0,0,562,53,332,158,19,10,27,21,3,0,1,0,1,1,0
0,1,2984,684,1708,592,0,86,243,72,0,0,1,0,1,0,0
0,1,3185,753,1101,1236,95,121,160,149,10,0,1,0,1,0,0
0,3,871,175,597,0,99,29,89,0,10,0,1,0,1,1,0
0,1,2222,310,1246,599,67,44,186,79,6,1,1,0,1,0,0
0,3,4698,702,1623,1261,1112,110,239,177,157,0,1,0,1,0,0
0,0,1535,829,619,70,17,131,95,10,2,0,1,0,1,1,0
0,0,3108,726,1009,477,896,83,146,63,116,0,1,0,1,0,0
1,3,1016,0,1016,0,0,0,128,0,0,0,0,0,0,0,0
0,2,3388,1099,1371,918,0,147,189,108,0,0,1,0,1,1,1
0,3,3141,755,2386,0,0,118,350,0,0,0,1,0,1,0,0
0,3,4604,702,2197,1064,641,110,338,181,94,0,1,0,1,0,0
0,0,3094,646,1074,818,556,115,176,106,88,0,1,0,1,0,0
0,1,4131,684,2151,1296,0,86,296,167,0,0,1,0,1,0,0
1,1,3745,0,2998,109,638,0,445,19,100,1,0,0,0,0,0
0,7,1534,829,705,0,0,131,98,0,0,0,1,0,1,0,0
0,3,4698,702,1623,1261,1112,110,239,177,157,0,1,0,1,0,0
0,0,5425,614,2600,1429,782,85,346,176,97,0,1,0,1,0,0
0,7,3170,684,2486,0,0,108,338,0,0,0,1,0,1,0,0
0,2,583,53,381,130,19,10,33,18,3,0,1,0,1,1,0
0,8,1400,0,1400,0,0,0,186,0,0,0,0,0,1,0,0
0,2,3456,2790,444,222,0,370,55,29,0,0,1,0,1,0,0
0,1,2793,684,1395,714,0,86,180,86,0,0,1,0,1,0,0
0,2,2530,643,1309,578,0,99,180,83,0,1,1,0,1,0,0
0,1,3627,684,2521,422,0,86,363,47,0,0,1,0,1,0,0
0,6,2716,0,2487,229,0,0,295,34,0,0,0,0,0,0,0
0,1,643,0,545,62,36,0,90,6,6,0,0,0,0,1,0
0,1,2618,684,1220,714,0,86,150,86,0,0,1,0,1,0,0
0,6,4998,1100,3891,0,7,180,617,0,2,0,1,0,1,1,0
0,2,1426,352,438,636,0,52,66,67,0,0,1,0,1,1,0
0,7,787,493,294,0,0,77,53,0,0,0,1,0,1,0,0
0,5,3471,1179,1323,636,333,199,194,77,51,0,1,0,1,0,0
0,0,1341,600,388,246,107,72,66,29,11,0,1,0,1,1,0
0,1,2197,684,798,715,0,86,130,86,0,0,1,0,1,0,0
0,5,1831,1099,281,355,96,162,36,39,11,0,1,0,1,0,0
0,4,2547,1481,1066,0,0,264,174,0,0,0,1,0,1,0,0
0,2,5768,470,5298,0,0,59,665,0,0,0,1,0,1,0,0
0,2,583,53,381,130,19,10,33,18,3,0,1,0,1,1,0
0,0,2295,408,1106,651,130,53,159,86,20,1,1,0,1,1,0
0,1,3043,1344,927,772,0,222,135,109,0,0,1,0,1,0,0
0,2,583,53,381,130,19,10,33,18,3,0,1,0,1,1,0
0,4,3039,651,1422,448,518,107,193,57,65,0,1,0,1,0,0
0,1,2749,1408,308,1033,0,205,54,125,0,0,1,0,1,0,0
0,5,4900,1100,3769,9,22,180,584,2,4,0,1,0,1,1,0
0,2,583,53,381,130,19,10,33,18,3,0,1,0,1,1,0
0,2,583,53,381,130,19,10,33,18,3,0,1,0,1,1,0
0,2,3143,702,1293,914,234,110,177,127,27,0,1,0,1,0,0
0,0,1857,829,855,88,85,131,158,10,10,1,1,0,1,1,0
0,3,2902,651,1297,954,0,107,179,134,0,0,1,0,1,0,0
0,2,583,53,381,130,19,10,33,18,3,0,1,0,1,1,0
0,2,583,53,381,130,19,10,33,18,3,0,1,0,1,1,0
0,0,3724,726,1638,458,902,83,223,65,118,0,1,0,1,0,0
0,5,4471,228,2918,1325,0,32,364,169,0,0,1,0,0,0,0
0,0,3070,746,1501,484,339,127,233,75,47,0,1,0,1,1,0
0,2,583,53,381,130,19,10,33,18,3,0,1,0,1,1,0
0,1,1118,512,221,385,0,73,34,68,0,1,1,0,1,1,0
0,1,2253,684,883,686,0,86,114,96,0,0,1,0,1,0,0
0,1,2048,228,420,1400,0,32,63,197,0,0,1,0,0,0,0
0,0,3907,384,1130,2038,355,49,166,274,55,1,1,0,1,0,0
1,0,2742,229,1338,973,202,38,231,130,29,0,1,0,1,1,0
0,2,583,53,381,130,19,10,33,18,3,0,1,0,1,1,0
0,3,65,0,65,0,0,0,12,0,0,0,0,0,0,0,0
0,2,3350,649,756,1945,0,98,114,233,0,0,1,0,1,0,0
0,1,3030,1073,1247,710,0,154,170,95,0,0,1,0,1,0,0
0,0,2869,1091,1251,359,168,175,191,48,26,0,1,0,1,1,0
0,1,2475,536,1511,157,271,88,243,15,44,0,1,0,1,1,0
0,1,3302,0,1486,1775,41,0,202,207,4,0,0,0,0,0,0
0,0,6716,1402,3185,1892,237,182,419,232,41,0,1,0,1,0,0
0,0,7356,145,4434,2586,191,22,579,335,31,0,1,0,1,1,0
0,2,3099,0,1971,1128,0,0,330,143,0,0,0,0,0,1,0
0,6,1056,228,828,0,0,32,104,0,0,0,1,0,0,0,0
0,0,5471,2206,1869,748,648,350,265,86,103,1,1,0,1,0,0
1,3,6405,335,6070,0,0,66,1151,0,0,0,1,0,0,0,0
0,3,1296,324,179,469,324,47,28,60,47,0,1,0,1,0,0
0,0,5425,614,2600,1429,782,85,346,176,97,0,1,0,1,0,0
0,5,2946,702,647,800,797,110,109,92,116,0,1,0,1,0,0
0,0,3176,570,1565,755,286,77,217,103,47,0,1,0,1,1,0
0,4,1491,0,929,504,58,0,123,51,7,0,0,0,0,0,0
0,4,3009,1970,1039,0,0,312,162,0,0,0,1,0,1,0,0
0,7,3806,684,3122,0,0,108,432,0,0,0,1,0,1,0,0
0,1,2177,684,770,723,0,86,102,92,0,0,1,0,1,0,0
1,0,1361,559,134,253,415,79,16,29,42,0,1,0,1,1,0
0,3,683,0,683,0,0,0,88,0,0,1,0,0,0,0,0
0,1,2623,684,1225,714,0,86,152,86,0,0,1,0,1,0,0
0,3,4604,702,2197,1064,641,110,338,181,94,0,1,0,1,0,0
0,1,3322,684,1561,1077,0,86,211,132,0,0,1,0,1,0,0
0,1,1085,142,821,122,0,16,116,16,0,1,1,0,1,0,0
0,2,583,53,381,130,19,10,33,18,3,0,1,0,1,1,0
0,0,5297,1016,926,2532,823,130,133,300,91,1,1,0,1,1,1
0,1,3930,560,2198,1172,0,98,352,136,0,0,1,0,1,1,0
0,2,583,53,381,130,19,10,33,18,3,0,1,0,1,1,0
0,1,2738,613,1207,665,253,90,194,87,30,0,1,0,1,0,0
0,3,799,0,799,0,0,0,114,0,0,0,0,0,0,1,0
0,1,2778,1021,722,783,252,183,95,103,26,1,1,0,1,0,0
0,1,3030,684,1517,829,0,86,200,92,0,0,1,0,1,0,0
0,2,583,53,381,130,19,10,33,18,3,0,1,0,1,1,0
0,1,1535,829,619,70,17,131,97,10,2,0,1,0,1,1,0
0,2,4785,589,4196,0,0,80,595,0,0,1,1,1,1,0,0
0,7,3244,188,3056,0,0,25,418,0,0,0,1,0,1,0,0
0,2,1465,471,639,165,190,82,82,21,30,0,1,0,1,0,0
0,0,2472,729,1035,471,237,109,176,63,27,0,1,0,1,1,0
0,1,2565,263,414,703,1185,38,68,84,188,1,1,0,1,0,0
0,0,4342,975,2165,1035,167,147,315,129,21,1,1,0,1,0,0
0,2,583,53,381,130,19,10,33,18,3,0,1,0,1,1,0
0,1,4772,1481,1951,1340,0,264,302,194,0,0,1,0,1,0,0
0,0,3215,554,1099,976,586,88,147,129,98,0,1,0,1,1,0
0,5,5620,1576,230,3814,0,243,36,523,0,0,1,0,1,1,0
0,0,2808,433,1299,426,650,63,202,63,101,1,1,0,1,1,0
0,0,4526,1239,2032,866,389,110,269,95,52,0,1,0,1,0,0
0,0,2274,720,756,769,29,126,106,81,5,0,1,0,1,1,0
0,1,1878,364,1263,251,0,61,168,34,0,0,1,0,1,1,0
0,5,3073,0,1518,1365,190,0,206,225,19,1,0,0,0,0,0
0,0,3090,748,1659,504,179,116,203,64,23,0,1,0,1,1,0
0,4,1975,0,868,633,474,0,109,78,66,0,0,0,0,0,0
0,1,1723,858,640,225,0,159,99,31,0,0,1,0,1,1,0
0,1,1192,0,707,409,76,0,85,50,12,1,0,0,0,1,0
0,5,3366,321,1464,1254,327,45,197,151,40,0,1,0,1,1,0
0,5,1471,228,1243,0,0,32,176,0,0,0,1,0,0,0,0
0,0,3445,91,1709,844,801,12,243,130,133,1,1,0,1,1,0
0,7,1646,866,780,0,0,123,131,0,0,0,1,0,1,0,0
0,1,1786,463,660,398,265,77,111,67,41,0,1,0,1,1,0
0,0,3788,295,1323,1861,309,43,215,293,46,0,1,0,1,0,0
0,6,3477,2021,370,1086,0,294,56,138,0,0,1,0,1,0,0
0,0,1925,1043,424,325,133,175,72,63,26,1,1,0,1,0,0
0,0,3919,1043,1293,840,743,175,201,123,105,1,1,0,1,1,0
0,6,1102,228,874,0,0,32,125,0,0,0,1,0,0,0,0
0,4,1202,0,1202,0,0,0,147,0,0,1,0,0,1,0,0
0,1,3760,799,1960,711,290,115,276,93,45,0,1,0,1,1,0
0,0,4296,1147,524,846,1779,170,79,126,282,1,1,0,1,1,0
0,1,2370,885,1204,281,0,141,167,35,0,0,1,0,1,1,0
0,5,2810,536,1709,546,19,92,260,74,2,0,1,0,1,1,0
0,0,2945,403,1589,609,344,55,233,77,55,0,1,0,1,0,0
0,1,3385,684,1571,1130,0,86,200,136,0,0,1,0,1,0,0
0,1,2834,684,1177,973,0,86,159,126,0,0,1,0,1,0,0
0,3,1853,651,469,375,358,107,59,46,50,0,1,0,1,1,0
0,0,4067,1049,1103,1557,358,151,135,187,51,0,1,0,1,1,0
0,3,1239,0,713,526,0,0,103,84,0,0,0,0,0,0,0
0,8,613,0,613,0,0,0,83,0,0,0,0,0,0,0,0
0,6,388,0,254,99,35,0,41,12,5,0,0,0,0,1,0
0,3,4004,2790,910,108,196,370,132,13,34,0,1,0,1,0,0
0,2,3715,2021,608,1086,0,294,100,138,0,0,1,0,1,1,0
0,0,5052,614,2136,1401,901,85,268,190,113,0,1,0,1,0,0
0,6,1741,0,1357,378,6,0,214,51,1,0,0,0,0,0,0
0,1,3013,684,1614,715,0,86,231,86,0,0,1,0,1,0,0
0,8,450,0,450,0,0,0,71,0,0,0,0,0,0,0,0
0,3,852,228,271,271,82,32,31,31,11,0,1,0,0,0,0
1,0,2191,803,542,582,264,105,85,86,37,0,1,0,1,0,0
0,0,820,236,349,217,18,35,51,38,2,0,1,0,1,0,0
0,1,1554,829,639,70,16,131,97,10,2,0,1,0,1,1,0
0,1,4411,684,2551,1176,0,86,335,145,0,0,1,0,1,0,0
0,2,947,426,233,109,179,58,33,18,20,0,1,0,1,0,0
0,2,583,53,381,130,19,10,33,18,3,0,1,0,1,1,0
0,6,1767,230,1537,0,0,36,247,0,0,0,1,0,1,0,0
0,0,4469,694,2852,772,151,105,423,104,19,0,1,0,1,0,0
0,4,3867,0,2551,1316,0,0,389,191,0,0,0,0,0,0,0
0,1,4061,2019,1135,768,139,311,179,122,17,0,1,0,1,1,0
0,8,3077,0,3077,0,0,0,429,0,0,0,0,0,0,0,0
0,2,583,53,381,130,19,10,33,18,3,0,1,0,1,1,0
0,2,171,0,125,46,0,0,17,3,0,1,0,0,1,0,0
0,2,583,53,381,130,19,10,33,18,3,0,1,0,1,1,0
0,0,3078,1016,625,337,1100,130,78,42,164,1,1,0,1,1,1
0,2,586,53,384,130,19,10,34,18,3,0,1,0,1,0,0
0,0,3321,1016,1245,641,419,130,171,81,57,0,1,0,1,1,1
0,7,990,879,111,0,0,141,8,0,0,0,1,0,1,0,0
0,5,6576,776,4460,1081,259,77,602,158,43,0,1,0,1,0,1
0,2,554,53,332,150,19,10,28,20,3,0,1,0,1,0,0
0,3,3428,610,813,580,1425,87,125,80,211,1,1,0,1,1,0
0,0,4738,614,2236,976,912,85,265,102,116,0,1,0,1,0,0
0,1,4108,0,3261,609,238,0,415,71,31,0,0,0,0,1,0
0,0,1996,420,986,220,370,68,141,28,55,0,1,0,1,0,0
0,2,562,53,332,158,19,10,28,21,3,0,1,0,1,0,0
0,1,914,0,704,153,57,0,96,18,7,1,0,0,0,1,0
0,2,562,53,332,158,19,10,28,21,3,0,1,0,1,0,0
0,0,3263,776,1429,653,405,77,198,84,54,0,1,0,1,1,1
0,1,4230,684,2789,757,0,86,348,92,0,0,1,0,1,0,0
0,3,2143,798,1345,0,0,131,168,0,0,0,1,0,1,1,0
0,2,620,53,332,216,19,10,28,32,3,0,1,0,1,0,0
0,3,984,0,984,0,0,0,166,0,0,0,0,0,1,0,0
0,0,3258,660,552,1740,306,112,81,264,42,0,1,0,1,0,0
0,8,5880,0,5880,0,0,0,888,0,0,0,0,0,0,0,0
0,1,2704,683,918,654,449,124,124,87,63,1,1,0,1,0,0
0,2,2488,529,1645,0,314,80,246,0,34,0,1,0,1,0,0
1,5,890,103,437,350,0,17,70,48,0,0,1,0,1,0,0
0,0,3368,708,1229,242,1189,114,171,34,174,0,1,0,1,1,0
0,2,554,53,332,150,19,10,28,20,3,0,1,0,1,0,0
0,2,554,53,332,150,19,10,28,20,3,0,1,0,1,0,0
0,4,4529,601,3032,896,0,91,436,112,0,0,1,0,1,1,0
0,2,3561,1491,2070,0,0,235,332,0,0,1,1,0,1,0,0
0,0,3434,769,1283,570,812,112,174,76,116,0,1,0,1,1,0
1,0,1646,198,1156,217,75,26,176,34,12,1,1,1,1,1,0
0,4,2486,769,833,0,884,112,131,0,125,0,1,0,1,0,0
0,0,2535,392,1323,700,120,61,165,85,10,1,1,0,1,1,1
0,0,4868,688,2333,1622,225,111,334,226,35,1,1,0,1,1,0
0,0,1733,392,809,456,76,61,103,61,10,1,1,0,1,1,1
0,1,1722,761,800,161,0,103,76,16,0,1,1,0,1,1,0
0,0,3601,1208,1400,882,111,155,214,127,17,0,1,0,1,1,0
0,1,1209,0,672,472,65,0,83,46,6,0,0,0,0,1,0
0,1,3052,711,703,1638,0,108,100,196,0,0,1,0,1,1,0
0,2,1263,0,341,739,183,0,47,97,27,0,0,0,0,1,0
0,1,2287,807,240,1240,0,112,36,140,0,0,1,0,1,0,0
0,6,389,0,261,75,53,0,35,11,8,0,0,0,0,1,0
0,4,3087,970,1025,637,455,134,148,94,67,0,1,0,1,1,0
0,8,311,0,311,0,0,0,41,0,0,0,0,0,0,1,0
0,6,2278,704,1140,434,0,116,165,55,0,0,1,0,0,1,0
0,1,2781,588,1174,868,151,89,179,124,17,0,1,0,1,1,0
0,1,3598,704,1657,610,627,107,264,91,109,0,1,0,1,1,0
0,0,2708,365,603,1436,304,50,87,114,45,0,1,0,1,1,0
0,3,3333,343,2306,684,0,56,326,91,0,1,1,0,1,0,1
0,5,2158,225,1574,319,40,33,210,47,5,0,1,0,0,1,0
0,5,2210,885,472,853,0,141,75,122,0,0,1,0,1,1,0
0,5,842,0,415,427,0,0,69,63,0,0,0,0,0,0,0
0,5,1669,0,546,1123,0,0,85,144,0,0,0,0,0,0,0
0,0,2430,588,1081,677,84,89,155,78,9,0,1,0,1,1,0
0,1,244,0,109,56,79,0,11,6,9,0,0,0,0,0,0
0,7,446,0,431,0,15,0,52,0,2,0,0,1,0,1,0
0,1,2716,673,1184,859,0,97,181,123,0,1,1,0,1,1,0
0,2,2097,588,969,456,84,89,144,51,9,0,1,0,1,1,0
0,5,638,332,306,0,0,50,58,0,0,0,1,0,1,1,0
0,1,2569,589,1937,0,43,80,260,0,8,1,1,0,1,1,0
0,3,3048,1298,1750,0,0,203,290,0,0,0,1,0,1,0,0
0,7,1210,0,1210,0,0,0,191,0,0,0,0,0,0,0,0
0,6,928,0,928,0,0,0,111,0,0,0,0,0,1,0,0
0,1,3070,684,1556,830,0,86,204,111,0,0,1,0,1,0,0
0,0,3274,1341,859,653,421,199,115,89,61,0,1,0,1,1,0
0,7,1423,0,964,459,0,0,126,59,0,0,0,0,0,1,0
0,0,1560,340,682,358,180,58,98,50,28,0,1,0,1,1,0
0,7,2290,684,1606,0,0,108,240,0,0,0,1,0,1,0,0
0,1,1195,281,595,319,0,33,83,47,0,1,1,0,1,1,0
0,3,2236,549,996,469,222,87,158,61,32,0,1,0,1,0,0
0,3,871,175,597,0,99,29,89,0,10,0,1,0,1,1,0
0,5,4934,0,4934,0,0,0,542,0,0,0,0,0,0,0,0
0,3,1653,0,1021,110,522,0,142,16,91,0,0,0,1,1,0
0,1,3254,660,1567,725,302,112,238,107,39,0,1,0,1,1,0
0,0,1700,730,623,224,123,116,103,31,15,1,1,0,1,1,0
0,5,2182,617,575,990,0,92,96,147,0,0,1,0,1,1,0
0,3,2168,996,581,386,205,158,86,45,26,1,1,0,1,1,0
0,0,1545,281,908,349,7,33,111,55,2,1,1,0,1,1,0
1,1,2214,0,1884,277,53,0,295,39,8,0,0,0,1,1,0
1,2,2103,0,1973,130,0,0,309,20,0,0,0,0,1,0,0
0,4,5684,0,3074,2610,0,0,276,185,0,0,0,0,0,0,0
0,3,4604,702,2197,1064,641,110,338,181,94,0,1,0,1,0,0
0,1,3040,0,1989,1010,41,0,254,104,3,1,0,0,0,1,0
0,1,2589,589,1188,812,0,80,168,101,0,1,1,0,1,0,0
0,1,687,0,415,196,76,0,67,33,9,0,0,1,0,0,0
0,2,2784,827,837,1120,0,111,116,128,0,0,1,0,1,1,0
0,1,4184,0,2128,1951,105,0,296,269,14,1,0,0,0,0,0
0,1,2512,827,1203,482,0,111,165,62,0,0,1,0,1,1,0
0,5,5655,1576,301,3778,0,243,46,519,0,0,1,0,1,1,0
0,1,1601,0,723,825,53,0,112,136,9,0,0,0,0,0,0
0,3,10458,2676,2917,3510,1355,392,143,209,58,0,1,0,1,1,0
0,1,2093,827,950,316,0,111,142,41,0,0,1,0,1,1,0
0,1,487,0,265,141,81,0,36,20,14,1,0,0,0,0,0
0,2,3628,0,756,2585,287,0,109,326,39,1,0,0,0,1,0
0,2,2563,438,1492,633,0,72,251,88,0,1,1,0,1,1,0
0,0,2319,536,1147,510,126,72,169,65,19,0,1,0,1,1,0
1,0,4155,1944,1009,972,230,278,145,150,29,0,1,0,1,1,0
0,0,4716,473,3394,763,86,70,508,96,13,0,1,0,1,1,0
0,6,171,0,171,0,0,0,25,0,0,0,0,0,0,0,0
0,4,1902,424,893,350,235,70,148,53,45,0,1,0,1,1,0
0,0,1975,315,1010,539,111,41,159,78,16,1,1,0,1,1,0
0,2,2089,310,1159,558,62,53,176,77,8,0,1,0,1,0,0
0,1,2670,0,2237,361,72,0,287,45,10,1,0,0,0,0,0
0,6,2139,460,1267,412,0,76,184,48,0,0,1,0,1,0,0
0,1,3934,778,2892,264,0,130,435,40,0,0,1,0,1,1,0
0,2,1640,1005,431,204,0,175,62,23,0,0,1,0,1,1,0
0,0,3309,330,1673,1088,218,51,247,143,30,0,1,0,1,1,0
0,3,3045,747,2002,0,296,125,269,0,39,0,1,0,1,0,0
0,3,3365,747,2193,0,425,125,314,0,60,0,1,0,1,1,0
0,0,4691,1025,2666,516,484,148,342,66,73,0,1,0,1,1,0
0,0,4259,1025,2383,315,536,148,281,39,81,0,1,0,1,1,0
0,6,1298,228,1070,0,0,32,137,0,0,0,1,0,0,0,0
0,4,1383,0,1383,0,0,0,194,0,0,0,0,0,1,0,0
0,0,4287,613,2181,289,1204,100,367,46,197,0,1,0,1,1,0
0,2,3963,310,2662,991,0,53,403,131,0,0,1,0,1,1,0
0,0,2038,748,911,290,89,116,132,41,10,0,1,0,1,1,0
0,0,4772,1025,2810,522,415,148,354,66,53,0,1,0,1,1,0
1,0,3090,609,616,1713,152,95,96,244,17,0,1,0,0,1,0
0,0,2520,532,1296,649,43,92,172,91,4,1,1,0,1,1,0
0,0,2719,717,1553,177,272,120,197,21,42,0,1,0,1,1,0
0,0,4520,488,3144,399,489,74,432,52,74,0,1,0,1,1,0
0,0,1986,730,903,297,56,116,137,34,7,1,1,0,1,1,0
0,1,2181,505,1258,418,0,79,178,54,0,0,1,0,1,1,0
0,7,844,532,312,0,0,92,55,0,0,0,1,0,1,1,0
0,2,3012,1310,533,1059,110,168,75,118,11,0,1,0,1,1,0
0,2,2931,727,755,1046,403,99,108,148,56,0,1,0,1,1,0
0,1,3821,1099,0,2395,327,147,0,269,18,1,1,0,1,1,1
0,4,2924,885,1416,623,0,141,204,101,0,0,1,1,1,1,0
0,2,3424,649,756,2019,0,98,114,245,0,0,1,0,1,0,0
1,6,910,575,129,206,0,86,20,35,0,0,1,0,1,0,0
0,1,2297,1441,713,143,0,220,98,19,0,0,1,0,1,1,0
0,2,2068,672,351,924,121,97,52,123,16,0,1,0,1,1,0
0,0,4360,657,2069,1328,306,100,285,207,42,0,1,0,1,0,0
0,2,2026,0,729,1107,190,0,113,145,23,1,0,0,0,1,0
0,0,2161,521,348,688,604,64,58,61,86,1,1,0,0,1,0
0,1,4013,1208,2310,290,205,155,331,45,27,0,1,0,1,1,0
0,2,554,53,332,150,19,10,28,20,3,0,1,0,1,0,0
0,0,2833,865,982,775,211,137,149,102,39,1,1,0,1,1,0
0,2,2545,586,1213,195,551,82,184,35,100,0,1,0,1,1,0
0,1,1626,834,310,450,32,127,48,55,5,0,1,0,1,1,0
0,0,2831,630,1159,897,145,102,188,123,18,0,1,0,1,0,0
0,0,2628,589,1355,504,180,80,188,59,26,1,1,0,1,1,0
0,3,636,0,626,0,10,0,75,0,1,0,0,0,0,0,0
0,5,3779,228,1661,1890,0,32,201,237,0,0,1,0,0,0,0
0,1,2767,300,1338,833,296,44,177,109,46,0,1,0,1,1,0
0,5,1173,0,243,930,0,0,37,117,0,0,0,0,0,1,0
0,3,713,244,469,0,0,37,60,0,0,0,1,0,1,0,0
0,1,1153,692,305,156,0,115,46,22,0,0,1,0,1,0,0
0,0,2338,521,966,737,114,64,148,82,19,1,1,0,0,1,0
0,7,1505,0,1161,0,344,0,172,0,57,0,0,0,1,0,0
1,3,902,0,902,0,0,0,119,0,0,0,0,0,0,0,0
0,5,999,0,474,525,0,0,61,65,0,0,0,1,0,0,0
0,2,1268,559,305,404,0,79,43,57,0,0,1,0,1,1,0
0,2,2306,322,1403,581,0,53,210,78,0,0,1,0,1,1,0
0,2,583,53,381,130,19,10,33,18,3,0,1,0,1,1,0
1,1,1534,0,1020,210,304,0,136,33,43,0,0,0,0,1,0
0,2,1033,0,517,516,0,0,82,67,0,0,0,0,0,1,0
0,3,2087,0,539,1548,0,0,83,210,0,0,0,0,0,1,0
1,1,3027,0,222,2669,136,0,32,326,22,1,0,0,0,0,0
0,1,3662,0,2606,1002,54,0,394,134,4,0,0,0,0,1,0
0,0,3248,488,1656,615,489,74,219,77,74,0,1,0,1,1,0
0,0,2067,870,533,394,270,140,87,48,36,1,1,0,1,1,0
0,4,2836,741,1162,652,281,111,183,82,33,0,1,0,1,1,0
0,1,2292,134,859,564,735,20,131,73,107,0,1,0,1,1,0
0,2,2683,0,1712,631,340,0,207,79,48,0,0,0,0,0,0
0,5,2904,0,731,2173,0,0,87,285,0,0,0,0,0,0,0
0,0,3097,250,2748,86,13,30,237,8,2,0,1,0,0,0,0
0,0,2189,527,568,820,274,85,72,111,46,0,1,0,1,1,0
0,1,1854,349,975,530,0,56,149,61,0,0,1,0,1,1,0
0,5,3620,0,2578,912,130,0,385,124,16,1,0,0,0,1,0
0,3,596,0,596,0,0,0,81,0,0,0,0,0,1,1,0
0,1,3078,778,1327,973,0,130,198,142,0,0,1,0,1,1,0
0,0,1572,829,656,70,17,131,94,10,2,0,1,0,1,1,0
1,0,2063,73,810,993,187,13,119,102,23,1,1,0,1,1,0
0,7,1658,1561,97,0,0,227,12,0,0,0,1,0,1,1,0
0,6,1393,310,200,883,0,53,33,119,0,0,1,0,1,1,0
0,3,3741,717,1969,724,331,120,266,93,46,0,1,0,1,1,0
0,1,2469,0,1472,899,98,0,223,149,17,1,0,0,0,1,0
0,0,3304,619,868,1607,210,64,115,199,27,1,1,0,1,1,0
0,1,3649,1419,1733,365,132,206,280,54,22,0,1,0,1,1,0
0,1,2175,544,481,656,494,76,70,84,92,0,1,0,1,1,0
0,1,3068,0,1740,872,456,0,246,105,70,1,0,0,0,1,0
0,1,1594,558,468,224,344,84,59,36,57,0,1,0,1,0,0
0,3,561,0,561,0,0,0,82,0,0,1,0,1,0,0,0
0,1,4289,1208,2351,622,108,155,326,84,17,0,1,0,1,1,0
0,1,4255,1064,1559,1632,0,155,224,229,0,1,1,0,1,1,0
0,4,2101,343,1758,0,0,56,240,0,0,1,1,0,1,0,1
0,2,420,0,361,32,27,0,49,4,4,1,0,0,0,1,0
0,0,3148,1126,783,1096,143,163,102,148,20,0,1,0,1,1,0
0,1,2664,717,1185,296,466,120,170,44,67,0,1,0,1,1,0
0,2,725,0,232,255,238,0,30,41,34,0,0,0,1,0,0
0,6,2884,506,1605,773,0,73,267,113,0,0,1,0,1,1,0
0,0,2348,300,1091,860,97,44,142,100,12,1,1,0,1,1,0
0,0,3321,439,2207,506,169,57,314,61,22,1,1,0,0,0,0
0,2,3117,708,1551,858,0,117,234,119,0,0,1,0,1,1,0
0,2,4745,702,1720,1526,797,110,248,209,116,0,1,0,1,0,0
0,1,522,53,314,136,19,10,23,18,3,0,1,0,1,1,0
0,0,2470,603,1075,429,363,101,148,51,41,0,1,0,1,1,0
0,5,2267,352,1163,752,0,52,163,95,0,0,1,0,1,0,0
0,2,1240,829,395,16,0,131,52,2,0,0,1,0,1,1,0
0,0,5172,1025,2981,610,556,148,370,70,82,0,1,0,1,1,0
0,6,1477,310,262,905,0,53,42,121,0,0,1,0,1,1,0
0,3,375,0,173,202,0,0,26,27,0,0,0,0,0,0,0
0,0,2791,748,1503,401,139,116,205,49,15,0,1,0,1,1,0
0,0,8854,575,3805,2257,2217,97,628,331,384,0,1,0,1,0,0
0,0,4645,1578,1859,892,316,236,267,116,44,0,1,0,1,1,0
0,0,2186,300,538,1251,97,44,64,163,12,0,1,0,1,1,0
0,1,3065,0,867,1346,852,0,129,184,121,1,0,0,1,1,0
0,1,2664,717,1185,296,466,120,170,44,67,0,1,0,1,1,0
0,2,2557,508,1514,235,300,65,230,34,54,0,1,0,1,1,0
0,0,3052,726,859,568,899,83,126,80,119,0,1,0,1,0,0
0,3,2788,592,1948,248,0,89,284,32,0,0,1,0,1,0,0
0,7,1326,958,368,0,0,149,68,0,0,0,1,0,1,0,0
0,0,2502,615,1178,384,325,83,150,44,48,0,1,0,1,1,0
0,6,5822,1208,4419,0,195,155,640,0,26,0,1,0,1,1,0
0,2,1907,0,824,1020,63,0,123,137,7,0,0,0,1,1,0
0,7,289,0,108,181,0,0,16,25,0,0,0,0,0,1,0
0,0,2493,748,1291,186,268,116,178,25,34,0,1,0,1,1,0
0,7,893,0,549,0,344,0,76,0,57,0,0,0,1,1,0
0,0,4176,708,1692,1225,551,117,259,175,80,1,1,0,1,1,0
0,2,8108,2438,228,5407,35,328,31,815,6,0,1,0,1,0,0
0,5,3200,0,3200,0,0,0,535,0,0,0,0,0,0,1,0
0,8,299,0,299,0,0,0,42,0,0,0,0,1,0,0,0
0,0,3295,870,1607,391,427,140,236,46,68,1,1,0,1,1,0
0,1,2239,403,1188,478,170,69,188,67,26,0,1,0,1,1,0
0,2,4746,0,3976,717,53,0,583,101,4,0,0,0,0,1,0
0,6,1312,672,411,229,0,96,65,34,0,0,1,0,1,1,0
0,4,3530,539,2991,0,0,81,420,0,0,0,1,0,1,1,0
0,6,3257,1103,1353,801,0,167,186,96,0,0,1,0,1,0,0
0,1,5513,931,3134,1415,33,142,452,192,3,0,1,0,1,0,0
0,5,4169,0,2055,1773,341,0,260,223,49,0,0,0,0,0,0
0,1,3031,931,1455,612,33,142,216,94,3,0,1,0,1,1,0
0,1,3578,778,2562,238,0,130,377,37,0,0,1,0,1,1,0
0,0,3719,1025,1840,452,402,148,234,59,62,0,1,0,1,1,0
0,7,1259,560,699,0,0,98,113,0,0,0,1,0,1,0,0
0,0,2658,433,1137,406,682,63,174,67,106,0,1,0,1,1,0
0,0,2409,1564,141,683,21,182,15,92,3,1,1,0,1,1,0
0,1,3281,0,1609,1609,63,0,200,200,7,1,0,0,0,1,0
0,8,820,0,820,0,0,0,127,0,0,0,0,0,0,1,0
0,0,2527,300,1777,353,97,44,232,49,12,0,1,0,1,1,0
0,0,2790,758,967,714,351,112,127,88,48,0,1,0,1,1,0
0,3,747,0,434,313,0,0,69,36,0,0,0,0,0,1,0
1,3,2753,1349,869,535,0,206,132,76,0,0,1,0,1,0,0
0,0,2713,603,737,1142,231,101,107,149,29,0,1,0,1,1,0
0,1,2850,684,1395,771,0,86,175,93,0,0,1,0,1,0,0
0,2,6368,29,6339,0,0,3,817,0,0,1,1,0,0,0,0
0,0,1714,758,246,359,351,112,38,46,48,0,1,0,1,1,0
0,0,4448,614,750,2182,902,85,86,258,114,0,1,0,1,0,0
0,6,253,0,253,0,0,0,33,0,0,0,0,0,0,0,0
0,2,2270,267,1523,388,92,49,231,53,14,0,1,0,1,1,0
0,0,3351,975,1326,806,244,147,205,107,35,1,1,0,1,0,0
0,0,2256,711,697,782,66,108,110,96,9,0,1,0,1,1,0
0,0,5251,212,2470,2160,409,33,212,172,53,0,1,0,1,1,0
0,1,1412,1251,74,87,0,201,13,12,0,0,1,0,1,0,0
0,7,931,56,875,0,0,7,128,0,0,0,1,0,1,0,0
0,7,1278,0,1085,193,0,0,177,23,0,0,0,0,1,1,0
0,3,1161,0,1161,0,0,0,156,0,0,1,0,0,0,1,0
1,6,2934,0,2934,0,0,0,433,0,0,0,0,0,0,0,0
0,0,3260,1194,1532,518,16,186,265,91,2,1,1,0,1,0,0
0,2,2672,480,1287,743,162,69,180,105,22,0,1,0,1,0,0
0,7,955,227,728,0,0,35,115,0,0,0,1,0,1,0,0
0,2,1363,0,603,483,277,0,92,61,37,0,0,0,1,1,0
0,1,3046,684,1421,941,0,86,181,105,0,0,1,0,1,0,0
0,0,1940,829,1020,70,21,131,142,9,4,0,1,0,1,1,0
0,2,3411,1247,1688,476,0,192,248,72,0,0,1,0,1,0,0
0,6,1761,955,533,273,0,135,70,30,0,0,1,0,1,1,0
0,2,3959,467,2320,1054,118,64,320,147,15,0,1,0,1,1,0
0,0,2729,644,1355,499,231,78,192,61,30,1,1,0,1,1,0
0,5,1926,228,1698,0,0,32,207,0,0,0,1,0,0,0,0
0,0,3782,1025,1787,434,536,148,216,58,81,0,1,0,1,0,0
0,2,2736,0,488,2248,0,0,78,279,0,1,0,0,0,0,0
0,3,2713,0,1662,1051,0,0,265,125,0,0,0,0,1,1,0
0,0,3219,397,1421,484,917,53,180,57,107,0,1,0,1,0,0
0,3,835,115,720,0,0,15,117,0,0,0,1,0,1,0,0
0,1,3392,1344,1744,304,0,222,274,42,0,1,1,0,1,0,0
1,0,3939,1628,668,1257,386,260,107,176,69,1,1,0,1,0,0
0,1,3923,475,1906,1542,0,72,329,206,0,0,1,0,1,0,0
0,2,3860,2676,421,763,0,392,58,102,0,0,1,0,1,1,0
0,1,2648,684,1220,744,0,86,151,88,0,0,1,0,1,0,0
0,2,583,53,381,130,19,10,33,18,3,0,1,0,1,1,0
0,2,1515,0,1449,66,0,0,217,7,0,1,0,0,0,0,0
1,0,1968,482,350,662,474,56,52,81,61,0,1,0,0,0,0
0,6,1159,228,931,0,0,32,128,0,0,0,1,0,0,0,0
0,1,2595,684,1150,761,0,86,148,96,0,0,1,0,1,0,0
0,4,161,0,161,0,0,0,20,0,0,0,0,0,1,0,0
0,1,4809,2676,880,968,285,392,116,120,42,0,1,0,1,1,0
0,1,5658,2676,1473,1246,263,392,187,156,40,0,1,0,1,1,0
0,0,3882,1025,1877,443,537,148,234,60,81,0,1,0,1,0,0
0,1,4505,534,1300,2671,0,78,155,346,0,0,1,0,1,1,0
0,0,3523,791,1270,692,770,122,210,93,119,0,1,0,1,1,0
0,3,2400,747,1148,505,0,125,147,73,0,0,1,0,1,1,0
0,0,2955,726,722,607,900,83,114,78,119,0,1,0,1,0,0
0,3,4604,702,2197,1064,641,110,338,181,94,0,1,0,1,0,0
0,1,3856,727,1013,825,1291,99,137,104,174,0,1,0,1,1,0
0,1,5648,2676,1510,1242,220,392,196,153,31,0,1,0,1,1,0
0,2,4243,0,1956,2227,60,0,246,296,6,0,0,0,1,1,0
0,0,554,53,324,158,19,10,25,21,3,0,1,0,1,1,0
0,0,3735,1628,2044,47,16,207,259,6,2,1,1,0,1,1,0
0,0,7029,1402,3261,2129,237,182,430,274,41,0,1,0,1,0,0
0,0,5028,1247,3050,219,512,216,473,20,63,0,1,0,1,1,0
0,2,3207,1395,1156,485,171,229,197,89,28,0,1,0,1,1,0
0,2,1638,229,609,800,0,33,100,131,0,0,1,0,1,1,0
0,3,3937,485,1662,1161,629,82,257,168,80,0,1,0,1,0,0
0,2,1357,0,841,516,0,0,133,62,0,0,0,0,0,1,0
0,0,2384,825,1398,137,24,147,224,14,4,0,1,0,1,1,0
0,2,2583,0,1464,909,210,0,193,122,28,0,0,0,0,0,0
0,6,901,0,397,90,414,0,58,8,72,0,0,0,0,1,0
0,0,5425,614,2600,1429,782,85,346,176,97,0,1,0,1,0,0
0,7,1220,0,712,508,0,0,102,77,0,0,0,0,0,1,0
0,3,4132,2301,1287,544,0,320,157,75,0,0,1,0,1,0,0
0,2,2630,361,1240,1029,0,57,179,146,0,1,1,0,1,1,0
0,5,1638,228,1410,0,0,32,195,0,0,0,1,0,0,0,0
0,2,865,175,395,0,295,29,66,0,14,0,1,0,1,1,0
0,4,2235,0,1552,683,0,0,214,87,0,1,0,0,0,1,0
0,5,1851,955,563,267,66,135,94,39,8,0,1,0,1,1,0
0,1,2453,361,1706,386,0,57,248,57,0,1,1,0,1,1,0
0,3,1806,175,1513,0,118,29,184,0,10,0,1,0,1,1,0
0,2,3466,879,1121,1331,135,141,146,174,22,0,1,0,1,1,0
0,1,2562,1441,613,508,0,220,85,65,0,0,1,0,1,1,0
0,0,5637,1178,2494,1603,362,191,322,243,40,1,1,0,1,0,0
0,1,3298,1068,1716,201,313,186,259,23,44,0,1,0,1,1,0
0,0,2777,345,1267,457,708,53,191,55,109,0,1,0,1,1,0
0,6,3379,0,1728,1509,142,0,234,208,17,0,0,0,0,0,0
0,0,4565,1025,2544,419,577,148,331,48,89,0,1,0,1,1,0
0,1,1572,829,655,71,17,131,99,10,2,0,1,0,1,1,0
0,1,2868,0,933,1366,569,0,139,204,86,0,0,0,1,0,0
0,0,3214,746,1901,291,276,127,302,47,35,0,1,0,1,1,0
0,3,1861,0,1861,0,0,0,206,0,0,0,0,0,0,0,1
0,4,1505,0,1234,99,172,0,193,15,24,0,0,0,1,0,0
0,2,1606,829,690,70,17,131,110,10,2,0,1,0,1,1,0
0,1,2192,1047,588,557,0,111,89,74,0,0,1,0,1,1,0
0,5,243,0,201,42,0,0,37,6,0,1,0,0,0,0,0
0,5,4097,1091,1462,598,946,175,221,79,121,0,1,0,1,1,0
0,5,1630,310,207,766,347,53,31,98,51,0,1,0,1,1,0
0,1,1928,505,437,986,0,79,61,123,0,0,1,0,1,0,0
0,1,2694,844,1337,513,0,117,142,56,0,0,1,0,1,0,0
0,0,2330,651,815,393,471,100,112,61,69,0,1,0,1,1,0
0,7,1430,0,622,808,0,0,78,108,0,0,0,0,0,0,0
0,0,554,53,324,158,19,10,25,21,3,0,1,0,1,1,0
0,3,2094,0,2094,0,0,0,263,0,0,0,0,0,0,0,0
0,0,5051,498,3735,736,82,65,590,91,13,0,1,0,1,1,0
0,3,874,0,874,0,0,0,97,0,0,0,0,0,0,0,1
0,7,1373,879,494,0,0,141,80,0,0,0,1,0,1,1,0
1,1,1481,155,626,475,225,16,95,78,44,0,1,0,0,1,0
0,4,7511,1913,4022,1576,0,293,541,189,0,0,1,0,1,1,0
0,7,1327,0,932,395,0,0,111,52,0,0,0,0,0,0,0
0,5,4106,0,4106,0,0,0,581,0,0,0,0,0,0,0,0
0,4,2971,493,2478,0,0,77,389,0,0,0,1,0,1,0,0
0,0,3062,587,2113,281,81,85,285,32,10,1,1,0,1,1,0
0,6,3071,781,1875,415,0,109,263,54,0,0,1,0,1,0,0
0,1,2771,684,1373,714,0,86,172,86,0,0,1,0,1,0,0
0,1,2381,1564,739,78,0,182,116,9,0,0,1,0,1,1,0
0,0,3443,1042,1151,554,696,178,181,89,111,1,1,0,1,1,0
0,8,940,0,940,0,0,0,126,0,0,0,0,0,0,0,0
1,1,1538,0,1284,174,80,0,188,17,7,0,0,0,1,1,0
0,7,1894,866,1028,0,0,123,151,0,0,0,1,0,1,0,0
0,8,132,0,132,0,0,0,20,0,0,0,0,0,0,0,0
0,2,4781,1545,2000,1236,0,226,305,128,0,0,1,0,1,0,0
1,5,4568,952,359,2725,532,149,62,390,94,0,1,0,1,1,0
0,4,874,0,874,0,0,0,97,0,0,0,0,0,0,0,1
0,0,4800,1628,2590,266,316,207,320,32,41,1,1,0,1,1,0
0,1,2793,1556,818,419,0,210,115,49,0,0,1,0,1,1,0
0,2,3976,139,2665,831,341,21,350,119,46,0,1,0,1,0,0
0,6,2742,1785,873,0,84,264,119,0,10,0,1,0,1,0,0
0,1,3089,1385,1276,428,0,216,177,54,0,0,1,0,1,0,0
0,1,3111,522,626,1963,0,95,86,297,0,0,1,0,1,0,0
0,2,3913,832,3081,0,0,132,387,0,0,1,1,0,0,0,0
0,3,5427,1251,4176,0,0,201,623,0,0,0,1,0,1,0,0
0,3,2421,865,1556,0,0,124,195,0,0,0,1,0,1,0,0
0,8,788,0,788,0,0,0,121,0,0,0,0,0,0,0,0
0,5,2389,1091,714,441,143,175,106,57,24,0,1,0,1,1,0
0,0,2254,408,1002,691,153,53,128,89,23,1,1,0,1,1,0
0,0,2576,433,1094,381,668,63,167,64,105,0,1,0,1,1,0
0,0,9445,2676,4635,1932,202,392,251,118,29,0,1,0,1,1,0
0,2,3138,438,796,1904,0,53,104,251,0,0,1,0,1,0,0
0,3,2343,712,832,740,59,108,131,87,8,0,1,0,0,1,0
0,0,1525,829,609,70,17,131,98,10,2,0,1,0,1,1,0
0,5,2179,228,1951,0,0,32,258,0,0,0,1,0,0,0,0
0,6,1171,247,702,222,0,25,111,34,0,0,1,0,1,0,0
0,2,3536,430,1470,1220,416,73,208,146,61,0,1,0,0,0,0
0,2,869,0,540,329,0,0,86,48,0,0,0,0,0,0,0
0,0,2112,651,731,520,210,100,103,60,29,0,1,0,1,1,0
0,2,3641,850,1125,430,1236,146,159,56,207,0,1,0,1,0,0
0,6,4119,2028,1715,376,0,334,256,31,0,0,1,0,1,1,0
0,2,2197,0,1475,722,0,0,214,85,0,0,0,0,0,1,0
0,2,3182,310,2265,607,0,53,353,77,0,0,1,0,1,1,0
0,2,2180,1247,618,315,0,192,93,51,0,0,1,0,1,0,0
0,6,3908,1208,2505,0,195,155,363,0,26,0,1,0,1,0,0
0,6,599,0,347,162,90,0,41,22,16,0,0,0,0,0,0
0,0,3620,532,2436,627,25,92,325,78,3,1,1,0,1,1,0
0,0,2342,643,1100,453,146,99,186,61,19,0,1,0,1,1,0
0,2,3425,0,607,2818,0,0,78,350,0,0,0,0,0,0,1
0,0,2499,651,664,439,745,107,82,53,102,0,1,0,1,1,0
0,0,4966,818,2289,992,867,83,276,117,93,1,1,0,1,1,1
0,1,1918,684,998,236,0,86,123,29,0,0,1,0,1,0,0
0,0,2299,570,908,793,28,77,121,116,6,0,1,0,1,1,0
0,2,3404,518,1150,565,1171,72,154,76,177,0,1,0,1,0,0
0,3,3174,580,1978,616,0,93,284,84,0,0,1,0,1,0,0
0,1,2128,244,758,610,516,32,96,70,67,0,1,0,1,1,0
0,1,2486,630,1070,786,0,97,157,116,0,0,1,0,1,1,0
0,0,4952,614,2155,1401,782,85,274,190,97,0,1,0,1,0,0
0,8,93,0,93,0,0,0,15,0,0,0,0,0,1,0,0
1,5,4568,952,359,2725,532,149,62,390,94,0,1,0,1,1,0
0,6,1287,0,851,221,215,0,111,23,28,0,0,0,0,1,0
0,5,4493,952,377,2737,427,149,64,400,74,0,1,0,1,1,0
1,5,4493,952,377,2737,427,149,64,400,74,0,1,0,1,1,0
0,6,1311,718,572,21,0,114,99,2,0,0,1,0,1,0,1
0,1,1541,0,932,313,296,0,116,17,56,1,0,0,0,1,0
0,5,4627,952,377,2737,561,149,64,400,98,0,1,0,1,0,0
0,1,2859,684,978,1197,0,86,129,154,0,0,1,0,1,0,0
0,5,4627,952,377,2737,561,149,64,400,98,0,1,0,1,1,0
0,6,1110,0,615,401,94,0,81,58,6,0,0,0,1,0,0
0,2,9036,2438,6309,125,164,328,954,22,22,0,1,0,1,0,0
0,7,5972,262,5710,0,0,36,793,0,0,0,1,0,1,1,0
0,5,3122,646,1400,146,930,101,224,23,141,0,1,0,1,1,0
0,1,2257,505,675,1077,0,79,89,155,0,0,1,0,1,0,0
0,5,2807,228,1299,1280,0,32,159,161,0,0,1,0,0,0,0
0,8,938,0,938,0,0,0,144,0,0,0,0,0,0,0,0
0,1,3251,1042,1717,492,0,178,254,66,0,0,1,0,1,1,0
0,0,3236,726,1042,571,897,83,149,81,117,0,1,0,1,0,0
0,2,583,53,381,130,19,10,33,18,3,0,1,0,1,1,0
0,5,2470,791,345,579,755,120,37,76,129,0,1,0,1,1,0
0,5,4568,952,359,2725,532,149,62,390,94,0,1,0,1,1,0
0,3,402,0,233,169,0,0,37,27,0,0,0,0,0,0,0
0,0,2308,492,735,513,568,70,87,58,89,1,1,0,1,1,0
0,4,1110,244,403,261,202,32,63,38,27,0,1,0,1,1,0
0,1,4278,898,1865,1020,495,145,278,146,83,0,1,0,1,0,0
0,0,3096,1588,674,252,582,261,99,36,95,0,1,0,1,1,0
0,5,2588,1410,645,452,81,218,108,67,13,0,1,0,1,1,0
0,4,2202,0,1344,858,0,0,187,120,0,1,0,0,0,0,0
0,0,4152,1460,672,1757,263,199,107,227,44,0,1,0,1,1,0
0,8,64,0,64,0,0,0,5,0,0,0,0,1,1,0,0
0,5,3592,1410,1627,514,41,218,265,85,8,0,1,0,1,1,0
0,1,3158,0,1169,892,1097,0,178,125,140,0,0,0,1,1,0
0,2,583,53,381,130,19,10,33,18,3,0,1,0,1,1,0
0,1,6181,805,4078,1298,0,116,540,159,0,0,1,0,1,1,0
0,0,554,53,324,158,19,10,25,21,3,0,1,0,1,1,0
0,4,2130,536,444,1150,0,73,68,161,0,0,1,0,1,1,0
0,5,6248,637,4475,1086,50,88,643,131,8,0,1,0,1,1,0
0,1,2562,1441,613,508,0,220,85,65,0,0,1,0,1,1,0
0,5,279,0,263,16,0,0,27,3,0,1,0,0,0,0,0
1,5,3827,1410,1530,857,30,218,223,103,5,0,1,0,1,0,0
0,1,2048,364,1122,412,150,61,174,55,14,0,1,0,1,1,0
0,1,1017,0,614,361,42,0,82,49,7,0,0,0,1,1,0
0,3,999,254,350,154,241,38,49,25,37,0,1,0,1,1,0
0,5,4470,637,2398,975,460,88,339,114,76,0,1,0,1,1,0
0,3,1327,302,765,260,0,49,134,44,0,0,1,0,1,1,0
0,5,3024,816,1059,626,523,129,167,96,87,0,1,0,1,1,0
0,1,1451,0,595,495,361,0,89,65,48,0,0,0,0,0,0
0,0,2201,266,1522,292,121,44,177,28,13,0,1,0,1,1,0
0,2,1638,651,268,285,434,107,34,36,63,0,1,0,1,1,0
0,8,2931,0,2931,0,0,0,415,0,0,0,0,0,0,1,0
0,5,3105,816,1120,638,531,129,175,96,87,0,1,0,1,1,0
0,1,838,133,632,73,0,19,95,13,0,0,1,0,1,0,0
0,1,4792,2676,1301,567,248,392,165,73,30,0,1,0,1,0,0
0,7,4420,0,2813,1607,0,0,395,204,0,0,0,0,0,1,0
0,1,892,175,533,114,70,29,81,14,4,0,1,0,1,1,0
0,1,3848,860,697,950,1341,121,106,149,216,0,1,0,1,1,0
0,0,1595,829,679,70,17,131,102,10,2,0,1,0,1,1,0
0,0,3665,1441,1408,775,41,220,197,95,2,0,1,0,1,1,0
0,7,1384,0,1319,65,0,0,210,9,0,0,0,0,0,0,0
0,5,2000,228,163,1609,0,32,20,205,0,0,1,0,0,0,0
0,0,1944,308,774,696,166,44,100,83,27,0,1,0,1,0,0
0,1,1413,174,670,413,156,24,101,56,21,0,1,0,1,1,0
0,6,1002,353,493,156,0,64,83,21,0,0,1,0,1,1,0
0,1,3689,447,1975,1267,0,72,268,179,0,0,1,0,1,0,0
0,5,1787,153,496,843,295,25,74,115,31,0,1,0,1,1,0
0,2,2701,1247,978,476,0,192,146,74,0,0,1,0,1,0,0
0,1,3155,0,1960,715,480,0,286,101,75,0,0,0,0,1,0
0,6,610,0,409,141,60,0,50,23,7,0,0,0,0,0,0
0,5,2453,1931,251,83,188,314,38,10,11,0,1,0,1,0,0
0,0,2092,520,971,518,83,82,176,64,10,0,1,0,1,1,0
0,2,1054,0,386,605,63,0,67,55,7,0,0,0,0,1,0
0,5,3719,433,1578,508,1200,73,197,74,203,0,1,0,1,0,0
0,0,2793,721,1156,382,534,107,157,46,77,0,1,0,1,1,0
1,0,485,126,248,49,62,21,43,5,9,1,1,0,1,0,0
0,6,2102,0,2102,0,0,0,278,0,0,0,0,0,0,0,1
0,5,3099,433,1416,556,694,73,179,81,112,0,1,0,1,0,0
0,0,4952,614,2155,1401,782,85,274,190,97,0,1,0,1,0,0
0,0,2547,730,1095,287,435,116,155,31,48,0,1,0,1,1,0
0,0,1928,860,272,523,273,121,41,58,42,0,1,0,1,0,0
0,1,3335,0,2634,621,80,0,267,76,10,1,0,0,0,1,0
0,0,2751,726,770,372,883,83,116,40,115,0,1,0,1,1,0
0,1,2867,372,1432,1063,0,55,197,157,0,0,1,0,1,0,0
0,0,7907,1402,3688,2580,237,182,466,320,41,0,1,0,1,0,0
0,1,2017,694,931,317,75,105,125,43,10,1,1,0,1,1,0
0,3,6072,0,3256,2816,0,0,315,198,0,0,0,0,0,0,0
0,0,554,53,324,158,19,10,25,21,3,0,1,0,1,1,0
0,1,1685,686,972,27,0,98,136,5,0,0,1,0,1,1,0
0,4,1280,0,404,851,25,0,66,133,5,0,0,0,0,0,0
0,1,2267,505,1278,484,0,79,167,65,0,0,1,0,1,0,0
0,1,4233,1311,1467,1213,242,221,209,130,40,1,1,0,1,0,0
0,7,3446,2676,770,0,0,392,102,0,0,0,1,0,1,0,0
0,0,1740,699,326,646,69,97,50,78,5,0,1,0,1,1,0
0,5,4009,433,2656,378,542,73,344,60,93,0,1,0,1,1,0
0,0,5440,1049,974,3200,217,151,157,346,32,0,1,0,1,1,0
0,0,3723,975,2129,464,155,147,329,53,19,1,1,0,1,0,0
0,1,1207,699,181,327,0,97,25,44,0,0,1,0,1,0,0
0,1,1584,829,674,64,17,131,100,9,2,0,1,0,1,1,0
0,0,5751,1252,2958,1235,306,198,411,159,40,0,1,0,1,1,0
0,6,368,0,146,219,3,0,26,37,1,0,0,0,0,1,0
0,0,5391,2480,1182,632,1097,298,147,83,147,0,1,0,1,1,0
0,4,2007,710,1297,0,0,98,176,0,0,0,1,0,1,1,0
0,1,7015,2206,3242,936,631,350,495,120,105,0,1,0,1,1,0
0,4,883,0,883,0,0,0,143,0,0,0,0,0,0,0,0
0,3,1074,0,189,885,0,0,16,105,0,0,0,0,0,0,0
0,7,2444,0,1046,1398,0,0,153,175,0,0,0,0,0,1,0
0,5,4058,952,504,1258,1344,149,91,209,234,0,1,0,1,1,0
0,5,3246,1410,967,839,30,218,130,99,4,0,1,0,1,0,0
0,4,1088,0,1088,0,0,0,174,0,0,0,0,0,0,0,0
1,3,4934,1208,1955,1531,240,155,282,247,34,0,1,1,1,1,0
0,3,1118,0,1118,0,0,0,163,0,0,0,0,0,1,0,0
0,0,5013,1025,2988,584,416,148,374,70,63,0,1,0,1,1,0
0,4,3642,1376,647,1296,323,226,98,169,32,0,1,0,1,1,0
0,8,592,0,592,0,0,0,76,0,0,0,0,0,0,0,0
1,0,3065,717,1568,314,466,120,188,36,67,0,1,0,1,1,0
0,8,7967,0,7967,0,0,0,1183,0,0,0,0,0,0,0,0
0,5,1631,364,753,390,124,61,115,44,10,0,1,0,1,0,0
0,1,2105,442,1221,352,90,75,177,55,11,0,1,0,1,1,0
0,8,3315,0,3315,0,0,0,448,0,0,0,0,0,0,0,0
0,6,3222,781,1695,746,0,109,226,81,0,0,1,0,1,0,0
0,8,4931,0,4931,0,0,0,740,0,0,0,0,0,0,1,0
0,6,1792,0,1458,224,110,0,181,31,9,0,0,0,1,1,0
0,8,3737,0,3737,0,0,0,521,0,0,0,0,0,0,0,0
1,1,7135,573,4868,1694,0,79,693,270,0,1,1,0,1,0,0
1,2,1053,0,797,256,0,0,119,42,0,0,0,0,0,0,0
0,1,1678,486,543,598,51,67,82,86,8,0,1,0,1,1,0
0,1,861,115,720,26,0,15,117,4,0,0,1,0,1,0,0
0,6,524,0,328,81,115,0,52,13,21,0,0,0,0,1,0
0,5,3065,1030,2035,0,0,147,294,0,0,1,1,0,1,1,0
0,1,984,70,494,420,0,1,82,55,0,0,1,0,1,0,0
0,0,3188,702,1041,722,723,100,142,85,107,0,1,0,1,1,0
0,0,2887,488,1383,527,489,74,195,67,74,0,1,0,1,1,0
1,5,712,33,341,235,103,6,50,32,12,0,1,0,1,1,0
0,0,2768,489,1522,565,192,76,225,67,28,0,1,0,1,1,0
0,6,2897,0,1931,309,657,0,278,38,95,0,0,0,0,1,0
0,1,2605,684,1220,701,0,86,150,88,0,0,1,0,1,0,0
0,3,1744,0,1289,455,0,0,183,69,0,0,0,0,0,0,0
0,5,4072,1492,1823,307,450,234,298,53,75,0,1,0,1,0,0
0,0,2815,726,827,365,897,83,124,49,117,0,1,0,1,0,0
0,2,1092,0,1086,6,0,0,155,1,0,0,0,0,0,0,0
0,0,1437,132,586,633,86,23,80,90,13,0,1,0,1,0,0
0,1,3614,940,1149,725,800,125,154,89,145,0,1,0,1,0,0
1,0,3515,688,2520,219,88,111,376,43,13,0,1,0,1,1,0
0,0,6950,2676,628,3329,317,392,86,403,36,0,1,0,1,1,0
0,6,1899,1247,271,381,0,192,46,54,0,0,1,0,1,0,0
0,2,1971,463,1030,234,244,67,145,25,33,0,1,0,1,0,0
0,4,2284,628,1089,437,130,102,168,48,16,0,1,0,1,1,0
0,1,6463,0,4161,1952,350,0,651,277,44,0,0,0,0,0,0
0,1,2456,505,1533,418,0,79,216,54,0,0,1,1,1,1,0
0,1,4226,684,2218,1324,0,86,302,162,0,0,1,0,1,0,0
0,0,3494,473,2079,697,245,70,308,89,43,0,1,0,1,1,0
0,4,3193,489,1339,1248,117,76,184,151,16,0,1,0,1,1,0
0,8,6043,0,6043,0,0,0,923,0,0,0,0,0,0,0,0
0,6,1306,0,991,259,56,0,140,35,8,0,0,0,0,0,0
0,4,1097,0,1097,0,0,0,175,0,0,0,0,0,0,0,0
0,5,2539,228,2311,0,0,32,287,0,0,0,1,0,0,0,0
0,1,669,175,382,112,0,29,58,11,0,0,1,0,1,1,0
0,5,1999,955,541,345,158,135,78,41,22,0,1,0,1,1,0
0,4,1088,0,1088,0,0,0,174,0,0,0,0,0,0,0,0
0,1,2033,1250,359,424,0,193,49,53,0,0,1,0,1,1,0
0,4,2730,879,1450,0,401,141,197,0,62,0,1,0,1,0,0
0,0,4685,372,2735,1108,470,55,401,146,72,1,1,0,1,0,0
0,1,3514,684,1907,923,0,86,249,120,0,0,1,0,1,0,0
0,4,4430,1594,2836,0,0,270,407,0,0,0,1,0,1,1,0
0,3,1665,651,391,324,299,107,47,42,43,0,1,0,1,1,0
0,3,2407,702,1064,0,641,110,181,0,94,0,1,0,1,0,0
0,2,722,0,161,561,0,0,23,86,0,0,0,0,0,1,0
0,0,1841,351,832,483,175,48,119,56,18,0,1,0,1,1,0
0,6,1378,485,211,682,0,82,31,95,0,0,1,0,0,0,0
0,7,2884,0,2360,524,0,0,307,67,0,0,0,0,1,0,0
0,0,1889,454,717,275,443,73,116,49,68,1,1,0,1,0,0
0,0,1802,829,882,70,21,131,139,9,4,0,1,0,1,1,0
0,2,4847,1808,3039,0,0,264,424,0,0,1,1,0,1,1,0
0,1,3162,0,1633,965,564,0,261,129,108,0,0,0,0,1,0
0,0,2053,558,421,187,887,84,60,26,116,1,1,0,1,0,0
0,1,4917,1306,1448,1220,943,175,202,149,127,1,1,0,1,1,0
0,0,3384,726,929,832,897,83,134,107,117,0,1,0,1,0,0
0,0,2395,996,1177,179,43,158,161,24,7,1,1,0,1,1,0
0,1,2441,684,1150,607,0,86,157,77,0,0,1,0,1,0,0
0,5,4064,1390,389,2285,0,196,68,293,0,0,1,0,0,0,0
0,0,1736,302,442,419,573,44,62,62,75,1,1,0,1,1,0
0,1,2986,683,918,1385,0,124,124,210,0,1,1,0,1,0,0
0,2,4791,1392,799,2600,0,209,113,367,0,0,1,0,1,1,0
0,0,3518,341,1479,1506,192,58,247,223,26,1,1,0,1,1,0
1,0,5142,788,1379,2785,190,135,221,390,23,0,1,0,1,1,0
0,0,3336,1049,1586,343,358,151,193,43,51,0,1,0,1,1,0
0,2,5153,332,2080,1857,884,50,278,240,139,0,1,0,1,1,0
0,0,3714,917,1973,615,209,148,278,76,25,0,1,0,1,1,0
0,1,1501,829,585,70,17,131,87,10,2,0,1,0,1,1,0
0,0,2656,643,1014,838,161,99,169,127,20,0,1,0,1,1,0
0,5,2972,1771,587,541,73,241,77,66,8,0,1,0,0,1,0
0,0,4007,1025,2197,248,537,148,251,28,81,0,1,0,1,0,0
0,1,2881,362,1897,472,150,62,253,60,25,0,1,0,1,0,0
0,0,2638,1126,961,439,112,163,139,46,17,0,1,0,1,1,0
0,2,2856,1171,730,667,288,180,95,87,35,0,1,0,1,0,0
0,8,862,0,862,0,0,0,115,0,0,0,0,0,0,0,1
0,0,939,387,335,180,37,56,48,25,4,0,1,0,1,1,0
0,1,1660,0,644,795,221,0,102,96,31,1,0,0,0,0,0
0,0,2200,711,737,695,57,108,108,88,8,1,1,0,1,1,0
0,6,3946,2014,931,1001,0,303,128,113,0,0,1,0,1,1,0
0,0,2433,825,1459,128,21,147,237,14,3,0,1,0,1,1,0
0,3,309,0,238,71,0,0,33,9,0,1,0,0,0,0,0
0,6,3025,781,1908,336,0,109,281,41,0,0,1,0,1,0,0
0,6,1588,433,1155,0,0,48,175,0,0,0,1,0,1,1,0
0,4,1907,244,556,1107,0,32,85,144,0,0,1,0,1,0,0
0,2,4295,850,1405,805,1235,146,195,102,207,0,1,0,1,0,0
0,1,1508,829,618,44,17,131,92,6,2,0,1,0,1,1,0
0,7,3326,0,3221,105,0,0,450,11,0,0,0,0,0,0,0
0,3,252,0,252,0,0,0,34,0,0,1,0,0,0,0,1
0,0,6411,1025,4380,470,536,148,547,63,81,0,1,0,1,1,0
0,0,3740,1025,1745,434,536,148,213,58,81,0,1,0,1,1,0
0,2,583,53,381,130,19,10,33,18,3,0,1,0,1,1,0
0,0,9214,2676,3153,2058,1327,392,155,141,54,0,1,0,1,1,0
0,5,2704,333,571,1477,323,48,83,202,51,0,1,0,1,1,0
0,0,3554,1264,1094,564,632,216,184,78,99,0,1,0,1,0,0
0,1,2834,0,1411,489,934,0,231,66,157,1,0,0,0,1,0
0,7,1119,0,1051,0,68,0,166,0,7,0,0,0,0,0,0
0,3,7724,699,1918,4516,591,104,279,552,76,0,1,0,1,0,0
0,6,3395,0,1557,1791,47,0,252,262,5,0,0,0,1,0,0
0,1,1867,377,1066,424,0,60,139,46,0,0,1,0,1,0,0
0,5,2324,574,163,1587,0,86,26,213,0,0,1,0,1,1,0
0,5,5318,825,1591,2650,252,117,233,126,36,0,1,0,1,1,0
0,2,4538,332,2962,1090,154,41,397,154,22,0,1,0,1,1,0
0,6,1299,0,1000,81,218,0,153,10,31,0,0,0,0,0,0
0,0,3703,829,1314,1499,61,126,189,183,11,1,1,0,1,0,0
0,6,2399,879,1006,514,0,141,135,62,0,0,1,0,1,0,0
0,2,2348,617,1092,420,219,92,152,46,36,0,1,0,1,1,0
0,1,2269,1478,563,228,0,244,81,27,0,0,1,0,1,0,0
0,0,4565,1025,2544,419,577,148,331,48,89,0,1,0,1,0,0
0,1,1493,213,672,339,269,39,96,51,39,0,1,0,1,1,0
0,8,2699,0,2699,0,0,0,385,0,0,0,0,1,0,0,0
0,0,3213,746,1815,354,298,127,278,58,36,0,1,0,1,1,0
0,1,1574,624,575,375,0,87,89,46,0,0,1,0,1,0,0
0,1,3327,574,2088,665,0,86,305,73,0,0,1,0,1,1,0
0,7,497,56,441,0,0,7,44,0,0,0,1,0,1,0,0
0,8,346,0,346,0,0,0,57,0,0,0,0,0,1,1,0
0,0,2851,825,1615,359,52,147,239,47,7,1,1,0,1,1,0
0,0,2949,704,847,691,707,107,145,109,123,0,1,0,1,1,0
0,0,1423,577,547,94,205,90,73,12,24,1,1,0,1,1,0
0,0,2342,422,1472,325,123,68,216,44,14,0,1,0,1,1,0
0,2,3121,1419,1439,263,0,206,238,40,0,0,1,0,1,1,0
0,6,1730,0,1607,50,73,0,268,10,15,0,0,0,0,1,0
0,5,5622,1576,232,3814,0,243,36,523,0,0,1,0,1,1,0
0,2,2149,0,1028,682,439,0,152,88,57,0,0,0,1,1,0
0,8,4276,0,4276,0,0,0,600,0,0,0,0,0,0,0,0
0,2,376,0,168,208,0,0,22,30,0,0,0,0,0,0,0
0,0,2794,426,1056,1040,272,62,167,136,39,0,1,0,1,1,0
0,2,3154,708,921,1147,378,117,128,173,52,0,1,0,1,1,0
0,5,6523,1576,106,4841,0,243,15,621,0,0,1,0,1,1,0
0,5,4654,1576,150,2928,0,243,18,390,0,0,1,0,1,1,0
1,0,3200,2648,408,74,70,401,69,9,11,1,1,0,1,0,0
0,2,4286,574,814,2513,385,86,122,306,52,0,1,0,1,1,0
0,3,3423,1482,936,769,236,209,119,93,29,0,1,0,1,0,0
0,1,3251,684,1833,734,0,86,237,84,0,0,1,0,1,0,0
0,1,2598,237,763,1166,432,36,97,166,69,0,1,0,1,1,0
0,0,2345,820,764,401,360,135,98,51,49,0,1,0,1,1,0
0,1,2447,684,1157,606,0,86,158,77,0,0,1,0,1,0,0
1,0,3312,333,898,1899,182,48,124,250,20,1,1,0,1,0,0
0,0,3167,1271,1685,165,46,197,202,23,5,1,1,0,1,0,0
0,5,3308,913,1776,619,0,130,277,96,0,0,1,0,1,1,0
0,3,5073,1014,3387,672,0,167,451,73,0,0,1,0,1,0,0
0,5,2205,349,1085,663,108,56,174,108,15,0,1,0,1,1,0
0,1,4153,0,2957,715,481,0,410,101,75,0,0,0,0,0,0
0,4,2896,115,2781,0,0,18,424,0,0,1,1,0,1,1,0
0,2,2385,879,748,758,0,141,110,112,0,0,1,0,1,1,0
0,8,105,0,105,0,0,0,16,0,0,0,0,0,0,0,0
0,0,3754,281,1786,1381,306,40,274,212,48,0,1,0,1,0,0
0,5,2974,804,1414,562,194,114,207,72,24,0,1,0,1,1,0
0,5,3692,516,3176,0,0,76,422,0,0,0,1,0,1,0,0
0,3,3876,2790,712,178,196,370,114,20,34,0,1,0,1,0,0
0,3,556,0,265,291,0,0,40,38,0,0,0,0,0,1,0
0,4,1870,0,1870,0,0,0,308,0,0,0,0,0,0,0,0
0,0,2365,1008,1092,120,145,151,140,18,18,0,1,0,1,1,0
0,5,1863,310,964,589,0,53,140,80,0,0,1,0,1,1,0
1,1,1022,0,731,181,110,0,109,26,23,0,0,0,0,0,0
0,0,3921,1025,1916,444,536,148,238,60,81,0,1,0,1,0,0
0,1,1316,505,164,647,0,79,23,81,0,0,1,0,1,0,0
0,1,2513,859,1196,458,0,148,168,56,0,0,1,0,1,1,0
0,6,927,672,170,85,0,93,25,11,0,0,1,0,1,1,0
0,1,3181,0,1206,1765,210,0,148,260,17,0,0,0,0,0,0
0,5,430,0,393,37,0,0,49,5,0,1,0,0,0,0,0
0,8,6579,0,6579,0,0,0,1027,0,0,0,0,0,0,0,0
0,0,3368,511,2460,187,210,82,238,24,25,1,1,0,1,0,1
0,1,871,244,225,257,145,32,38,39,25,0,1,0,1,1,0
0,8,829,0,829,0,0,0,142,0,0,0,0,0,1,0,0
0,1,2968,0,2049,482,437,0,284,61,69,1,0,0,0,1,0
0,2,2864,1247,1240,377,0,192,185,60,0,0,1,0,1,0,0
0,6,1098,559,412,127,0,85,61,12,0,0,1,0,1,0,0
0,7,2117,0,2069,48,0,0,268,8,0,0,0,0,0,0,0
0,2,4255,470,3785,0,0,59,511,0,0,0,1,0,1,0,0
0,0,2738,692,917,1058,71,100,134,135,7,1,1,0,1,0,0
0,0,8020,2206,4534,552,728,350,663,70,121,1,1,0,1,1,0
0,2,2364,0,1382,982,0,0,186,121,0,1,0,0,0,0,0
0,1,2274,0,1712,502,60,0,290,69,9,0,0,0,0,1,0
0,3,4324,1628,2696,0,0,207,362,0,0,1,1,0,1,1,0
1,0,1628,875,503,202,48,130,63,17,4,1,1,0,1,0,0
0,6,2264,781,1352,131,0,109,194,15,0,0,1,0,1,0,0
0,2,3086,250,2836,0,0,30,246,0,0,0,1,0,0,0,0
0,0,3597,1025,1953,403,216,148,251,47,31,0,1,0,1,0,0
0,6,3307,0,2981,323,3,0,431,44,1,0,0,0,0,1,0
0,0,2589,694,1426,369,100,105,203,51,12,1,1,0,1,1,0
0,5,2895,897,1705,125,168,157,259,17,25,0,1,0,1,0,0
1,0,1853,875,605,346,27,130,70,38,2,1,1,0,1,0,0
0,5,3297,310,1432,1121,434,53,226,157,66,0,1,0,1,0,0
0,2,3256,1064,2192,0,0,155,298,0,0,0,1,0,1,1,0
0,6,1086,228,858,0,0,32,109,0,0,0,1,0,0,0,0
0,3,3989,415,2917,657,0,54,425,91,0,0,1,0,1,0,1
0,1,4201,1431,1526,1244,0,221,245,150,0,1,1,0,1,0,0
0,0,1853,403,853,391,206,69,142,56,31,0,1,0,1,1,0
0,2,5078,1431,3096,551,0,221,469,59,0,1,1,0,1,0,0
0,1,2767,573,1451,417,326,91,199,55,41,1,1,0,1,0,0
0,2,1638,588,533,433,84,89,75,40,9,0,1,0,1,1,0
0,0,1903,581,645,447,230,85,96,52,34,0,1,0,1,0,0
0,1,3371,673,1873,825,0,97,272,116,0,0,1,0,1,0,0
0,0,5053,614,2137,1401,901,85,269,190,113,0,1,0,1,0,0
0,4,1542,1369,173,0,0,218,26,0,0,0,1,0,1,1,0
0,0,2817,726,538,655,898,83,63,83,117,0,1,0,1,0,0
0,0,3541,1126,1198,1074,143,163,156,140,20,0,1,0,1,1,0
0,2,2371,0,509,794,1068,0,63,104,136,1,0,0,0,0,0
0,5,1393,672,392,240,89,93,62,32,14,0,1,0,1,1,0
0,6,1601,310,216,1075,0,53,37,135,0,0,1,0,1,1,0
0,6,1912,463,740,709,0,77,118,103,0,0,1,0,1,0,0
1,6,688,0,251,225,212,0,41,39,36,0,0,0,0,0,0
0,7,1757,0,951,806,0,0,117,109,0,0,0,0,0,1,0
1,6,1837,0,1082,526,229,0,159,74,42,0,0,0,0,0,0
0,7,6503,1005,5498,0,0,175,690,0,0,0,1,0,1,1,0
0,3,4834,879,2796,1159,0,141,334,136,0,0,1,0,1,0,0
0,7,1847,0,829,1018,0,0,127,143,0,0,0,0,0,1,0
0,0,6931,1508,1682,3632,109,239,250,499,11,0,1,0,1,1,0
0,4,380,0,380,0,0,0,47,0,0,0,0,0,1,0,0
0,4,4204,0,4204,0,0,0,687,0,0,0,0,0,1,1,0
0,6,845,0,345,135,365,0,52,16,57,0,0,0,0,0,0
0,0,3729,271,2177,902,379,41,293,124,55,1,1,0,1,1,0
0,0,3255,609,1152,1342,152,95,180,195,17,0,1,0,0,1,0
0,0,3573,532,2264,742,35,92,312,95,4,1,1,0,1,1,0
0,6,153,0,136,17,0,0,20,4,0,0,0,0,0,0,0
0,1,2179,536,826,406,411,72,121,55,53,0,1,0,1,0,0
0,2,3381,1247,1688,446,0,192,248,68,0,0,1,0,1,0,0
0,1,4053,1556,1785,712,0,210,250,78,0,0,1,0,1,1,0
0,2,5933,2676,1840,1205,212,392,258,160,30,0,1,0,1,1,0
0,0,2530,441,1281,677,131,63,170,87,13,0,1,0,1,1,0
0,8,3483,0,3483,0,0,0,486,0,0,0,0,0,0,0,0
0,5,2607,746,1225,401,235,127,204,63,30,0,1,0,1,1,0
1,0,3063,254,1286,729,794,43,206,105,128,0,1,0,1,1,0
1,4,1319,0,1319,0,0,0,172,0,0,1,0,0,0,1,0
0,3,1733,252,709,471,301,28,73,46,38,0,1,0,1,1,0
0,0,6292,1508,2023,2636,125,239,291,340,12,0,1,0,1,1,0
0,1,2294,0,909,1224,161,0,126,156,25,0,0,0,1,0,0
0,1,3125,269,1099,974,783,37,189,147,136,0,1,0,1,0,0
0,1,3818,574,2663,581,0,86,350,69,0,0,1,0,1,1,0
0,1,1587,0,685,714,188,0,121,100,33,1,0,0,1,0,0
0,5,2480,310,857,837,476,53,130,117,73,0,1,0,1,0,0
0,0,2162,1050,449,488,175,155,64,66,31,0,1,0,1,1,0
0,7,2973,0,1610,1363,0,0,258,171,0,0,0,0,0,0,0
0,2,3970,1594,1291,1085,0,270,187,136,0,0,1,0,1,1,0
0,6,956,0,592,305,59,0,80,40,9,0,0,0,0,1,0
0,1,3337,829,1012,1496,0,131,142,205,0,0,1,0,1,0,0
0,7,2520,231,2289,0,0,30,289,0,0,0,1,0,1,1,0
0,2,2611,705,966,940,0,102,126,114,0,0,1,0,1,0,0
1,0,1849,462,326,984,77,68,45,145,12,0,1,0,1,1,0
0,0,2838,683,917,772,466,124,123,121,62,1,1,0,1,0,0
0,5,4009,2795,592,354,268,392,98,43,52,0,1,0,1,1,0
0,3,2420,865,1555,0,0,124,195,0,0,0,1,0,1,0,0
0,8,109,0,109,0,0,0,17,0,0,0,0,0,0,1,0
0,8,1073,0,1073,0,0,0,173,0,0,0,0,0,0,0,0
0,1,1779,408,778,541,52,53,107,73,7,1,1,0,1,1,0
0,1,3763,1073,1206,396,1088,154,164,47,169,0,1,0,1,1,0
0,7,1534,829,705,0,0,131,98,0,0,0,1,0,1,0,0
0,0,3044,1133,1411,341,159,159,177,47,17,0,1,0,1,0,0
0,2,4036,1021,3015,0,0,160,461,0,0,0,1,0,1,0,0
0,5,3310,904,2067,228,111,105,316,31,13,0,1,0,0,1,0
0,6,289,0,236,53,0,0,31,6,0,0,0,0,1,1,0
0,7,1651,0,1581,0,70,0,195,0,11,0,0,0,0,0,0
0,7,3437,805,2632,0,0,116,383,0,0,0,1,0,1,1,0
0,5,3068,746,1695,318,309,127,252,53,36,0,1,0,1,1,0
0,0,2345,380,914,599,452,64,139,91,57,0,1,0,1,1,0
0,7,1515,0,1198,317,0,0,161,42,0,0,0,0,0,1,0
0,1,2722,684,1324,714,0,86,164,86,0,0,1,0,1,0,0
0,2,583,53,381,130,19,10,33,18,3,0,1,0,1,1,0
0,2,1413,505,415,493,0,79,53,62,0,0,1,0,1,0,0
0,1,1336,426,330,410,170,58,42,45,19,0,1,0,1,0,0
0,0,1028,243,495,134,156,34,66,13,20,1,1,0,1,1,0
0,7,1661,0,1198,463,0,0,161,63,0,0,0,0,0,1,0
0,7,3658,516,3142,0,0,76,418,0,0,0,1,0,1,0,0
0,0,2551,598,1166,379,408,80,193,55,73,0,1,0,1,1,0
0,1,2624,684,1226,714,0,86,151,86,0,0,1,0,1,0,0
0,2,3156,1395,1147,452,162,229,191,77,27,0,1,0,1,1,0
0,0,3148,2036,567,540,5,274,56,60,1,1,1,0,1,0,0
0,6,517,0,250,140,127,0,33,24,23,0,0,0,0,1,0
0,6,734,0,583,108,43,0,89,19,6,0,0,0,0,1,0
0,2,999,393,274,106,226,65,37,14,31,0,1,0,1,0,0
0,0,2042,275,1423,302,42,39,197,39,7,1,1,0,1,1,0
0,2,2048,879,748,421,0,141,110,59,0,0,1,0,1,1,0
0,4,3095,0,3095,0,0,0,499,0,0,0,0,0,1,0,0
0,1,2529,684,1219,626,0,86,150,75,0,0,1,0,1,0,0
0,2,3356,430,420,2195,311,73,70,284,45,0,1,0,0,0,0
0,7,4037,904,3133,0,0,105,392,0,0,0,1,0,0,0,0
0,1,1067,175,660,162,70,29,95,22,4,0,1,0,1,1,0
0,1,4312,0,2375,1364,573,0,311,166,80,0,0,0,0,0,0
0,5,4976,1994,1729,1196,57,236,237,180,8,0,1,0,1,1,0
0,6,2139,1913,157,69,0,293,29,7,0,0,1,0,1,1,0
0,5,1397,228,1169,0,0,32,151,0,0,0,1,0,0,0,0
0,0,3856,791,1803,492,770,122,245,64,119,0,1,0,1,1,0
0,2,2631,0,1031,743,857,0,140,112,126,0,0,0,1,1,0
0,1,2411,516,1519,376,0,76,200,42,0,0,1,0,1,0,0
0,6,2427,693,1283,451,0,115,186,64,0,0,1,0,1,0,0
0,6,388,0,261,75,52,0,35,11,8,0,0,0,0,1,0
0,2,3762,430,412,2609,311,73,69,321,45,0,1,0,0,0,0
0,0,6012,2270,1474,1793,475,330,191,220,45,0,1,0,1,1,0
0,5,1991,879,777,335,0,141,114,45,0,0,1,0,1,1,0
0,5,2110,554,970,468,118,88,115,44,10,0,1,0,1,1,0
0,6,4355,0,2850,1103,402,0,385,135,42,0,0,0,0,1,0
0,2,3100,430,1307,947,416,73,193,109,61,0,1,0,0,0,0
0,1,984,70,494,420,0,1,82,55,0,0,1,0,1,0,0
0,1,1172,802,84,286,0,140,14,30,0,0,1,0,1,1,0
0,0,4532,904,2345,472,811,127,322,57,134,1,1,0,1,1,0
0,0,3097,791,1092,696,518,122,178,92,83,0,1,0,1,1,0
0,3,3210,0,3139,71,0,0,402,9,0,0,0,0,0,0,0
0,2,2442,352,2090,0,0,52,282,0,0,0,1,0,1,0,0
0,5,4439,1057,838,549,1995,125,116,84,284,0,1,0,1,1,0
0,1,2290,839,1120,226,105,130,178,27,16,0,1,0,1,1,0
0,7,858,0,76,782,0,0,10,92,0,0,0,0,0,0,0
0,0,562,53,332,158,19,10,27,21,3,0,1,0,1,1,0
0,1,2272,0,1296,534,442,0,185,74,62,0,0,0,0,0,0
0,7,3588,0,2103,1485,0,0,276,189,0,0,0,0,0,0,0
0,2,583,53,381,130,19,10,33,18,3,0,1,0,1,1,0
0,1,2671,717,1205,283,466,120,174,44,67,0,1,0,1,1,0
0,0,559,53,329,158,19,10,27,21,3,0,1,0,1,1,0
0,5,1310,47,580,300,383,8,77,34,28,0,1,0,1,1,0
0,3,1678,459,208,427,584,66,29,52,84,0,1,0,1,1,0
0,1,3785,581,1821,1154,229,85,228,171,34,0,1,0,1,0,0
0,6,2324,885,1058,381,0,141,162,54,0,0,1,0,1,1,0
0,1,1915,0,1518,190,207,0,215,28,28,0,0,0,0,0,0
0,4,1775,0,1066,709,0,0,169,116,0,0,0,0,0,0,0
0,5,1677,258,856,451,112,39,129,73,16,0,1,0,1,1,0
0,1,4828,1820,1362,930,716,327,223,133,113,0,1,0,1,1,0
0,5,2556,409,1782,53,312,70,248,3,53,0,1,0,1,1,0
0,3,1228,0,1228,0,0,0,172,0,0,1,0,0,0,0,0
0,5,2189,575,576,807,231,81,101,123,36,0,1,0,1,0,0
0,1,4429,684,2682,1063,0,86,366,132,0,0,1,0,1,0,0
0,3,2132,686,1167,217,62,98,156,25,8,1,1,0,1,0,0
0,6,1435,0,1125,283,27,0,188,33,3,0,0,0,0,0,0
0,0,562,53,332,158,19,10,27,21,3,0,1,0,1,1,0
0,2,6426,415,5318,455,238,54,740,49,36,0,1,0,1,0,1
0,6,2029,0,715,1151,163,0,105,182,23,0,0,0,0,1,0
0,0,5321,1251,1054,652,2364,201,163,94,344,1,1,0,1,1,0
1,6,1801,0,1192,198,411,0,153,20,53,0,0,0,0,0,0
0,0,2565,651,936,543,435,100,121,68,65,0,1,0,1,1,0
0,8,350,0,350,0,0,0,51,0,0,0,0,0,0,1,0
0,2,668,0,411,257,0,0,58,42,0,0,0,1,0,0,0
0,1,1181,0,501,160,520,0,73,17,50,1,0,0,0,0,1
0,5,2648,477,868,1214,89,63,116,152,12,0,1,0,1,1,0
0,2,583,53,381,130,19,10,33,18,3,0,1,0,1,1,0
0,2,2377,454,1257,580,86,68,174,72,11,0,1,0,1,1,0
0,3,1757,699,643,167,248,100,92,18,32,0,1,0,1,1,0
0,3,2473,463,1583,427,0,67,211,54,0,0,1,0,1,0,0
0,7,3390,0,2057,1333,0,0,290,172,0,0,0,0,0,1,0
0,1,733,0,599,74,60,0,98,9,9,1,0,0,0,0,0
0,2,268,0,206,62,0,0,25,11,0,0,0,0,0,1,0
0,2,1145,0,813,241,91,0,128,26,11,0,0,0,0,0,0
0,0,2199,570,616,762,251,77,104,99,38,0,1,0,1,0,0
0,2,2947,1050,917,615,365,155,108,82,44,0,1,0,1,1,0
0,1,2136,530,704,329,573,76,100,46,80,0,1,0,1,0,0
0,6,1792,527,1245,20,0,74,164,3,0,0,1,0,1,0,0
0,0,1674,1030,469,88,87,147,78,7,8,1,1,0,1,1,0
0,0,2357,842,925,334,256,124,127,45,28,1,1,0,1,1,0
0,4,3321,553,1564,393,811,72,239,59,119,0,1,0,1,1,0
0,1,5859,1057,4011,791,0,157,554,108,0,0,1,0,0,1,0
0,3,4971,1014,3624,333,0,167,503,42,0,0,1,0,1,1,0
0,2,2266,1030,1129,0,107,147,170,0,8,1,1,0,1,1,0
0,3,1130,0,1130,0,0,0,185,0,0,0,0,0,0,0,0
0,5,2600,321,1420,608,251,45,177,87,30,0,1,0,1,1,0
0,3,2043,1030,1013,0,0,147,153,0,0,1,1,0,1,1,0
0,6,4390,879,2161,1350,0,141,278,175,0,0,1,0,1,1,0
1,1,900,727,165,8,0,97,21,2,0,1,1,0,0,1,0
0,1,2446,684,1048,714,0,86,130,86,0,0,1,0,1,0,0
0,0,4297,1441,1183,651,1022,176,185,101,156,0,1,0,1,1,0
0,0,2077,198,1423,381,75,26,188,45,14,0,1,0,1,1,0
0,6,1500,310,350,840,0,53,57,103,0,0,1,0,1,1,0
0,2,829,0,463,366,0,0,63,35,0,0,0,0,0,0,0
0,1,3548,1557,576,653,762,230,89,76,113,0,1,0,1,0,0
0,3,2436,517,1249,617,53,75,156,83,7,0,1,0,0,1,0
1,2,2691,1545,573,573,0,226,104,64,0,0,1,0,1,0,0
0,0,3094,730,1406,523,435,116,226,82,48,0,1,0,1,1,0
0,0,2708,994,1499,150,65,135,196,20,7,0,1,0,1,0,0
0,1,1911,0,928,921,62,0,154,123,11,1,0,1,0,1,0
0,0,5968,1503,1864,2458,143,209,273,331,22,0,1,0,1,1,0
0,0,4259,1025,2383,315,536,148,281,39,81,0,1,0,1,1,0
0,4,1834,0,1541,146,147,0,213,18,24,0,0,0,0,0,1
1,4,2086,0,2015,71,0,0,287,11,0,0,0,0,0,0,0
0,2,3492,470,3022,0,0,59,416,0,0,0,1,0,1,0,0
0,0,2643,1126,966,439,112,163,140,46,17,0,1,0,1,1,0
0,2,583,53,381,130,19,10,33,18,3,0,1,0,1,1,0
0,0,3841,1025,1796,443,577,148,232,60,89,0,1,0,1,1,0
1,0,3182,2648,392,111,31,401,62,17,4,1,1,0,1,0,0
1,0,3236,2648,365,171,52,401,56,26,8,1,1,0,1,0,0
0,6,1163,228,935,0,0,32,107,0,0,0,1,0,0,0,0
1,3,674,0,639,35,0,0,105,7,0,0,0,1,0,0,0
0,5,1923,228,1695,0,0,32,205,0,0,0,1,0,0,0,0
0,0,2199,570,616,762,251,77,104,99,38,0,1,0,1,0,0
0,1,7126,2419,3511,1185,11,377,473,149,1,0,1,0,1,1,0
0,0,2398,979,999,267,153,144,130,33,25,0,1,0,1,1,0
0,7,1128,0,671,457,0,0,92,51,0,0,0,1,0,0,0
0,2,1117,607,259,0,251,81,33,0,31,0,1,0,1,1,0
0,1,1086,683,246,0,157,124,29,0,20,1,1,0,1,0,0
0,5,3544,1254,1162,832,296,183,184,120,46,0,1,0,1,0,0
0,6,1439,0,1142,169,128,0,171,31,25,0,0,0,0,0,0
0,5,1386,887,214,216,69,131,30,32,7,0,1,0,0,0,0
0,0,5386,681,3613,251,841,101,536,37,141,1,1,0,1,0,0
0,1,895,175,486,162,72,29,74,22,5,0,1,0,1,1,0
0,2,4452,1531,2434,487,0,241,372,71,0,0,1,0,1,1,0
0,1,929,0,510,277,142,0,82,43,15,1,0,0,0,1,0
0,1,3522,0,635,1529,1358,0,99,194,209,0,0,1,1,0,0
0,6,2806,0,1732,941,133,0,241,130,17,0,0,0,0,0,0
0,8,3469,0,3469,0,0,0,475,0,0,0,0,0,0,0,0
0,0,2199,570,616,762,251,77,104,99,38,0,1,0,1,0,0
0,0,2003,729,873,164,237,109,148,24,27,0,1,0,1,1,0
0,1,3406,615,1548,824,419,83,233,118,67,0,1,0,1,1,0
0,3,2845,970,651,769,455,134,97,86,67,0,1,0,1,1,0
0,2,1367,1252,115,0,0,198,19,0,0,0,1,0,1,0,0
0,1,2441,684,1151,606,0,86,158,77,0,0,1,0,1,0,0
0,0,3145,430,1501,830,384,73,238,101,56,0,1,0,0,1,0
0,0,2852,463,743,1382,264,77,109,195,41,0,1,0,1,1,0
0,7,1690,433,1257,0,0,48,188,0,0,0,1,1,1,1,0
0,6,2412,0,690,1369,353,0,101,186,45,0,0,0,0,1,0
0,0,1208,683,392,68,65,124,55,12,6,1,1,0,1,0,0
0,1,3123,684,1475,964,0,86,189,112,0,0,1,0,1,0,0
0,1,946,0,732,138,76,0,103,20,10,1,0,0,0,1,0
0,4,3889,0,2004,1140,745,0,327,179,107,0,0,0,1,0,0
0,0,4488,1021,931,2284,252,183,122,296,26,1,1,0,1,1,0
0,3,2145,815,899,431,0,121,129,61,0,0,1,0,1,1,0
0,3,419,0,371,48,0,0,52,7,0,0,0,0,0,0,0
0,7,300,0,300,0,0,0,41,0,0,0,0,0,0,0,0
0,2,3852,936,2649,267,0,140,371,36,0,0,1,0,1,1,0
0,6,1803,0,1194,198,411,0,153,20,53,0,0,0,0,0,0
0,5,1446,228,1218,0,0,32,155,0,0,0,1,0,0,0,0
0,5,1499,887,422,151,39,131,62,21,5,0,1,0,0,1,0
0,3,3027,747,1203,1077,0,125,165,152,0,0,1,0,1,1,0
0,2,3373,1247,1688,438,0,192,248,67,0,0,1,1,1,0,0
0,3,637,0,637,0,0,0,70,0,0,0,0,0,0,0,0
0,0,2199,570,616,762,251,77,104,99,38,0,1,0,1,0,0
0,0,2063,615,768,382,298,83,113,47,44,1,1,0,1,1,0
0,6,601,0,269,309,23,0,43,41,5,0,0,0,0,1,0
0,0,2320,633,1357,206,124,94,216,33,20,0,1,0,1,1,0
0,2,1569,441,585,340,203,74,96,48,28,0,1,0,1,1,0
0,0,2199,570,616,762,251,77,104,99,38,0,1,0,1,0,0
0,2,6462,1251,5211,0,0,201,679,0,0,0,1,0,1,0,0
0,5,2762,332,1277,1153,0,50,165,155,0,0,1,0,1,1,0
0,0,4258,778,2741,627,112,130,421,91,17,0,1,0,1,0,0
0,0,5142,1090,3002,814,236,176,497,100,24,0,1,0,0,1,0
0,0,6917,1669,3818,1024,406,251,538,129,52,0,1,0,1,0,0
0,3,3371,610,807,529,1425,87,125,73,211,1,1,0,1,1,0
0,0,2471,729,887,593,262,109,152,70,29,0,1,0,1,1,0
0,5,2330,79,2007,121,123,12,317,10,14,0,1,0,1,0,0
0,2,3394,970,1337,901,186,134,183,133,25,0,1,0,1,1,0
0,4,1076,0,1076,0,0,0,154,0,0,0,0,0,0,0,0
0,5,2239,134,821,766,518,20,120,62,74,0,1,0,1,1,0
0,5,2311,445,1135,525,206,61,173,75,33,0,1,0,1,1,0
0,0,3401,1126,1170,949,156,163,161,117,21,0,1,0,1,1,0
0,2,2995,1100,1213,676,6,180,206,93,1,1,1,0,1,1,0
0,1,3034,1286,1507,98,143,153,184,8,16,0,1,0,1,1,0
0,2,3507,405,657,1613,832,65,104,218,128,0,1,0,1,0,0
0,6,1877,1247,107,523,0,192,18,83,0,0,1,0,1,0,0
0,2,1198,598,600,0,0,80,101,0,0,0,1,0,1,0,0
0,7,2978,601,2377,0,0,91,307,0,0,0,1,0,1,0,0
0,2,1637,829,721,70,17,131,107,10,2,0,1,0,1,1,0
0,0,3105,610,831,873,791,97,149,117,136,0,1,0,1,0,0
0,3,4446,525,2329,1187,405,88,339,165,66,0,1,0,1,1,0
0,1,4409,543,2873,654,339,77,417,77,49,1,1,0,1,1,0
0,6,870,0,870,0,0,0,113,0,0,0,0,0,0,0,0
0,0,2285,651,620,579,435,100,84,76,65,0,1,0,1,1,0
0,0,3163,747,1875,168,373,122,273,21,61,0,1,0,1,0,0
0,3,331,0,331,0,0,0,45,0,0,1,0,1,0,0,0
0,5,5473,2130,1585,473,1285,331,273,65,191,0,1,0,1,1,0
0,4,2749,403,1651,594,101,63,246,69,12,0,1,0,1,1,0
0,5,2811,112,2616,63,20,18,370,5,2,0,1,0,0,1,0
0,1,2972,778,2005,189,0,128,309,18,0,0,1,0,1,1,0
0,6,1856,1247,336,273,0,192,54,39,0,0,1,0,1,0,0
0,3,5327,1594,3733,0,0,270,595,0,0,0,1,0,1,1,0
0,1,1383,0,583,704,96,0,105,97,17,0,0,0,0,1,0
0,1,806,364,93,349,0,56,17,45,0,0,1,0,1,1,0
0,5,4565,641,2884,736,304,97,119,24,5,0,1,0,0,1,0
0,0,4976,250,4352,361,13,30,477,58,2,0,1,0,0,0,0
0,8,672,0,672,0,0,0,101,0,0,0,0,0,0,1,0
0,6,3155,0,3155,0,0,0,531,0,0,0,0,0,1,0,0
0,6,1727,0,1389,146,192,0,195,17,23,0,0,0,0,1,0
0,7,3071,454,2617,0,0,68,308,0,0,0,1,0,1,0,0
0,2,1613,549,679,385,0,87,96,52,0,0,1,0,1,1,0
0,0,6328,1149,1276,3566,337,160,175,465,50,0,1,0,1,0,0
0,6,1536,0,1196,148,192,0,166,18,23,0,0,0,0,1,0
0,1,1574,829,658,70,17,131,101,10,2,0,1,0,1,1,0
0,3,558,0,558,0,0,0,82,0,0,1,0,1,0,0,0
0,6,1222,0,472,633,117,0,72,91,17,0,0,0,0,1,0
0,1,8158,1402,3792,2702,262,182,482,331,44,0,1,0,1,0,0
1,3,1265,0,1265,0,0,0,151,0,0,0,0,0,0,0,0
0,2,1602,0,1504,98,0,0,192,19,0,1,0,0,0,0,0
0,4,2136,336,803,997,0,55,97,121,0,0,1,0,1,1,0
0,1,5811,2480,801,1301,1229,298,100,157,164,1,1,0,1,1,0
0,6,6623,2289,4312,22,0,319,614,3,0,0,1,0,1,0,0
0,6,3342,0,630,2403,309,0,93,305,50,0,0,0,0,1,0
0,6,3341,0,1746,1286,309,0,232,165,50,0,0,0,0,1,0
0,2,4167,415,2390,742,620,54,346,110,93,0,1,0,1,0,1
0,2,4691,1073,1631,899,1088,154,206,117,169,0,1,0,1,0,0
0,1,1593,558,472,219,344,84,60,33,57,0,1,0,1,0,0
0,1,2058,684,738,636,0,86,94,87,0,0,1,0,1,0,0
0,3,2964,641,1842,420,61,92,282,51,10,0,1,0,1,1,0
0,0,2107,487,883,342,395,67,115,40,49,1,1,0,1,0,0
0,7,1623,0,937,686,0,0,138,92,0,0,0,0,0,1,0
0,1,1397,0,895,340,162,0,117,41,23,1,0,0,1,0,0
0,2,3660,415,2116,360,769,54,286,41,110,0,1,0,1,0,1
0,1,3615,415,1745,812,643,54,245,114,92,0,1,0,1,0,1
0,6,1683,0,1193,198,292,0,153,20,35,0,0,0,0,0,0
0,2,3411,1247,1688,476,0,192,248,72,0,0,1,0,1,0,0
1,0,3159,256,2625,205,73,40,406,28,9,0,1,0,1,0,0
1,5,3429,1258,1181,843,147,182,168,101,18,0,1,0,1,1,0
0,0,1448,426,184,668,170,58,25,86,19,0,1,0,1,1,0
0,7,1109,0,963,146,0,0,150,22,0,0,0,0,0,1,0
0,0,4553,1025,2432,560,536,148,313,70,81,0,1,0,1,0,0
0,5,2648,637,947,460,604,89,118,64,91,0,1,0,1,1,0
0,0,3693,1247,1850,214,382,216,290,17,42,0,1,0,1,1,0
1,0,3062,254,1286,729,793,43,206,105,128,0,1,0,1,1,0
0,6,1396,0,862,330,204,0,124,39,26,0,0,0,0,1,0
0,0,3009,300,995,1417,297,38,134,185,38,1,1,0,1,0,0
0,5,2568,321,1073,872,302,45,152,109,37,0,1,0,1,1,0
0,1,3010,472,2537,1,0,59,317,1,0,1,1,0,0,0,0
0,6,432,0,193,148,91,0,21,21,13,0,0,0,0,1,0
0,0,4334,1628,1910,775,21,207,259,91,3,1,1,0,1,1,0
0,0,4734,1025,2544,629,536,148,331,87,81,0,1,0,1,0,0
0,4,1698,0,1264,434,0,0,177,40,0,1,0,0,1,0,0
0,0,2173,408,1300,414,51,53,175,53,6,1,1,0,1,1,0
0,0,6951,4007,1494,1315,135,588,207,137,11,0,1,0,1,1,0
0,1,1862,0,630,1036,196,0,87,161,19,1,0,0,0,0,1
0,0,3994,1042,1391,865,696,178,184,123,111,0,1,0,1,1,0
0,1,2179,673,989,517,0,97,160,82,0,0,1,0,1,1,0
0,2,2278,781,1361,136,0,109,207,14,0,1,1,0,1,0,0
0,2,919,174,558,0,187,24,85,0,27,0,1,0,1,0,0
0,2,3002,964,1365,673,0,146,162,75,0,0,1,0,1,0,0
0,2,4142,430,2107,1189,416,73,277,155,61,0,1,0,0,0,0
0,0,5682,1252,3243,818,369,198,393,107,58,0,1,0,1,0,0
0,1,3240,1208,1752,175,105,155,223,15,13,0,1,0,1,1,0
0,3,2214,1545,336,333,0,226,57,52,0,0,1,0,1,1,0
0,5,539,0,345,191,3,0,56,20,1,0,0,0,0,0,0
0,1,2723,415,1386,922,0,54,175,120,0,0,1,0,1,0,1
0,0,6569,219,6051,196,103,36,899,27,15,1,1,0,1,1,0
0,0,1940,829,1020,70,21,131,142,9,4,0,1,0,1,1,0
0,2,2740,415,1884,203,238,54,271,22,36,0,1,0,1,0,1
0,0,3100,2662,188,203,47,379,27,20,7,0,1,0,1,1,0
0,2,4144,415,2221,1508,0,54,290,208,0,0,1,0,1,0,1
0,1,4975,2301,571,400,1703,320,72,51,258,0,1,0,1,1,0
0,2,553,53,332,149,19,10,28,20,3,0,1,0,1,0,0
0,2,583,53,381,130,19,10,33,18,3,0,1,0,1,1,0
0,0,2352,410,1357,311,274,67,192,35,40,0,1,0,1,0,0
0,0,4100,1286,941,1087,786,153,135,141,115,0,1,0,1,1,0
0,0,2594,1550,423,312,309,216,63,55,37,1,1,0,1,1,0
0,0,3114,726,853,637,898,83,124,92,118,0,1,0,1,0,0
0,1,5869,415,2520,2934,0,54,343,391,0,0,1,0,1,0,1
0,1,5547,2206,2371,262,708,350,385,17,119,0,1,0,1,1,0
0,2,2538,781,1621,136,0,109,241,14,0,1,1,0,1,0,0
0,1,559,53,317,170,19,10,24,22,3,0,1,0,1,1,0
0,0,3459,1126,1608,582,143,163,217,73,20,0,1,0,1,1,0
0,6,2746,745,789,1212,0,103,101,151,0,0,1,0,1,1,0
0,1,3214,1441,779,994,0,220,92,130,0,0,1,0,1,1,0
0,4,2842,1376,481,662,323,226,79,80,32,0,1,0,1,1,0
0,1,2398,0,2171,187,40,0,270,15,7,1,0,0,0,1,0
0,7,731,0,386,345,0,0,52,47,0,0,0,0,0,1,0
0,1,2888,684,1490,714,0,86,193,86,0,0,1,0,1,0,0
0,8,427,0,427,0,0,0,79,0,0,0,0,1,0,0,1
0,0,6103,746,3944,1053,360,127,443,134,50,0,1,0,1,1,0
0,1,3924,850,1220,618,1236,146,174,81,207,0,1,0,1,0,0
0,5,5620,1576,230,3814,0,243,36,523,0,0,1,0,1,1,0
0,3,3283,489,1339,1338,117,76,184,156,16,0,1,0,1,1,0
0,1,645,53,456,117,19,10,50,15,3,0,1,0,1,1,0
0,2,3107,0,2461,646,0,0,348,85,0,1,0,0,0,0,0
0,6,5201,781,2709,1711,0,109,380,211,0,0,1,0,1,0,0
0,6,2900,781,1866,253,0,109,266,32,0,1,1,0,1,0,0
0,5,2020,0,1435,585,0,0,184,71,0,1,0,0,0,0,0
0,7,2408,0,690,1718,0,0,66,176,0,0,0,0,0,1,0
0,7,1672,0,1273,399,0,0,182,52,0,0,0,0,0,0,0
0,1,1883,829,935,93,26,131,147,9,4,0,1,0,1,1,0
0,5,2262,716,1012,389,145,89,162,55,19,0,1,0,1,1,0
0,6,2842,0,2068,430,344,0,256,65,48,0,0,0,0,0,0
0,7,749,384,365,0,0,70,59,0,0,0,1,0,1,0,0
0,3,2768,1439,1008,258,63,212,139,32,12,0,1,0,1,0,0
0,1,5072,805,3367,900,0,116,464,115,0,0,1,0,1,1,0
0,5,3979,812,3167,0,0,131,471,0,0,0,1,0,1,0,0
0,5,2587,321,1405,610,251,45,181,71,30,0,1,0,1,1,0
0,1,3310,684,1709,917,0,86,209,112,0,0,1,0,1,0,0
1,0,2200,829,1055,192,124,131,167,27,15,1,1,0,1,1,0
0,6,2333,778,1219,336,0,128,182,33,0,0,1,0,1,1,0
0,1,2783,684,1541,558,0,86,203,71,0,0,1,0,1,0,0
0,1,2913,684,1288,941,0,86,168,105,0,0,1,0,1,0,0
0,2,1966,281,616,1061,8,33,82,56,2,0,1,0,1,0,0
0,1,5293,1958,2848,487,0,335,493,63,0,0,1,0,1,1,0
0,3,2611,580,1252,779,0,93,186,95,0,0,1,0,1,0,0
0,1,2844,684,1189,971,0,86,164,108,0,0,1,0,1,0,0
0,3,3296,865,2431,0,0,124,303,0,0,0,1,0,1,0,0
0,7,1058,979,79,0,0,144,13,0,0,0,1,0,1,1,0
0,1,3913,1384,1787,742,0,213,246,91,0,0,1,0,1,0,0
0,3,820,0,469,175,176,0,65,21,21,0,0,0,0,0,0
0,2,911,393,518,0,0,62,67,0,0,1,1,0,1,1,0
0,5,916,401,312,152,51,33,47,19,7,0,1,0,1,1,0
0,5,1173,393,401,373,6,62,63,40,1,0,1,0,1,0,0
1,0,2956,429,1408,456,663,62,209,57,105,0,1,0,1,1,0
0,8,1313,0,1313,0,0,0,183,0,0,0,0,0,0,0,0
0,7,1429,0,741,688,0,0,102,99,0,0,0,0,0,0,0
0,2,554,53,332,150,19,10,28,20,3,0,1,0,1,0,0
0,0,1730,392,938,256,144,68,138,36,28,1,1,0,1,1,0
0,1,2617,684,1219,714,0,86,151,86,0,0,1,0,1,0,0
0,6,2477,741,934,802,0,111,163,102,0,0,1,0,1,1,0
0,6,1365,0,1082,167,116,0,152,24,14,0,0,0,0,0,0
0,1,1649,0,1311,199,139,0,174,21,20,1,0,0,0,0,1
0,6,2211,0,685,376,1150,0,89,48,177,0,0,0,0,1,0
0,0,2347,426,550,1094,277,62,87,151,40,0,1,0,1,1,0
0,1,3727,570,1197,1778,182,77,163,244,30,0,1,0,1,1,0
0,4,4667,2636,1630,401,0,421,231,56,0,0,1,0,1,1,0
0,0,5929,2676,1672,1318,263,392,238,163,40,0,1,0,1,1,0
0,1,3822,2021,457,1344,0,294,76,184,0,0,1,0,1,1,0
0,2,5015,1687,2696,632,0,247,368,84,0,0,1,0,1,0,0
0,0,3600,513,1285,1362,440,82,187,162,64,0,1,0,1,0,0
0,1,2553,512,996,631,414,78,151,92,53,0,1,0,1,1,0
0,1,2030,0,1337,548,145,0,169,67,19,0,0,0,0,1,0
0,2,5135,702,1720,1526,1187,110,248,209,158,0,1,0,1,0,0
0,1,1813,651,368,538,256,107,42,67,37,0,1,0,1,1,0
0,1,4243,415,2511,1317,0,54,339,170,0,0,1,0,1,0,1
0,4,5014,1594,3420,0,0,270,541,0,0,0,1,0,1,1,0
0,1,1505,217,579,344,365,35,87,52,58,1,1,0,1,1,0
0,0,3355,1230,1334,502,289,181,206,63,48,0,1,0,1,1,0
0,6,2607,1001,1130,476,0,136,157,55,0,0,1,0,1,1,0
0,1,2510,878,785,685,162,134,110,110,22,0,1,0,1,1,0
0,7,1691,0,1051,640,0,0,129,84,0,0,0,0,0,0,0
0,1,2601,684,1222,695,0,86,151,85,0,0,1,0,1,0,0
0,7,1082,0,897,185,0,0,149,25,0,0,0,0,0,1,0
0,3,1477,879,341,155,102,141,55,24,15,0,1,0,1,1,0
0,0,477,53,247,158,19,10,37,21,3,0,1,0,1,1,0
0,0,3564,730,1376,1001,457,116,218,122,50,0,1,0,1,1,0
0,2,3445,879,1120,1311,135,141,146,168,22,0,1,0,1,1,0
0,8,871,0,871,0,0,0,118,0,0,0,0,0,1,0,0
0,4,1095,0,1095,0,0,0,175,0,0,0,0,0,0,0,0
0,6,1026,624,234,0,168,87,39,0,30,0,1,0,1,0,0
0,0,1450,505,422,355,168,79,57,50,22,0,1,0,1,1,0
0,7,5233,1820,3413,0,0,327,561,0,0,0,1,1,1,0,0
0,2,3312,610,927,629,1146,87,130,84,173,1,1,0,1,1,0
0,5,1106,672,64,144,226,93,10,21,34,0,1,0,1,1,0
0,3,5147,1014,3683,450,0,167,508,58,0,0,1,0,1,1,0
0,0,1374,509,629,219,17,78,100,26,2,1,1,0,1,0,0
0,7,1405,560,845,0,0,98,137,0,0,0,1,0,1,1,0
0,1,2690,986,946,758,0,132,129,93,0,0,1,0,1,1,0
0,2,7003,2206,3199,890,708,350,509,130,119,0,1,0,1,1,0
0,0,4791,1099,1810,514,1368,147,280,69,200,0,1,0,1,1,1
0,0,5316,2676,1292,1080,268,392,163,127,32,0,1,0,1,1,0
0,6,752,175,484,0,93,29,74,0,7,0,1,0,1,1,0
0,5,7259,1913,2519,2827,0,293,386,405,0,0,1,0,1,1,0
0,6,1602,0,267,267,1068,0,40,40,136,0,0,0,0,0,0
0,2,2591,1550,609,213,219,216,89,28,30,0,1,0,1,1,0
0,1,6338,1441,1574,2026,1297,221,202,260,167,0,1,0,1,1,0
0,1,569,70,368,131,0,10,57,19,0,0,1,0,1,0,0
0,0,5757,986,1858,2791,122,132,229,336,16,0,1,0,1,1,0
0,2,2391,1550,651,64,126,216,95,9,12,1,1,0,1,1,0
0,1,3727,842,2424,461,0,124,353,60,0,0,1,0,1,0,0
0,1,2338,0,1056,780,502,0,174,101,59,1,0,0,1,1,0
0,5,5566,1594,3972,0,0,270,594,0,0,0,1,0,1,1,0
0,4,2189,560,1585,44,0,98,228,6,0,0,1,0,1,1,0
0,0,4892,619,3480,698,95,64,461,89,12,1,1,0,1,1,0
0,3,3564,879,2140,477,68,141,296,63,7,0,1,0,1,1,0
0,3,1677,237,609,831,0,37,88,103,0,0,1,0,1,1,0
0,4,2169,310,1168,323,368,53,157,47,59,0,1,0,1,1,0
0,6,162,0,150,6,6,0,25,1,1,0,0,0,0,1,0
0,0,2946,725,1452,533,236,119,199,60,33,0,1,0,1,0,0
0,1,3288,879,1675,540,194,141,223,75,21,0,1,0,1,0,0
0,1,155,0,71,72,12,0,13,9,2,1,0,1,0,0,0
0,2,583,53,381,130,19,10,33,18,3,0,1,0,1,1,0
0,2,3326,606,2203,517,0,88,217,82,0,0,1,0,1,1,0
0,1,721,115,580,26,0,15,91,4,0,0,1,0,1,1,0
0,1,6197,2480,954,1579,1184,298,118,190,157,1,1,0,1,1,0
0,1,2854,660,610,1391,193,112,83,184,22,0,1,0,1,0,0
0,4,3008,476,1422,981,129,74,190,132,17,0,1,0,1,0,0
0,1,1353,423,767,163,0,65,130,30,0,0,1,0,1,0,0
0,1,1181,228,181,772,0,32,26,87,0,0,1,0,0,0,0
0,1,3007,0,2109,112,786,0,328,12,128,1,0,0,1,1,0
0,0,4541,2676,757,841,267,392,104,103,39,0,1,0,1,1,0
0,1,1311,186,412,713,0,30,66,110,0,0,1,0,1,1,0
0,1,5825,415,2360,3050,0,54,308,397,0,0,1,1,1,0,1
0,5,1556,153,143,861,399,25,25,109,55,0,1,0,1,1,0
1,2,1242,0,785,281,176,0,106,30,19,0,0,0,0,0,1
0,0,3117,229,1414,1023,451,33,201,138,68,0,1,0,1,1,0
0,1,2618,684,1220,714,0,86,150,86,0,0,1,0,1,0,0
0,1,2743,879,890,538,436,141,127,71,65,0,1,0,1,1,0
0,2,1506,377,932,197,0,60,139,21,0,0,1,0,1,0,0
0,1,2247,361,1563,323,0,57,226,48,0,1,1,0,1,1,0
0,2,6074,697,3748,1629,0,99,511,227,0,0,1,0,1,0,0
0,0,3707,726,912,1174,895,83,136,158,114,0,1,0,1,0,0
1,1,1260,391,387,482,0,56,58,63,0,0,1,0,1,1,0
0,1,7101,697,4825,1579,0,99,648,195,0,0,1,0,1,0,0
0,5,4238,781,2419,1038,0,109,330,125,0,0,1,0,1,0,0
0,2,1578,336,371,871,0,55,46,119,0,0,1,0,1,1,0
0,0,2543,695,1112,365,371,120,176,63,66,0,1,0,1,0,0
0,0,3740,1025,1744,435,536,148,213,58,81,0,1,0,1,0,0
0,2,1991,0,1511,480,0,0,209,59,0,0,0,0,0,0,1
0,7,1574,0,533,1041,0,0,73,123,0,0,0,0,0,0,0
0,3,1805,0,1315,0,490,0,206,0,76,1,0,0,0,0,0
0,1,2106,581,648,647,230,85,96,80,34,0,1,0,1,0,0
0,1,2115,415,960,740,0,54,125,93,0,0,1,0,1,0,1
0,5,693,0,324,358,11,0,56,47,2,0,0,0,0,1,1
0,0,3212,1181,670,535,826,156,79,75,89,0,1,0,1,0,0
0,3,561,0,547,0,14,0,84,0,3,0,0,0,1,1,0
0,0,1660,1018,390,179,73,141,61,31,9,0,1,0,1,0,0
0,1,1287,0,538,475,274,0,81,67,45,0,0,0,0,0,0
0,1,3281,415,2015,613,238,54,267,78,36,0,1,0,1,0,1
0,1,645,53,456,117,19,10,50,15,3,0,1,0,1,1,0
0,1,4353,415,2321,1001,616,54,345,135,86,0,1,0,1,0,1
0,5,4958,2676,1069,928,285,392,132,117,42,0,1,0,1,1,0
0,3,583,0,583,0,0,0,78,0,0,0,0,0,0,0,0
0,3,1840,0,1840,0,0,0,268,0,0,1,0,0,0,1,0
0,6,1162,0,933,111,118,0,163,10,20,0,0,0,1,1,0
0,4,2730,775,942,931,82,124,155,137,11,0,1,0,1,1,0
0,2,3428,589,2839,0,0,80,385,0,0,1,1,1,1,0,0
0,6,579,0,366,190,23,0,51,26,3,0,0,0,0,1,0
0,3,1331,0,904,427,0,0,106,55,0,0,0,0,0,0,0
0,0,647,53,458,117,19,10,50,15,3,0,1,0,1,1,0
1,1,1687,616,616,199,256,112,112,24,33,0,1,0,1,0,0
1,7,4251,3899,352,0,0,562,46,0,0,0,1,0,1,1,0
0,0,2807,879,1043,528,357,141,143,64,46,0,1,0,1,1,0
0,1,3195,1565,1258,172,200,256,209,22,32,0,1,0,1,1,0
0,0,2069,204,1569,121,175,37,256,13,28,0,1,0,1,1,0
0,1,2419,0,1581,458,380,0,201,61,55,0,0,0,0,0,0
0,1,1424,577,546,94,207,90,72,12,24,1,1,0,1,1,0
0,2,4399,2790,825,784,0,370,110,110,0,1,1,0,1,0,0
0,7,1693,1057,636,0,0,125,76,0,0,0,1,0,1,1,0
0,0,3198,917,1632,463,186,148,239,61,26,0,1,0,1,1,0
0,2,4144,415,2221,1508,0,54,290,208,0,0,1,0,1,0,1
0,0,3876,1025,1872,443,536,148,234,60,81,0,1,0,1,0,0
0,7,1972,560,1412,0,0,98,230,0,0,0,1,0,1,0,0
0,2,3241,415,2007,580,239,54,286,79,37,0,1,0,1,0,1
0,0,3075,487,1180,1013,395,67,161,143,49,0,1,0,1,0,0
0,2,4016,450,1773,1728,65,65,227,210,8,0,1,0,1,1,0
1,0,2858,76,1889,427,466,14,299,74,79,0,1,0,1,1,0
0,5,2306,228,985,1093,0,32,115,146,0,0,1,0,0,0,0
0,0,4743,1465,2186,743,349,230,301,118,53,0,1,0,1,1,0
0,1,2738,684,1339,715,0,86,184,86,0,0,1,0,1,0,0
0,5,2093,1371,621,101,0,220,94,12,0,0,1,0,1,1,1
0,0,4293,1465,1708,771,349,230,235,121,53,0,1,0,1,1,0
0,1,5459,684,3273,1502,0,86,439,197,0,0,1,0,1,0,0
0,3,2543,763,793,813,174,130,130,101,28,0,1,0,1,1,0
0,5,2963,885,1114,964,0,141,155,135,0,0,1,0,1,0,0
0,6,536,0,174,291,71,0,23,42,8,0,0,0,1,1,0
0,2,5593,2676,1695,1019,203,392,238,128,29,0,1,0,1,1,0
0,1,1535,829,619,70,17,131,97,10,2,0,1,0,1,1,0
0,3,2415,549,1264,336,266,87,187,50,38,0,1,0,1,0,0
0,1,3849,684,1963,1202,0,86,269,154,0,0,1,0,1,0,0
0,0,4197,787,1845,778,787,111,296,111,113,1,1,0,1,1,0
0,1,5880,1049,3581,1250,0,151,466,137,0,0,1,0,1,1,0
0,6,2319,0,1345,838,136,0,180,118,18,0,0,0,0,0,0
0,0,1989,339,469,332,849,48,71,48,126,1,1,0,1,1,0
0,6,5974,489,4248,1237,0,76,566,138,0,0,1,0,1,1,0
0,1,1844,522,320,1002,0,95,57,118,0,0,1,0,1,0,0
0,0,1442,577,547,95,223,90,73,13,27,1,1,0,1,1,0
0,2,554,53,332,150,19,10,28,20,3,0,1,0,1,0,0
0,1,4964,250,4354,360,0,30,479,58,0,0,1,0,0,0,0
1,1,7709,0,3161,2636,1912,0,527,390,335,0,0,0,0,1,0
1,1,5332,1252,2038,1806,236,198,311,231,33,0,1,0,1,1,0
0,2,3038,405,311,1665,657,65,49,220,106,0,1,0,1,1,0
0,2,2326,222,991,586,527,29,149,71,84,0,1,0,1,1,0
0,5,3860,310,1250,1794,506,53,202,266,85,0,1,0,1,0,0
0,2,2548,415,1509,624,0,54,214,89,0,0,1,0,1,0,1
0,8,820,0,820,0,0,0,125,0,0,0,0,0,0,1,0
0,1,3000,415,1889,696,0,54,258,98,0,0,1,0,1,0,1
0,2,5640,415,4002,983,240,54,548,128,37,0,1,0,1,0,1
0,0,2787,694,1273,677,143,105,165,81,17,1,1,0,1,0,0
0,0,2238,844,931,331,132,125,130,42,17,0,1,0,1,1,0
0,1,2913,549,1468,0,896,87,237,0,157,0,1,0,1,0,0
0,5,1636,295,699,250,392,47,110,35,60,0,1,0,1,1,0
0,3,4971,0,4971,0,0,0,684,0,0,1,0,0,0,0,0
0,2,3156,0,2539,581,36,0,403,82,7,0,0,0,0,0,0
0,3,2428,0,1788,640,0,0,263,80,0,0,0,0,0,0,0
0,2,1150,464,257,429,0,71,30,55,0,0,1,0,1,0,0
0,1,3095,684,1374,1037,0,86,176,120,0,0,1,0,1,0,0
0,5,1179,225,225,585,144,36,36,71,15,0,1,0,1,1,0
0,3,1702,979,429,294,0,144,67,40,0,0,1,0,1,1,0
0,6,1724,0,807,867,50,0,125,138,8,0,0,0,0,1,0
0,0,5681,1025,3307,813,536,148,423,103,81,0,1,0,1,0,0
0,1,2404,684,1006,714,0,86,130,86,0,0,1,0,1,0,0
0,5,694,129,487,33,45,17,79,5,4,0,1,0,1,1,0
0,6,2129,0,251,1501,377,0,38,258,62,0,0,0,0,0,0
0,2,2430,603,731,1096,0,94,116,135,0,0,1,0,1,1,0
0,0,647,53,458,117,19,10,50,15,3,0,1,0,1,1,0
0,1,1887,0,1332,367,188,0,172,45,26,1,0,0,0,0,0
0,2,1679,464,754,461,0,71,100,53,0,0,1,0,1,0,0
0,0,2176,773,761,375,267,120,91,48,39,0,1,0,1,1,0
0,6,1674,0,303,303,1068,0,48,48,136,0,0,0,0,0,0
0,0,3002,651,1055,578,718,107,135,69,100,0,1,0,1,1,0
0,5,3601,1550,1048,248,755,216,149,28,88,0,1,0,1,1,0
0,2,2120,437,979,576,128,66,164,104,25,0,1,0,1,0,0
0,0,2372,558,978,6,830,84,144,1,109,1,1,0,1,0,0
0,7,851,393,458,0,0,62,57,0,0,0,1,0,1,1,0
0,5,1179,225,224,586,144,36,36,71,15,0,1,0,1,1,0
0,3,932,464,468,0,0,71,50,0,0,0,1,0,1,0,0
0,2,3940,1376,1333,908,323,226,194,111,32,0,1,0,1,0,0
0,1,2693,684,1272,737,0,86,158,88,0,0,1,0,1,0,0
1,6,2420,0,2333,87,0,0,343,14,0,0,0,0,1,0,0
1,1,2367,0,1272,713,382,0,193,74,49,0,0,0,1,1,0
0,4,2129,310,1113,369,337,53,158,50,55,0,1,0,1,1,0
0,0,4294,606,1630,1660,398,75,245,243,63,0,1,0,1,1,0
0,1,4642,298,2066,1993,285,42,265,264,42,0,1,0,1,1,0
0,1,2536,1050,901,585,0,155,129,79,0,0,1,0,1,1,0
0,8,113,0,113,0,0,0,17,0,0,0,0,0,0,1,0
0,4,5313,1594,3719,0,0,270,596,0,0,0,1,0,1,1,0
0,0,2641,229,679,1282,451,33,85,146,68,0,1,0,1,0,0
0,2,6396,1419,4290,687,0,206,604,88,0,1,1,0,1,1,0
0,4,2265,879,988,398,0,141,138,54,0,0,1,0,1,1,0
0,0,7876,1271,6454,125,26,197,873,21,1,1,1,0,1,0,0
0,1,2616,684,1218,714,0,86,150,86,0,0,1,0,1,0,0
0,4,2002,699,878,253,172,100,127,32,23,0,1,0,1,1,0
0,0,3124,2662,188,226,48,379,27,28,7,0,1,0,1,1,0
0,7,504,384,120,0,0,70,14,0,0,0,1,0,1,0,0
0,8,3801,0,3801,0,0,0,533,0,0,0,0,0,0,0,0
0,1,1432,300,646,340,146,44,88,46,25,0,1,0,1,1,0
0,0,2396,878,879,505,134,134,131,77,18,0,1,0,1,1,0
0,5,1006,269,486,220,31,40,73,31,3,0,1,0,0,1,0
0,0,5208,1286,1020,1082,1820,153,154,141,306,1,1,0,1,1,0
0,2,1471,1252,219,0,0,198,26,0,0,0,1,0,1,0,0
0,2,4596,1484,2152,429,531,240,323,59,78,1,1,0,1,1,0
0,1,3492,1126,963,1220,183,163,116,143,29,0,1,0,1,1,0
0,1,1332,464,359,509,0,71,35,48,0,0,1,0,1,0,0
0,1,2614,771,1027,288,528,111,120,36,77,1,1,0,1,1,0
0,1,3911,415,3018,240,238,54,419,27,36,0,1,0,1,0,1
0,2,3059,0,2038,1021,0,0,284,128,0,0,0,0,1,0,0
1,0,3147,256,2613,205,73,40,405,28,9,0,1,0,1,0,0
0,3,1369,464,319,586,0,71,41,72,0,0,1,0,1,0,0
0,6,916,228,688,0,0,32,83,0,0,0,1,0,0,0,0
0,7,1045,380,665,0,0,64,97,0,0,0,1,0,1,1,0
0,4,2288,879,958,451,0,141,125,64,0,0,1,0,1,1,0
0,6,1075,244,552,279,0,32,85,40,0,0,1,0,1,1,0
0,2,4169,1687,1177,1305,0,247,195,157,0,0,1,0,1,0,0
0,4,1802,0,1802,0,0,0,286,0,0,0,0,0,1,1,0
0,1,906,464,196,246,0,71,29,32,0,1,1,0,1,0,0
0,0,6674,2206,3652,162,654,350,553,17,104,0,1,0,1,0,0
0,7,1126,499,627,0,0,71,99,0,0,0,1,0,1,1,0
0,0,5890,1251,1381,1107,2151,201,209,163,307,1,1,0,1,1,0
0,0,562,53,332,158,19,10,27,21,3,0,1,0,1,1,0
0,2,1268,0,708,469,91,0,106,50,11,0,0,0,0,0,0
0,0,1457,393,510,501,53,62,52,68,7,0,1,0,1,0,0
0,1,3016,769,598,765,884,112,80,89,127,0,1,0,1,1,0
0,1,2424,549,1375,500,0,87,208,58,0,0,1,0,1,1,0
0,0,1055,243,393,283,136,34,50,35,19,1,1,0,1,1,0
0,3,5177,1014,3691,472,0,167,510,60,0,0,1,0,1,1,0
0,0,1519,393,529,443,154,62,58,61,20,0,1,0,1,0,0
0,6,1388,393,554,441,0,62,71,61,0,0,1,0,1,0,0
0,3,2253,0,1419,771,63,0,194,93,11,0,0,0,1,0,0
0,1,3098,684,1421,993,0,86,181,111,0,0,1,0,1,0,0
0,3,3360,652,2708,0,0,92,341,0,0,1,1,0,1,0,0
0,2,2629,0,1324,1226,79,0,207,174,10,0,0,0,0,1,0
0,1,3298,684,1886,728,0,86,243,92,0,0,1,0,1,0,0
0,1,1690,979,431,280,0,144,65,34,0,0,1,0,1,1,0
0,6,1790,310,312,1168,0,53,45,179,0,0,1,0,1,1,0
0,1,2733,699,1501,479,54,109,235,58,6,0,1,0,1,0,0
0,1,3734,228,109,3397,0,32,18,425,0,0,1,0,0,0,0
0,0,1706,393,552,714,47,62,65,92,8,0,1,0,1,0,0
0,0,3780,1025,1743,434,578,148,212,58,89,0,1,0,1,0,0
0,1,3751,0,1743,1196,812,0,260,154,90,0,0,0,0,1,0
0,0,3564,1441,1425,676,22,220,204,85,2,0,1,0,1,1,0
0,0,1493,393,712,278,110,62,85,36,14,0,1,0,1,0,0
0,1,1764,844,515,405,0,117,80,58,0,0,1,0,1,1,0
0,3,2933,0,1478,1455,0,0,220,194,0,0,0,0,1,0,0
0,1,2157,1258,615,284,0,230,85,35,0,0,1,0,1,0,0
0,2,2907,1049,897,603,358,151,118,71,51,0,1,0,1,0,0
0,4,620,174,316,55,75,29,57,7,10,1,1,0,1,1,0
0,0,2449,422,1133,575,319,64,179,78,38,0,1,0,1,1,0
0,3,561,0,561,0,0,0,82,0,0,1,0,0,0,0,0
0,3,331,0,331,0,0,0,45,0,0,1,0,1,0,0,0
0,2,2638,684,1259,695,0,86,155,85,0,0,1,0,1,0,0
0,2,1136,115,1021,0,0,15,144,0,0,0,1,0,1,0,0
0,2,3764,415,2707,404,238,54,370,52,36,0,1,0,1,0,1
1,8,535,0,535,0,0,0,93,0,0,0,0,0,0,0,0
0,0,1097,393,482,175,47,62,52,27,8,0,1,0,1,0,0
0,2,1667,464,840,363,0,71,112,40,0,0,1,0,1,0,0
0,5,1485,393,686,360,46,62,71,46,7,0,1,0,1,1,0
0,1,2503,684,1113,706,0,86,142,95,0,0,1,0,1,0,0
0,0,1622,295,874,275,178,43,142,43,33,0,1,0,1,1,0
0,5,4551,1786,2765,0,0,232,382,0,0,0,1,0,1,0,0
1,1,1261,0,841,226,194,0,97,34,33,0,0,0,0,0,1
0,0,1307,393,509,276,129,62,49,36,16,0,1,0,1,0,0
0,5,1336,393,565,332,46,62,55,39,7,0,1,0,1,1,0
0,2,1172,559,226,331,56,91,35,38,7,1,1,0,1,0,0
0,0,2915,825,1241,763,86,147,194,103,13,1,1,0,1,1,0
0,6,1134,355,779,0,0,58,121,0,0,0,1,0,1,1,0
0,1,1975,0,1365,475,135,0,195,68,17,1,0,0,0,0,0
0,4,4072,996,2787,141,148,158,442,20,21,0,1,0,1,1,0
0,4,883,0,883,0,0,0,143,0,0,0,0,0,0,0,0
0,2,4086,0,3784,289,13,0,500,40,2,1,0,1,0,1,0
0,4,1088,0,1088,0,0,0,174,0,0,0,0,0,0,0,0
0,7,1422,870,552,0,0,140,84,0,0,0,1,1,1,1,0
0,6,2037,0,963,823,251,0,119,113,35,0,0,0,0,0,0
0,0,4694,532,3237,835,90,92,420,106,14,0,1,0,1,1,0
0,6,3046,781,1656,609,0,109,264,84,0,0,1,0,1,0,0
0,2,3621,797,2824,0,0,105,396,0,0,0,1,0,1,1,0
0,3,6131,1057,1889,1792,1393,125,287,219,196,0,1,0,1,0,0
0,4,1088,0,1088,0,0,0,174,0,0,0,0,0,0,0,0
0,8,862,0,862,0,0,0,115,0,0,0,0,0,0,0,1
0,7,778,627,151,0,0,111,27,0,0,0,1,0,1,0,0
0,4,3441,885,1493,1063,0,141,206,143,0,0,1,1,1,1,0
0,3,4493,227,2559,1707,0,35,378,256,0,0,1,0,0,1,0
0,3,4717,1014,3270,433,0,167,456,61,0,0,1,0,1,1,0
0,1,3650,1194,1723,733,0,186,268,122,0,0,1,0,1,0,0
0,1,2571,0,1407,1149,15,0,190,157,3,0,0,0,0,1,0
0,6,2341,755,820,766,0,104,118,100,0,0,1,1,1,0,0
0,1,1247,312,788,147,0,49,113,24,0,0,1,0,1,0,0
0,6,1407,928,351,128,0,130,61,15,0,0,1,0,1,1,0
0,7,3738,601,3137,0,0,91,427,0,0,0,1,0,1,0,0
0,2,1564,0,1114,450,0,0,172,65,0,0,0,0,0,0,0
0,2,1722,464,491,767,0,71,61,90,0,0,1,0,1,0,0
0,6,1531,545,513,473,0,89,76,58,0,0,1,0,0,1,0
0,0,4635,1628,2506,480,21,207,340,61,3,0,1,0,1,1,0
0,4,3839,0,3839,0,0,0,535,0,0,0,0,0,0,0,0
0,0,2835,1628,839,271,97,207,137,38,12,1,1,0,1,1,0
0,3,1409,0,1409,0,0,0,182,0,0,1,0,0,0,0,0
0,3,2236,66,1065,1105,0,8,126,134,0,0,1,0,1,1,0
0,2,3114,0,1022,2092,0,0,158,256,0,1,0,0,0,1,0
0,0,5252,1611,2513,898,230,251,349,123,33,1,1,0,1,0,0
0,0,1740,829,855,34,22,131,134,5,3,0,1,0,1,1,0
0,0,3239,422,1429,997,391,53,189,115,49,0,1,0,1,0,0
0,0,645,53,456,117,19,10,50,15,3,0,1,0,1,1,0
0,1,2317,432,1737,148,0,68,249,21,0,1,1,0,1,0,0
0,5,3041,310,1169,1142,420,53,185,164,66,0,1,0,1,1,0
0,2,2184,432,1752,0,0,68,252,0,0,1,1,0,1,0,0
0,1,2599,684,1220,695,0,86,150,86,0,0,1,0,1,0,0
0,1,1841,505,264,1072,0,79,49,131,0,0,1,0,1,1,0
0,1,2469,815,973,321,360,121,129,46,56,0,1,0,1,1,0
1,0,4683,1005,1725,1579,374,143,261,180,55,1,1,0,1,0,0
0,0,4690,1178,1205,1800,507,191,155,219,80,1,1,0,1,1,0
0,3,3690,310,746,2187,447,53,116,342,76,0,1,0,1,1,0
0,1,1696,699,679,318,0,97,96,34,0,0,1,0,1,0,0
0,7,3003,1298,1705,0,0,203,277,0,0,0,1,0,1,0,0
0,0,5256,1628,3277,335,16,207,404,39,2,0,1,0,1,1,0
0,0,4941,1146,1645,1388,762,192,245,218,135,1,1,0,1,1,0
0,6,1438,0,185,185,1068,0,26,26,136,0,0,0,0,0,0
0,3,560,0,560,0,0,0,81,0,0,1,0,1,0,0,0
0,1,2615,512,733,1000,370,78,109,138,51,0,1,0,1,1,0
0,0,1176,288,168,315,405,49,27,36,64,0,1,0,1,1,0
0,0,2435,1294,652,446,43,170,93,55,6,0,1,0,1,1,0
0,6,1388,228,1160,0,0,32,145,0,0,0,1,0,0,0,0
0,7,1513,513,1000,0,0,69,121,0,0,0,1,0,1,1,0
1,5,1487,153,303,580,451,25,52,90,68,0,1,0,1,1,0
0,0,4264,716,2515,707,326,104,362,88,32,0,1,0,1,1,0
0,4,741,0,706,0,35,0,109,0,7,0,0,0,0,0,0
0,4,4110,1708,1055,288,1059,290,175,34,191,0,1,0,1,1,0
0,4,654,0,103,503,48,0,17,67,9,0,0,0,0,0,0
0,3,3911,1594,2317,0,0,270,323,0,0,0,1,0,1,1,0
0,1,2612,509,1156,627,320,79,170,90,43,0,1,0,1,0,0
0,2,3901,1419,1800,682,0,206,299,84,0,0,1,0,1,1,0
0,1,2377,229,1254,442,452,33,189,57,68,0,1,0,1,1,0
0,6,2156,879,827,450,0,141,106,58,0,0,1,0,1,0,0
0,0,2203,842,851,321,189,124,133,47,20,1,1,0,1,1,0
0,0,2458,528,591,887,452,75,84,106,65,0,1,0,1,1,0
1,2,2656,1863,793,0,0,324,120,0,0,0,1,0,1,1,0
0,8,862,0,862,0,0,0,115,0,0,0,0,0,0,0,1
0,0,3138,825,1567,638,108,147,235,83,17,1,1,0,1,1,0
0,2,2468,463,1547,381,77,67,192,51,10,0,1,0,1,0,0
0,3,390,0,390,0,0,0,52,0,0,1,0,1,0,0,0
0,1,5664,2676,1684,1065,239,392,213,144,36,0,1,0,1,1,0
0,2,4027,1309,1336,652,730,208,207,99,120,0,1,0,1,1,0
0,5,3026,651,1448,537,390,107,207,74,55,0,1,0,1,1,0
1,0,1147,640,406,64,37,98,58,8,7,1,1,0,1,0,1
0,5,1208,904,225,21,58,105,36,3,5,0,1,0,0,0,0
0,1,2411,684,1012,715,0,86,132,100,0,0,1,0,1,0,0
0,6,1784,955,658,171,0,135,94,24,0,0,1,0,1,1,0
0,5,1909,0,806,1103,0,0,112,157,0,1,0,1,0,0,1
0,1,2715,552,839,948,376,71,95,131,55,0,1,0,1,1,0
0,0,1786,924,121,685,56,129,16,92,7,0,1,0,0,1,0
0,1,1015,175,606,162,72,29,90,22,5,0,1,0,1,1,0
0,3,2141,878,933,330,0,140,133,48,0,0,1,0,1,1,0
0,2,498,53,321,105,19,10,21,14,3,0,1,0,1,0,0
0,0,2052,480,706,657,209,69,101,79,28,0,1,0,1,0,0
1,0,2937,580,548,1363,446,86,72,186,59,1,1,0,1,0,0
0,1,2841,554,1084,1203,0,88,151,153,0,0,1,0,1,1,0
0,2,2003,627,652,724,0,111,107,99,0,0,1,0,1,0,0
0,0,4225,1247,198,1994,786,192,30,255,81,0,1,0,1,0,0
0,3,331,0,331,0,0,0,45,0,0,1,0,1,0,0,0
0,0,1784,549,788,303,144,87,121,42,21,1,1,0,1,1,0
0,5,1881,213,556,873,239,29,74,106,38,0,1,0,1,1,0
0,0,2259,553,1003,382,321,82,162,59,47,1,1,0,1,1,0
0,0,1775,829,855,70,21,131,134,9,4,0,1,0,1,1,0
0,1,1570,829,703,21,17,131,107,4,2,0,1,0,1,1,0
0,0,5841,1251,1332,1279,1979,201,202,169,287,1,1,0,1,1,0
0,0,3081,467,1466,1059,89,64,198,147,11,0,1,0,1,1,0
0,5,1277,0,1277,0,0,0,164,0,0,0,0,0,1,0,0
0,1,2789,991,1121,287,390,138,156,28,55,1,1,0,1,0,0
0,1,6015,2480,865,1486,1184,298,111,185,157,1,1,0,1,1,0
0,0,640,322,283,31,4,51,37,5,1,1,1,0,0,0,0
0,0,1940,339,655,861,85,48,108,124,13,1,1,0,1,1,0
0,0,2986,418,1166,1138,264,66,157,168,39,0,1,0,1,1,0
0,2,4401,879,2822,700,0,141,341,86,0,0,1,0,1,1,0
0,0,3658,506,1938,672,542,73,309,92,78,0,1,0,1,1,0
0,3,1436,0,774,662,0,0,106,92,0,0,0,0,0,0,0
0,0,2848,855,907,1041,45,118,136,137,6,0,1,0,1,1,0
0,7,3854,1298,2556,0,0,203,381,0,0,0,1,0,1,0,0
0,1,2701,816,1087,461,337,129,180,63,54,1,1,0,1,1,0
0,0,1666,588,760,234,84,89,114,21,9,0,1,0,1,1,0
0,1,1728,888,531,309,0,136,72,42,0,0,1,0,1,0,0
0,1,1996,505,1191,300,0,79,162,38,0,0,1,0,1,1,0
0,1,2146,1194,843,109,0,186,141,15,0,0,1,0,1,0,0
1,0,3974,696,1295,361,1622,90,178,57,299,0,1,0,1,0,0
0,2,948,0,375,573,0,0,57,75,0,1,0,1,0,1,0
0,2,4928,2438,83,2395,12,328,14,371,2,0,1,0,1,0,0
0,8,1457,0,1457,0,0,0,158,0,0,0,0,1,0,0,0
0,2,1749,1264,485,0,0,216,92,0,0,0,1,0,1,0,0
0,2,3652,1491,2161,0,0,235,339,0,0,0,1,0,1,0,0
0,5,2205,174,1061,970,0,32,144,125,0,0,1,0,0,1,0
0,0,3411,904,1008,656,843,127,137,104,118,1,1,0,1,0,0
0,1,1197,0,315,756,126,0,33,82,15,0,0,0,0,0,0
0,1,4725,1064,2427,1234,0,155,320,167,0,0,1,0,1,1,0
0,0,2393,717,768,442,466,120,101,52,67,0,1,0,1,1,0
0,2,2422,656,1257,509,0,101,148,67,0,0,1,0,1,1,0
0,0,3810,1178,1644,260,728,191,253,30,71,0,1,0,1,1,0
0,2,2393,1064,723,606,0,155,103,82,0,1,1,0,1,1,0
1,2,778,0,594,184,0,0,65,17,0,1,0,0,1,0,0
0,1,1545,829,629,70,17,131,90,10,2,0,1,0,1,1,0
0,2,496,0,151,345,0,0,25,51,0,1,0,0,0,0,0
0,1,1607,249,1010,348,0,26,126,46,0,0,1,0,1,1,0
0,3,560,0,560,0,0,0,81,0,0,1,0,1,0,0,0
0,0,3260,1264,1229,669,98,216,209,94,13,0,1,0,1,0,0
0,3,2378,1064,1314,0,0,155,194,0,0,1,1,0,1,1,0
0,0,1138,512,221,385,20,73,34,68,2,1,1,0,1,0,0
0,0,5204,2676,871,1393,264,392,114,174,40,0,1,0,1,1,0
0,0,3992,1628,2083,260,21,207,257,29,3,1,1,0,1,1,0
0,0,2821,552,1290,757,222,71,172,107,30,0,1,0,1,1,0
0,1,1851,0,794,888,169,0,117,132,25,0,0,0,0,1,0
0,0,864,325,219,126,194,55,29,19,22,0,1,0,1,0,0
0,0,1424,577,546,94,207,90,72,12,24,1,1,0,1,1,0
0,5,1410,739,177,426,68,113,26,62,9,0,1,0,1,1,0
0,0,5217,1532,2304,1060,321,262,357,146,53,1,1,0,1,0,0
0,3,2144,0,1894,225,25,0,307,32,6,0,0,0,1,1,0
0,0,2644,799,1356,469,20,115,206,61,2,0,1,0,1,1,0
0,6,1698,445,938,315,0,82,137,54,0,0,1,0,1,0,0
0,0,4950,926,2559,1191,274,150,366,151,33,1,1,0,1,0,0
0,2,2267,699,896,478,194,100,127,61,25,0,1,0,1,0,0
0,1,3069,911,1497,661,0,134,221,95,0,0,1,0,1,1,0
0,0,3803,1628,2047,107,21,207,243,9,3,1,1,0,1,1,0
0,3,6070,1594,3536,940,0,270,538,131,0,0,1,0,1,1,0
0,7,501,153,348,0,0,25,36,0,0,0,1,1,1,1,0
0,0,3746,730,1971,633,412,116,292,94,47,0,1,0,1,1,0
0,0,2024,339,779,638,268,48,128,95,36,1,1,0,1,1,0
0,5,1577,829,674,54,20,131,93,8,2,0,1,0,1,1,0
0,0,4090,975,2041,896,178,147,281,122,23,1,1,0,1,1,0
0,1,4637,646,2598,1393,0,97,353,179,0,0,1,0,1,0,0
0,8,2672,0,2672,0,0,0,371,0,0,0,0,0,0,1,0
1,2,1734,0,1670,64,0,0,277,10,0,0,0,0,0,1,0
0,0,4329,1503,1742,942,142,209,229,121,22,0,1,0,1,1,0
0,0,2513,615,1189,384,325,83,152,44,48,0,1,0,1,1,0
0,0,897,152,221,465,59,24,29,55,11,0,1,0,1,0,0
0,7,940,393,547,0,0,62,70,0,0,0,1,0,1,0,0
0,6,256,0,121,40,95,0,20,5,16,0,0,0,0,1,0
0,0,2597,423,1581,412,181,65,200,63,25,0,1,0,1,0,0
0,1,4699,1208,2024,1258,209,155,279,172,27,0,1,0,1,1,0
0,1,1341,0,137,137,1067,0,15,15,136,0,0,0,0,0,0
0,6,1029,228,801,0,0,32,118,0,0,0,1,0,0,0,0
0,0,3427,1099,1327,579,422,147,185,76,60,0,1,0,1,1,1
0,1,4076,1099,2606,371,0,147,357,45,0,0,1,0,1,1,1
0,1,5440,1344,1662,2434,0,222,236,285,0,1,1,0,1,0,0
0,3,1648,0,946,702,0,0,127,98,0,0,0,0,0,1,0
0,0,1879,161,1605,56,57,20,234,9,7,0,1,0,1,1,0
0,5,1305,0,902,397,6,0,98,33,1,0,0,0,0,0,0
0,3,1428,829,526,56,17,131,70,9,2,0,1,0,1,0,0
0,4,2680,384,1469,827,0,70,233,105,0,0,1,0,1,1,0
0,2,1610,393,1217,0,0,62,132,0,0,0,1,0,1,0,0
0,0,562,53,332,158,19,10,27,21,3,0,1,0,1,1,0
0,6,4300,0,2089,1818,393,0,330,288,66,0,0,0,0,0,0
0,1,5115,2676,540,1635,264,392,80,199,40,0,1,0,1,1,0
0,1,887,0,382,352,153,0,50,39,16,1,0,0,0,0,1
0,7,1558,0,761,797,0,0,95,94,0,0,0,0,0,1,0
0,0,2680,717,1211,286,466,120,173,44,67,0,1,0,1,1,0
1,0,6427,1252,3567,1531,77,198,483,189,11,0,1,0,1,1,0
0,2,1872,779,893,200,0,134,191,42,0,0,1,0,1,1,0
0,2,3387,850,891,403,1243,146,122,48,209,1,1,0,1,0,0
0,0,4496,717,2717,596,466,120,349,72,67,0,1,0,1,1,0
0,5,2031,163,1868,0,0,23,253,0,0,0,1,0,1,0,0
1,7,4101,3899,202,0,0,562,28,0,0,0,1,0,1,1,0
0,0,1422,577,544,95,206,90,70,13,24,1,1,0,1,1,0
0,1,2492,266,1881,226,119,44,239,22,15,0,1,0,1,1,0
0,0,2597,423,1581,412,181,65,200,63,25,0,1,0,1,0,0
0,0,562,53,332,158,19,10,27,21,3,0,1,0,1,1,0
0,6,2002,673,1022,307,0,97,160,44,0,0,1,0,1,1,0
0,6,966,336,61,569,0,55,9,75,0,0,1,0,1,1,0
0,5,1887,955,834,6,92,135,118,1,9,0,1,0,1,1,0
0,5,1715,708,894,89,24,99,115,10,4,0,1,0,1,0,0
0,0,4645,1099,930,418,2198,147,119,52,329,0,1,0,1,1,1
0,2,1295,0,485,325,485,0,87,52,73,0,0,0,0,0,0
0,3,1918,0,433,1485,0,0,71,189,0,1,0,0,0,1,0
0,6,1193,0,1193,0,0,0,126,0,0,0,0,0,1,0,0
0,1,1632,326,773,241,292,49,106,35,32,0,1,0,1,1,0
0,3,2008,879,726,403,0,141,92,52,0,0,1,0,1,1,0
0,0,2160,412,301,865,582,53,49,143,98,1,1,0,1,1,0
0,1,2317,0,1693,587,37,0,286,85,2,0,0,0,0,0,0
0,5,2691,333,531,1504,323,48,67,202,51,0,1,0,1,1,0
0,1,2411,632,1209,316,254,112,178,37,33,0,1,0,1,1,0
0,6,1995,1247,314,434,0,192,47,65,0,0,1,0,1,0,0
0,1,4027,1099,1783,1145,0,147,256,146,0,0,1,0,1,1,1
0,6,1585,0,460,57,1068,0,59,7,136,0,0,0,0,0,0
0,2,4000,592,2438,289,681,92,328,44,124,0,1,0,1,0,0
0,0,1663,568,810,164,121,105,140,24,21,1,1,0,1,0,0
0,0,3645,570,1851,751,473,77,259,102,70,0,1,0,1,1,0
0,1,1544,423,967,154,0,65,155,31,0,0,1,0,1,0,0
0,1,1071,603,254,174,40,101,45,27,7,0,1,0,1,0,0
0,7,2071,0,779,1292,0,0,98,164,0,0,0,0,0,1,0
0,0,3358,1441,1502,395,20,220,188,53,2,0,1,0,1,1,0
0,4,1424,0,1424,0,0,0,186,0,0,0,0,1,0,0,0
0,1,2453,2388,57,4,4,361,9,1,1,0,1,0,1,1,0
0,2,5136,971,1257,1921,987,150,182,254,142,0,1,0,1,0,0
0,3,3314,879,1124,1311,0,141,147,168,0,0,1,0,1,1,0
0,5,4350,1112,2285,734,219,161,306,96,33,0,1,0,1,1,0
0,4,1696,310,1048,268,70,53,163,36,8,0,1,0,1,0,0
0,1,1667,423,897,347,0,65,133,60,0,0,1,0,1,0,0
0,0,2878,553,1672,369,284,72,209,34,30,0,1,0,1,1,0
0,1,1216,423,664,129,0,65,114,23,0,0,1,0,1,0,0
0,0,3105,717,1617,305,466,120,204,38,67,0,1,0,1,1,0
0,0,7808,1508,2572,3619,109,239,385,460,11,0,1,0,1,1,0
0,5,3362,461,1513,1359,29,65,207,188,3,0,1,0,1,1,0
0,1,1396,423,581,392,0,65,91,66,0,0,1,0,1,0,0
0,1,3624,746,2046,558,274,127,309,94,33,0,1,0,1,1,0
0,0,1224,339,630,224,31,48,106,33,3,0,1,0,1,0,0
0,7,1024,310,714,0,0,53,96,0,0,0,1,0,1,0,0
1,0,1323,875,315,33,100,130,42,5,13,1,1,0,1,0,0
0,0,3099,1099,957,470,573,147,122,57,97,0,1,0,1,1,1
0,1,1896,423,1099,374,0,65,158,55,0,0,1,0,1,0,0
0,4,3161,2018,735,408,0,267,113,56,0,0,1,0,1,1,0
0,1,1806,0,1185,149,472,0,142,2,56,0,0,0,0,0,0
0,1,1258,829,322,90,17,131,37,15,2,0,1,0,1,0,0
0,4,1278,0,1085,193,0,0,176,23,0,0,0,0,1,1,0
0,5,2343,672,1251,386,34,93,166,48,5,0,1,0,1,1,0
0,1,3757,509,1500,1426,322,79,208,187,43,0,1,0,1,0,0
0,0,2192,695,704,434,359,120,109,69,60,0,1,0,1,1,0
0,6,820,0,423,191,206,0,55,15,28,0,0,0,0,1,0
0,2,3304,606,1404,1294,0,88,188,95,0,0,1,0,1,1,0
0,2,1675,0,1343,332,0,0,153,47,0,1,0,0,0,1,1
0,1,1283,423,687,173,0,65,113,32,0,0,1,0,1,0,0
0,0,3641,1025,1997,403,216,148,256,47,31,0,1,0,1,0,0
0,0,4138,1042,1628,530,938,178,233,71,151,0,1,0,1,1,0
0,0,1468,686,554,102,126,98,86,15,14,0,1,0,1,1,0
0,2,1591,1258,333,0,0,230,39,0,0,0,1,0,1,0,0
0,1,1852,441,912,296,203,74,153,39,28,0,1,0,1,1,0
0,0,2846,726,570,767,783,83,76,104,100,0,1,0,1,1,0
0,3,2199,651,580,448,520,107,75,60,70,0,1,0,1,1,0
0,2,2673,421,1759,493,0,56,253,68,0,0,1,0,1,0,0
0,1,2378,748,1077,419,134,116,145,53,15,0,1,0,1,1,0
0,5,3480,885,2126,469,0,141,331,65,0,0,1,0,1,1,0
0,5,1882,489,777,461,155,76,110,53,25,0,1,0,1,1,0
1,6,2156,0,921,167,1068,0,77,14,136,0,0,0,0,1,0
0,2,554,53,332,150,19,10,28,20,3,0,1,0,1,0,0
0,6,1679,0,1414,238,27,0,204,34,4,0,0,0,0,1,0
0,0,3314,888,839,1473,114,122,113,180,12,1,1,0,1,1,0
0,1,1572,252,167,1153,0,41,27,131,0,0,1,0,1,0,0
0,5,2157,269,1545,312,31,40,208,51,3,0,1,0,0,0,0
0,0,5106,785,3196,909,216,127,504,122,30,0,1,0,1,1,0
0,2,609,0,374,235,0,0,55,38,0,0,0,0,1,0,0
0,2,1862,628,707,318,209,102,114,52,30,0,1,0,1,1,0
0,1,641,175,449,0,17,29,73,0,2,0,1,0,1,0,0
0,0,2006,832,849,250,75,132,125,32,7,1,1,0,0,1,0
0,6,4482,0,3110,1051,321,0,439,140,27,0,0,0,0,1,0
0,0,5750,1251,1412,936,2151,201,211,127,307,0,1,0,1,0,0
1,7,1344,0,686,658,0,0,117,92,0,0,0,0,1,0,0
0,1,2305,0,1868,277,160,0,268,47,29,1,0,0,0,1,0
0,1,2619,684,1220,715,0,86,151,86,0,0,1,0,1,0,0
0,0,2878,553,1672,369,284,72,209,34,30,0,1,0,1,1,0
0,0,3680,603,1297,894,886,101,177,124,118,0,1,0,1,1,0
0,2,2749,832,1917,0,0,132,283,0,0,1,1,0,0,0,0
0,0,4189,2065,1799,145,180,333,276,25,21,0,1,0,1,1,0
0,6,1617,0,431,118,1068,0,42,14,136,0,0,0,0,0,0
0,0,6200,4007,1137,1034,22,588,155,154,1,1,1,0,1,1,0
0,1,3139,651,1302,1059,127,100,158,139,11,0,1,0,1,1,0
0,1,2262,0,840,1019,403,0,134,136,55,1,0,0,1,0,0
0,6,2297,0,1106,123,1068,0,111,15,136,0,0,0,0,0,0
0,1,2727,892,696,1139,0,97,94,154,0,1,1,0,1,0,0
0,1,892,0,315,424,153,0,43,56,16,1,0,0,0,0,1
0,0,1251,729,102,172,248,109,20,28,32,0,1,0,1,1,0
0,7,1976,633,1343,0,0,94,219,0,0,0,1,0,1,0,0
0,0,1783,459,197,543,584,66,28,64,84,0,1,0,1,1,0
0,5,1732,739,378,184,431,109,62,27,64,0,1,0,1,1,0
0,0,2597,717,1343,71,466,120,166,8,67,0,1,0,1,1,0
0,4,2489,940,748,801,0,125,88,96,0,0,1,1,1,0,0
0,0,5135,1251,704,1029,2151,201,105,155,307,1,1,0,1,0,0
0,0,2199,570,616,762,251,77,104,99,38,0,1,0,1,0,0
0,2,2049,798,1251,0,0,131,157,0,0,0,1,0,1,1,0
1,0,3977,747,1819,1112,299,116,289,172,51,1,1,0,1,1,0
0,0,2199,570,616,762,251,77,104,99,38,0,1,0,1,0,0
0,0,2199,570,616,762,251,77,104,99,38,0,1,0,1,0,0
0,4,4981,0,3835,1094,52,0,579,158,10,0,0,0,0,1,0
0,8,1484,0,1484,0,0,0,167,0,0,0,0,0,1,1,0
0,2,1520,829,602,73,16,131,95,11,2,0,1,0,1,1,0
0,0,2199,570,616,762,251,77,104,99,38,0,1,0,1,0,0
0,0,3561,1042,1219,604,696,178,179,77,111,0,1,0,1,1,0
0,2,554,53,332,150,19,10,28,20,3,0,1,0,1,0,0
0,2,620,53,332,216,19,10,28,31,3,0,1,0,1,0,0
0,4,2163,228,711,1224,0,32,90,162,0,0,1,0,0,0,0
0,2,554,53,332,150,19,10,28,20,3,0,1,0,1,0,0
0,0,3617,615,1215,1433,354,83,176,169,58,1,1,0,1,1,0
0,1,5323,2676,1289,1110,248,392,164,131,30,0,1,0,1,1,0
0,3,410,0,103,209,98,0,15,34,15,0,0,0,0,0,0
0,0,2693,615,1350,403,325,83,188,46,48,0,1,0,1,1,0
0,2,560,53,361,127,19,10,31,18,3,0,1,0,1,1,0
0,0,2199,570,616,762,251,77,104,99,38,0,1,0,1,0,0
1,0,3510,1432,1554,140,384,233,272,20,65,0,1,0,1,1,0
0,3,1484,163,1321,0,0,23,192,0,0,0,1,0,1,0,0
0,4,2362,310,887,1165,0,53,142,182,0,0,1,0,1,0,0
0,2,4613,1419,2629,565,0,206,380,73,0,0,1,0,1,1,0
0,1,3672,1439,902,1331,0,212,121,163,0,0,1,0,1,0,0
1,1,4909,1252,1585,1703,369,198,182,226,58,0,1,0,1,1,0
0,4,2309,747,904,658,0,125,129,103,0,0,1,0,1,1,0
0,2,1016,0,631,385,0,0,70,51,0,0,0,0,0,0,0
0,0,3110,1681,826,250,353,233,110,18,58,1,1,0,1,0,0
0,0,5425,614,2600,1429,782,85,346,176,97,0,1,0,1,0,0
0,6,1165,454,456,255,0,68,69,23,0,0,1,0,1,0,0
0,8,366,0,366,0,0,0,55,0,0,0,0,0,0,1,0
0,3,2831,1050,957,595,229,155,114,85,28,0,1,0,1,1,0
0,3,364,0,364,0,0,0,59,0,0,0,0,0,0,0,0
0,6,1770,0,535,167,1068,0,78,27,136,0,0,0,0,0,0
0,1,4956,825,3375,756,0,147,503,113,0,1,1,0,1,1,0
0,6,1361,0,274,19,1068,0,49,4,136,0,0,0,0,0,0
0,1,4680,341,3686,653,0,51,478,81,0,0,1,0,1,0,0
0,0,5620,1286,1547,1371,1416,153,243,194,247,1,1,0,1,1,0
0,0,562,53,332,158,19,10,27,21,3,0,1,0,1,1,0
0,5,2857,493,2364,0,0,77,330,0,0,0,1,0,1,0,0
0,3,2228,384,1174,398,272,70,165,44,31,0,1,0,1,1,0
0,0,3740,1025,1745,434,536,148,213,58,81,0,1,0,1,0,0
0,3,2732,606,1269,857,0,88,168,124,0,0,1,0,1,0,0
0,5,2966,1628,395,943,0,207,46,123,0,0,1,0,1,0,0
0,2,2506,879,1186,441,0,141,142,52,0,0,1,0,1,1,0
0,0,4502,206,2431,875,990,30,300,94,112,0,1,0,1,1,0
0,3,2164,606,901,450,207,84,142,56,37,0,1,0,1,1,0
1,3,2438,0,1383,1055,0,0,215,123,0,0,0,0,1,1,0
0,1,990,142,665,183,0,16,90,22,0,1,1,0,1,0,0
1,1,1758,312,521,749,176,49,70,88,28,1,1,0,1,1,0
0,7,1423,870,553,0,0,140,84,0,0,0,1,1,1,1,0
0,1,1460,829,570,44,17,131,86,6,2,0,1,0,1,1,0
0,0,6292,500,4024,1359,409,74,569,175,49,0,1,0,1,0,0
0,1,4178,0,2927,715,536,0,410,101,81,0,0,0,0,1,0
0,2,583,53,381,130,19,10,33,18,3,0,1,0,1,1,0
0,6,3552,336,1272,1944,0,55,167,232,0,0,1,0,1,1,0
0,3,474,0,474,0,0,0,59,0,0,1,0,0,0,0,0
0,2,2736,508,1479,390,359,65,220,64,64,0,1,0,1,0,0
0,0,2881,1461,777,383,260,211,105,54,27,1,1,0,1,1,0
0,1,2985,684,1747,554,0,86,236,61,0,0,1,0,1,0,0
0,0,4066,532,2982,505,47,92,226,61,5,1,1,0,1,1,0
0,2,3929,467,2320,1054,88,64,320,147,12,0,1,0,1,1,0
0,2,3563,148,2456,539,420,28,384,68,49,0,1,0,1,0,0
0,3,2944,332,1693,919,0,50,239,114,0,0,1,0,1,1,0
0,4,4712,310,770,3155,477,53,120,491,81,0,1,0,1,0,0
0,3,3120,0,1504,1616,0,0,192,217,0,0,0,0,0,0,0
0,2,1818,0,559,1109,150,0,80,140,24,0,0,0,1,0,0
0,6,2807,0,1637,102,1068,0,208,12,136,0,0,0,0,0,0
0,0,4857,2559,815,1383,100,424,119,189,9,0,1,0,1,0,0
0,1,1620,529,504,284,303,80,76,43,48,0,1,0,1,0,0
0,2,2389,0,1486,683,220,0,254,112,30,0,0,1,0,0,0
0,0,3100,250,2751,86,13,30,237,8,2,0,1,0,0,0,0
0,2,1060,163,195,702,0,23,29,95,0,0,1,0,1,0,0
0,5,4165,1091,1550,598,926,175,238,79,120,0,1,0,1,1,0
0,6,2598,0,1163,367,1068,0,157,47,136,0,0,0,0,0,0
0,1,3183,651,1235,557,740,107,173,66,102,0,1,0,1,1,0
1,7,1343,0,685,658,0,0,117,92,0,0,0,0,1,1,0
0,4,1275,0,1275,0,0,0,194,0,0,1,0,0,0,0,0
1,1,5225,1252,1904,1599,470,198,236,208,73,0,1,0,1,1,0
0,0,2079,495,471,233,880,76,81,26,126,0,1,0,1,0,0
0,5,2073,134,841,580,518,20,125,82,74,0,1,0,1,1,0
0,0,3564,1441,1425,676,22,220,204,85,2,0,1,0,1,1,0
0,5,3873,506,2557,496,314,73,344,65,48,0,1,0,1,1,0
0,2,3537,0,1246,1553,738,0,177,226,116,0,0,0,1,1,0
0,1,2644,684,1246,714,0,86,152,86,0,0,1,0,1,0,0
0,5,4180,476,2560,850,294,74,383,121,32,0,1,0,1,1,0
0,6,1615,0,274,273,1068,0,47,47,136,0,0,0,0,0,0
0,1,1520,829,584,91,16,131,84,15,2,0,1,0,1,1,0
0,6,986,380,606,0,0,64,98,0,0,0,1,0,1,1,0
0,6,2153,0,496,1270,387,0,74,146,51,0,0,0,0,1,0
0,6,1053,353,152,548,0,64,22,63,0,0,1,0,1,1,0
0,4,6587,699,284,4685,919,104,39,682,130,0,1,0,1,0,0
0,1,1819,748,832,239,0,116,106,25,0,0,1,0,1,1,0
0,5,2871,0,2871,0,0,0,384,0,0,0,0,0,0,1,0
0,2,4313,673,2771,869,0,97,412,118,0,0,1,0,1,1,0
1,0,3816,1235,1096,1158,327,162,146,138,52,1,1,0,1,0,0
0,0,465,53,235,158,19,10,37,21,3,0,1,0,1,1,0
0,3,2717,699,525,962,531,104,69,135,91,0,1,0,1,0,0
0,5,4357,476,2908,847,126,74,388,109,15,0,1,0,1,1,0
0,1,618,0,194,367,57,0,33,49,7,0,0,0,1,1,0
0,5,4121,646,2227,260,988,101,348,32,152,0,1,0,1,1,0
0,2,5746,699,1350,3180,517,104,217,388,70,0,1,0,1,0,0
0,5,1085,275,449,321,40,34,56,47,5,0,1,0,1,0,0
0,2,4742,1708,1877,1157,0,290,328,194,0,0,1,0,1,1,0
0,3,2048,580,1125,343,0,93,155,38,0,0,1,0,1,0,0
0,6,2255,0,622,479,1154,0,75,55,171,0,0,0,0,1,0
0,4,2715,699,1318,698,0,104,181,78,0,0,1,0,1,0,0
0,3,129,0,129,0,0,0,16,0,0,1,0,0,0,0,0
0,1,3729,0,2533,715,481,0,354,101,75,0,0,0,0,0,0
0,1,2037,684,923,430,0,86,111,52,0,0,1,0,1,0,0
0,2,5640,1594,4046,0,0,270,689,0,0,0,1,0,1,1,0
0,3,474,0,474,0,0,0,59,0,0,1,0,0,0,0,0
0,5,2892,1863,550,195,284,324,80,26,43,0,1,1,1,1,0
0,5,507,33,243,81,150,6,37,10,21,0,1,0,1,1,0
0,6,410,336,74,0,0,50,12,0,0,0,1,0,1,0,0
0,2,3275,0,2404,395,476,0,347,51,75,1,0,0,0,0,0
0,6,932,0,714,191,27,0,95,31,4,0,0,0,0,0,0
0,1,2621,684,1223,714,0,86,150,86,0,0,1,0,1,0,0
0,2,2727,256,1969,502,0,39,316,73,0,1,1,0,0,0,0
0,8,1218,0,1218,0,0,0,145,0,0,0,0,0,1,1,0
0,4,1480,0,1238,242,0,0,174,35,0,0,0,0,1,0,0
0,6,1452,0,192,192,1068,0,26,26,136,0,0,0,0,0,0
0,1,2170,888,819,463,0,136,103,60,0,0,1,0,1,0,0
0,2,4613,596,2388,1091,538,85,304,130,62,0,1,0,1,1,0
0,6,3629,0,2646,973,10,0,373,138,1,0,0,0,0,0,1
0,1,2619,684,1221,714,0,86,150,86,0,0,1,0,1,0,0
0,5,4469,1994,2077,346,52,236,298,39,4,0,1,0,1,1,0
0,1,3603,708,1507,922,466,114,238,151,68,0,1,0,1,1,0
0,0,2347,726,1199,271,151,102,154,31,19,0,1,0,1,0,0
0,1,553,0,194,280,79,0,30,42,9,1,0,0,0,0,0
0,6,1386,0,295,23,1068,0,43,5,136,0,0,0,0,0,0
0,4,2250,879,811,560,0,141,88,70,0,0,1,0,1,1,0
0,0,647,53,458,117,19,10,50,15,3,0,1,0,1,1,0
0,1,2221,839,1065,317,0,130,164,47,0,0,1,0,1,1,0
0,0,5496,2676,1361,1195,264,392,176,153,40,0,1,0,1,0,0
0,1,1750,859,531,360,0,148,84,41,0,0,1,0,1,1,0
0,0,1932,1090,311,413,118,176,45,47,12,0,1,0,0,1,0
0,6,1390,0,161,161,1068,0,22,22,136,0,0,0,0,0,0
0,2,2458,606,1404,448,0,88,188,69,0,0,1,0,1,1,0
0,3,1788,886,793,60,49,146,116,10,7,0,1,0,1,1,0
0,1,2472,684,1074,714,0,86,133,86,0,0,1,0,1,0,0
0,2,1811,0,1285,526,0,0,161,66,0,1,0,0,0,0,0
0,8,358,0,358,0,0,0,41,0,0,0,0,0,0,0,0
0,0,1740,829,855,34,22,131,134,5,3,0,1,0,1,1,0
0,0,2631,300,1598,636,97,44,225,79,12,1,1,0,1,1,0
0,5,722,174,94,296,158,24,16,37,23,0,1,0,1,1,0
0,5,1062,129,651,216,66,17,91,37,8,0,1,0,1,1,0
0,1,4812,699,3032,465,616,104,373,53,87,0,1,0,1,0,0
0,5,5988,1057,813,3070,1048,125,118,381,125,0,1,0,1,1,0
0,2,554,53,332,150,19,10,28,20,3,0,1,0,1,0,0
0,1,1647,0,1287,290,70,0,141,37,9,0,0,0,0,1,0
0,0,1505,790,689,11,15,84,90,1,3,0,1,0,1,0,0
0,0,2495,673,695,1060,67,97,101,177,14,0,1,0,1,0,0
0,1,4339,684,2262,1393,0,86,319,175,0,0,1,0,1,0,0
0,4,1196,0,1063,45,88,0,150,8,15,0,0,0,0,0,0
0,6,917,228,689,0,0,32,84,0,0,0,1,0,0,0,0
0,1,4813,518,2219,1936,140,72,290,264,16,0,1,0,1,0,0
0,2,2578,711,1317,550,0,109,191,75,0,0,1,0,1,1,0
1,0,3879,729,2676,351,123,117,409,42,18,0,1,0,1,1,0
0,1,2874,812,1584,478,0,131,207,59,0,0,1,0,1,1,0
1,1,1330,640,282,354,54,98,39,47,9,1,1,0,1,0,1
0,3,407,0,407,0,0,0,54,0,0,1,0,1,0,0,0
0,1,1729,790,592,231,116,84,60,16,21,1,1,0,1,0,0
0,0,1691,790,613,150,138,84,77,18,24,0,1,0,1,0,0
0,2,3370,1247,1688,435,0,192,248,66,0,0,1,0,1,0,0
0,1,3662,1439,1202,1021,0,212,166,136,0,1,1,0,1,0,0
0,6,1787,0,522,1047,218,0,69,137,32,0,0,0,0,1,0
0,0,1528,790,708,15,15,84,93,1,3,0,1,0,1,0,0
0,0,1771,790,698,163,120,84,89,16,21,0,1,0,1,0,0
0,1,1522,0,753,421,348,0,115,51,49,0,0,0,1,1,0
0,2,583,53,381,130,19,10,33,18,3,0,1,0,1,1,0
0,0,1516,790,684,27,15,84,83,3,3,0,1,0,1,0,0
0,0,8556,2676,2374,2168,1338,392,180,144,48,0,1,0,1,1,0
0,7,2250,0,919,1331,0,0,135,223,0,0,0,0,0,1,0
0,0,1706,537,701,333,135,78,98,42,21,1,1,0,1,1,0
0,1,3688,996,1960,620,112,158,265,80,16,0,1,0,1,0,0
0,3,4347,438,1871,2038,0,53,234,294,0,0,1,0,1,0,0
0,0,1553,790,730,18,15,84,99,1,3,0,1,0,1,0,0
0,6,2072,1247,237,588,0,192,38,84,0,0,1,0,1,0,0
0,0,1489,790,623,16,60,84,70,2,9,0,1,0,1,0,0
0,8,2911,0,2911,0,0,0,404,0,0,0,0,0,0,1,0
0,5,1721,50,1155,413,103,6,176,58,19,0,1,0,1,1,0
0,6,595,336,153,106,0,55,23,14,0,0,1,0,1,1,0
0,6,4125,1994,1954,177,0,236,274,27,0,0,1,0,1,1,0
0,0,2603,778,1385,196,244,115,213,31,39,0,1,0,1,1,0
0,0,647,53,458,117,19,10,50,15,3,0,1,0,1,1,0
0,2,865,175,395,0,295,29,66,0,14,0,1,0,1,1,0
0,5,2241,859,625,463,294,137,92,61,41,0,1,0,0,1,0
0,2,3154,879,1377,703,195,141,181,91,21,0,1,0,1,1,0
0,1,2201,0,1151,794,256,0,143,107,43,1,0,0,0,1,0
0,4,1723,815,354,554,0,121,53,69,0,0,1,0,1,1,0
0,1,1942,249,1009,684,0,26,139,98,0,0,1,0,1,1,0
0,2,583,53,381,130,19,10,33,18,3,0,1,0,1,1,0
0,4,1983,503,909,440,131,78,127,55,17,0,1,0,0,0,0
0,6,1182,0,1182,0,0,0,137,0,0,0,0,0,0,0,0
0,5,5017,0,3935,135,947,0,591,17,129,0,0,1,0,0,0
1,7,1343,0,685,658,0,0,117,92,0,0,0,0,1,1,0
0,0,3603,1194,1723,683,3,186,268,116,1,1,1,0,1,1,0
0,6,1090,228,862,0,0,32,128,0,0,0,1,0,0,0,0
0,1,2070,236,1160,674,0,35,199,98,0,0,1,0,1,0,0
0,2,1302,365,464,473,0,50,72,60,0,0,1,0,1,0,0
0,0,3564,726,984,954,900,83,146,130,119,0,1,0,1,0,0
0,4,2177,137,1133,657,250,22,166,87,35,0,1,0,1,1,0
0,0,4810,681,2664,619,846,101,395,84,140,1,1,0,1,0,0
0,2,2915,405,497,1355,658,65,80,188,107,0,1,0,1,1,0
0,2,6148,879,3853,1416,0,141,493,170,0,0,1,0,1,0,0
0,5,1597,454,386,671,86,68,58,77,11,0,1,0,1,1,0
0,0,3364,720,1534,956,154,126,203,112,20,0,1,0,1,1,0
0,5,3710,1808,1050,852,0,264,146,124,0,0,1,0,1,1,0
0,0,1889,454,717,275,443,73,116,49,68,1,1,0,1,0,0
0,0,2736,1264,910,468,94,216,122,57,12,0,1,0,1,1,0
0,7,3088,2021,1067,0,0,294,168,0,0,0,1,0,1,0,0
1,7,1344,0,686,658,0,0,117,92,0,0,0,0,1,1,0
0,2,1875,0,1147,446,282,0,157,60,34,0,0,0,1,1,0
0,1,4541,1808,754,1979,0,264,95,264,0,1,1,0,1,1,0
0,0,2734,720,1055,805,154,126,146,87,20,0,1,0,1,1,0
0,3,4190,879,2238,1073,0,141,340,154,0,0,1,0,1,1,0
0,6,1885,0,607,931,347,0,77,122,52,0,0,0,0,1,0
0,2,2375,0,1279,1096,0,0,171,135,0,0,0,0,0,0,0
0,2,3832,0,1767,2065,0,0,219,252,0,0,0,0,0,0,0
0,5,1244,269,582,363,30,40,71,51,3,0,1,0,0,0,0
0,0,2933,781,1353,544,255,109,186,70,37,1,1,0,1,0,0
0,3,2438,1230,1208,0,0,184,172,0,0,0,1,0,1,1,0
0,7,1871,798,1073,0,0,131,132,0,0,0,1,0,1,0,0
0,0,2372,615,803,629,325,83,110,79,48,0,1,0,1,1,0
0,0,2858,1628,1099,110,21,207,146,10,3,1,1,0,1,1,0
0,2,2265,0,1252,934,79,0,175,117,12,0,0,0,1,0,0
0,1,2383,134,845,396,1008,20,128,48,143,0,1,0,1,1,0
0,0,4256,603,2450,317,886,101,345,37,118,1,1,0,1,1,0
0,2,2862,0,1698,1164,0,0,199,141,0,0,0,0,0,0,0
0,1,2343,530,728,329,756,76,102,46,89,0,1,0,1,0,0
0,5,2994,1126,1075,650,143,163,155,80,20,0,1,0,1,1,0
0,0,1437,505,449,391,92,79,58,53,16,0,1,0,1,1,0
0,6,1684,829,855,0,0,131,134,0,0,0,1,0,1,0,0
0,5,1183,269,693,190,31,40,94,29,3,0,1,0,0,0,0
0,4,1904,940,352,368,244,125,43,46,38,0,1,0,1,0,0
0,0,647,53,458,117,19,10,50,15,3,0,1,0,1,1,0
0,1,1450,492,674,278,6,70,93,41,1,0,1,0,1,0,0
0,0,2636,552,837,866,381,71,95,119,57,0,1,0,1,1,0
0,0,3729,1025,1543,583,578,148,203,78,89,0,1,0,1,1,0
0,6,2833,0,1589,972,272,0,201,118,45,0,0,0,0,1,0
0,3,695,128,65,502,0,24,12,65,0,1,1,0,1,0,0
0,1,5286,829,2981,1476,0,126,388,179,0,1,1,0,1,0,0
0,0,4130,1042,1561,831,696,178,233,114,111,0,1,0,1,1,0
1,3,1082,0,1082,0,0,0,137,0,0,0,0,0,0,0,0
0,3,1880,459,207,630,584,66,29,75,84,0,1,0,1,1,0
0,0,1426,577,547,95,207,90,73,13,24,1,1,0,1,1,0
0,1,1601,0,902,561,138,0,101,60,20,1,0,0,0,0,1
0,5,3075,943,1425,161,546,132,206,23,72,0,1,0,1,1,0
0,0,3263,844,1900,395,124,117,227,60,10,0,1,0,1,0,0
0,5,1356,269,683,373,31,40,86,49,3,0,1,0,0,0,0
0,1,1489,916,405,168,0,125,62,23,0,0,1,0,1,1,0
0,5,7233,2388,2508,965,1372,361,330,115,178,0,1,0,1,1,0
0,4,1102,0,604,498,0,0,78,65,0,0,0,0,0,0,0
0,2,3139,644,1665,830,0,96,237,102,0,0,1,0,1,0,0
0,0,2508,829,506,1008,165,126,77,137,17,0,1,0,1,0,0
0,2,3566,839,1328,1233,166,130,199,173,21,1,1,0,1,0,0
0,3,635,0,156,428,51,0,22,69,9,0,0,0,0,0,0
0,0,1973,1124,453,291,105,135,76,40,17,1,1,0,1,0,1
0,1,2527,788,789,950,0,108,95,108,0,0,1,0,1,1,0
0,3,489,0,489,0,0,0,74,0,0,0,0,0,0,0,0
0,0,3634,1025,1877,248,484,148,231,28,73,0,1,0,1,1,0
0,2,784,72,712,0,0,12,94,0,0,0,1,0,1,0,0
0,7,135,0,88,47,0,0,10,3,0,0,0,0,0,1,0
0,1,2501,492,1088,811,110,79,165,111,10,0,1,0,1,1,0
0,6,3803,0,904,1835,1064,0,139,234,153,0,0,0,0,1,0
0,2,2679,1191,615,873,0,189,90,87,0,0,1,0,1,0,0
0,0,2627,683,927,654,363,124,140,87,52,1,1,0,1,0,0
0,3,407,0,407,0,0,0,54,0,0,1,0,1,0,0,0
0,0,2269,829,1248,101,91,131,183,10,13,1,1,0,1,1,0
0,0,3723,1708,1109,467,439,290,183,71,80,0,1,0,1,1,0
0,2,1573,377,999,197,0,60,147,21,0,0,1,0,1,0,0
0,0,2221,1376,590,147,108,226,92,19,9,0,1,0,1,0,0
0,4,964,175,661,0,128,29,95,0,13,0,1,0,1,1,0
0,8,616,0,616,0,0,0,80,0,0,0,0,0,0,0,0
0,6,1857,0,977,561,319,0,128,66,33,0,0,0,0,1,0
1,1,2609,991,1405,213,0,131,193,28,0,0,1,0,1,0,0
1,1,885,0,171,417,297,0,24,66,35,1,0,0,0,0,0
0,2,2232,1126,815,235,56,163,128,27,8,0,1,0,1,1,0
0,7,937,393,544,0,0,62,74,0,0,0,1,0,1,0,0
0,1,3251,684,1904,663,0,86,245,84,0,0,1,0,1,0,0
0,2,1277,70,1207,0,0,1,163,0,0,0,1,0,1,0,0
0,1,2336,673,691,972,0,97,107,157,0,1,1,0,1,0,0
0,0,3393,1628,1334,415,16,207,150,54,2,1,1,0,1,1,0
0,2,2622,1025,873,273,451,148,103,30,61,0,1,0,1,0,0
0,6,2033,0,837,500,696,0,137,86,60,0,0,0,0,1,0
0,1,1667,0,1117,469,81,0,135,36,9,0,0,0,0,1,0
0,3,1852,1030,822,0,0,147,139,0,0,1,1,0,1,0,0
0,2,2171,1247,618,306,0,192,93,49,0,0,1,0,1,0,0
0,0,2875,825,1649,337,64,147,273,41,11,1,1,0,1,1,0
0,1,2112,558,863,6,685,84,126,1,95,0,1,0,1,0,0
0,6,2896,1247,243,1406,0,192,39,201,0,0,1,0,1,0,0
0,6,479,0,188,209,82,0,20,26,12,0,0,0,0,1,0
0,4,1469,0,872,466,131,0,125,59,25,1,0,0,0,0,1
0,5,3335,310,1379,1170,476,53,219,168,73,0,1,0,1,1,0
0,0,369,233,75,42,19,33,9,5,2,0,1,0,1,0,0
1,0,1522,875,474,111,62,130,54,14,4,1,1,0,1,0,0
0,0,5403,931,1224,2905,343,142,156,411,60,0,1,0,1,0,0
0,6,2599,518,1356,725,0,72,187,86,0,0,1,0,1,0,0
0,0,4904,1958,2341,262,343,335,383,41,54,0,1,0,1,1,0
0,0,3502,610,773,901,1218,87,107,117,177,0,1,0,1,1,0
0,7,395,0,232,163,0,0,30,30,0,0,0,0,0,1,0
0,5,2151,1511,628,6,6,221,87,1,1,0,1,0,1,0,0
0,2,618,0,500,118,0,0,63,17,0,1,0,0,0,0,0
0,3,4463,470,3993,0,0,59,555,0,0,0,1,0,1,0,0
0,6,3039,0,530,1242,1267,0,95,168,191,0,0,0,1,1,0
0,6,2651,1247,596,808,0,192,93,116,0,0,1,0,1,0,0
0,2,3380,1247,1688,445,0,192,248,68,0,0,1,0,1,0,0
0,5,2031,0,667,982,382,0,94,118,54,0,0,0,1,0,0
0,0,4049,1025,2198,342,484,148,280,44,73,0,1,0,1,1,0
1,1,1409,0,1176,162,71,0,174,17,7,0,0,0,1,1,0
0,5,2695,1505,770,397,23,213,112,54,4,0,1,0,1,1,0
0,2,3641,850,1125,430,1236,146,159,56,207,0,1,0,1,0,0
0,1,2275,0,1681,336,258,0,287,44,36,0,0,0,0,0,0
0,1,1437,0,697,502,238,0,107,72,24,0,0,0,0,0,0
0,0,2202,791,579,314,518,122,101,45,83,0,1,0,1,1,0
0,3,3080,769,815,560,936,112,111,67,124,0,1,1,1,1,0
0,5,2696,0,1877,819,0,0,244,93,0,1,0,0,0,0,0
0,2,3641,850,1125,430,1236,146,159,56,207,0,1,0,1,0,0
0,6,3197,1247,436,1514,0,192,66,212,0,0,1,0,1,0,0
0,6,3302,0,1944,290,1068,0,239,35,136,0,0,0,0,0,0
0,6,1667,829,838,0,0,131,131,0,0,0,1,0,1,0,0
0,0,2299,466,562,424,847,73,105,73,154,1,1,0,1,1,0
0,0,4343,619,2033,1083,608,64,272,128,85,1,1,0,1,1,0
0,2,2694,832,1862,0,0,132,277,0,0,0,1,0,0,0,0
0,0,3630,726,754,390,1760,83,110,56,137,0,1,0,1,0,0
0,1,1262,505,492,265,0,79,61,38,0,1,1,0,1,0,0
0,8,379,0,379,0,0,0,57,0,0,0,0,0,0,0,0
0,3,3401,850,891,417,1243,146,122,48,209,1,1,0,1,0,0
0,0,5013,1025,2988,584,416,148,375,70,63,0,1,0,1,1,0
0,7,2166,244,1922,0,0,32,323,0,0,0,1,0,1,0,0
0,2,583,53,381,130,19,10,33,18,3,0,1,0,1,1,0
0,2,4296,850,1405,805,1236,146,195,102,207,0,1,0,1,0,0
0,1,7022,1049,3241,2732,0,151,454,363,0,0,1,0,1,0,0
0,1,3462,1068,1168,872,354,186,159,123,51,0,1,0,1,1,0
0,2,3504,850,1176,242,1236,146,153,29,207,0,1,0,1,0,0
0,0,5494,2676,1360,1194,264,392,176,153,40,0,1,0,1,1,0
0,0,4013,825,1378,537,1273,147,229,77,220,1,1,0,1,1,0
0,0,3092,825,1339,894,34,147,209,135,5,1,1,0,1,1,0
0,1,2674,538,1280,550,306,72,173,65,48,1,1,0,1,1,0
0,1,3928,0,2732,715,481,0,386,101,75,0,0,0,0,1,0
0,6,3004,1247,374,1383,0,192,61,208,0,0,1,0,1,0,0
0,5,2486,879,972,635,0,141,135,92,0,0,1,0,1,1,0
0,6,3118,1247,529,1342,0,192,84,184,0,0,1,0,1,0,0
0,6,1131,0,758,319,54,0,118,52,8,0,0,0,0,1,0
0,0,3938,271,2997,496,174,41,470,64,27,0,1,0,1,0,0
0,1,2566,1441,617,508,0,220,85,65,0,0,1,0,1,1,0
0,7,2290,0,272,2018,0,0,38,267,0,0,0,0,0,1,0
0,5,3055,943,1427,139,546,132,208,22,72,0,1,0,1,1,0
0,2,789,133,632,24,0,19,95,3,0,1,1,0,1,0,0
0,0,3446,1508,640,1203,95,239,111,183,10,0,1,0,1,1,0
0,5,2117,489,803,681,144,76,109,79,20,0,1,0,1,1,0
0,7,4066,2122,1944,0,0,333,323,0,0,0,1,0,0,0,0
0,5,4265,646,2433,194,992,101,370,29,153,0,1,0,1,1,0
0,5,874,228,646,0,0,32,85,0,0,0,1,0,0,0,0
1,2,3019,617,903,1002,497,96,128,133,79,0,1,0,1,1,0
0,5,2131,489,514,702,426,76,73,83,57,0,1,0,1,1,0
0,4,864,0,864,0,0,0,140,0,0,0,0,0,0,0,0
0,1,2497,690,1190,566,51,118,165,74,8,0,1,0,0,0,0
0,2,1758,475,647,405,231,72,121,64,39,0,1,0,1,0,0
0,5,3033,943,1441,103,546,132,209,14,72,0,1,0,1,1,0
0,0,2045,1190,183,503,169,173,25,69,20,1,1,0,1,0,0
0,6,2403,1247,515,641,0,192,80,95,0,0,1,0,1,0,0
0,6,2122,1247,601,274,0,192,89,42,0,0,1,0,1,0,0
0,6,1843,1561,209,73,0,227,21,10,0,0,1,0,1,1,0
0,0,4678,472,2665,1509,32,59,352,201,4,1,1,0,0,0,0
0,1,2622,684,1224,714,0,86,151,86,0,0,1,0,1,0,0
0,3,1836,134,771,745,186,20,113,96,25,0,1,0,1,1,0
0,0,3487,825,956,1489,217,147,154,199,34,1,1,0,1,1,0
0,0,3285,825,850,1489,121,147,138,199,19,1,1,0,1,0,0
0,0,4018,825,1128,1922,143,147,181,260,23,1,1,0,1,1,0
0,0,3246,825,1508,816,97,147,236,108,12,1,1,0,1,1,0
0,5,3034,943,1442,103,546,132,209,14,72,0,1,0,1,1,0
0,0,3327,1025,1408,318,576,148,177,41,88,0,1,0,1,0,0
0,0,4300,870,2229,689,512,140,314,84,79,0,1,0,1,1,0
0,0,647,53,458,117,19,10,50,15,3,0,1,0,1,1,0
0,6,2333,1247,486,600,0,192,77,94,0,0,1,0,1,0,0
0,0,562,53,332,158,19,10,27,21,3,0,1,0,1,1,0
0,1,3290,694,1265,1103,228,109,189,139,32,1,1,0,1,1,0
0,1,3590,730,1125,432,1303,116,182,57,204,0,1,0,1,0,0
0,2,5186,2206,1558,714,708,350,247,82,119,0,1,1,1,0,0
0,4,1505,483,753,269,0,80,125,44,0,0,1,0,0,1,0
1,4,1180,0,1098,82,0,0,130,14,0,0,0,0,1,0,0
0,0,4678,472,2665,1509,32,59,352,201,4,1,1,0,0,0,0
0,6,1234,0,899,280,55,0,146,53,7,0,0,0,0,1,0
0,3,3750,1031,1670,1049,0,133,224,125,0,0,1,0,1,1,0
0,1,2620,684,1222,714,0,86,150,86,0,0,1,0,1,0,0
0,5,3200,646,1440,124,990,101,219,18,153,0,1,0,1,1,0
0,4,753,0,753,0,0,0,118,0,0,0,0,0,1,0,0
0,1,2209,417,1301,491,0,66,181,61,0,0,1,0,1,1,0
0,0,2146,198,1809,117,22,26,220,10,4,1,1,0,1,1,0
0,6,2825,1247,338,1240,0,192,55,185,0,0,1,0,1,0,0
0,2,554,53,332,150,19,10,28,20,3,0,1,0,1,0,0
0,4,682,0,682,0,0,0,92,0,0,0,0,0,1,0,0
0,5,5427,1110,2455,1085,777,158,356,145,105,0,1,0,1,1,0
0,5,4404,518,1356,725,1805,72,187,86,230,0,1,0,1,0,0
0,0,3219,730,954,232,1303,116,141,35,204,0,1,0,1,0,0
0,6,3373,1247,396,1730,0,192,62,253,0,0,1,0,1,0,0
0,2,1966,0,987,808,171,0,121,99,4,1,0,0,0,1,1
0,2,1691,0,1115,576,0,0,185,79,0,0,0,0,0,0,0
0,2,3576,0,2807,537,232,0,378,72,15,1,0,0,0,0,1
0,1,850,133,632,85,0,19,95,14,0,0,1,0,1,0,0
0,6,2593,1247,442,904,0,192,67,129,0,0,1,0,1,0,0
0,6,2158,1247,332,579,0,192,53,84,0,0,1,0,1,0,0
0,1,3632,1392,788,1315,137,209,121,168,19,0,1,0,1,0,0
1,0,1013,751,146,103,13,109,23,15,2,1,1,0,1,0,1
0,0,3743,1025,1885,348,485,148,249,47,73,0,1,0,1,1,0
0,1,3251,1392,788,934,137,209,121,116,19,0,1,0,1,0,0
0,6,3375,1247,396,1732,0,192,62,254,0,0,1,0,1,0,0
0,1,3926,1085,1322,1301,218,163,192,182,30,1,1,0,1,0,0
0,0,474,53,244,158,19,10,35,21,3,0,1,0,1,1,0
0,7,1682,489,1193,0,0,76,175,0,0,0,1,0,1,0,0
0,1,4496,1208,2529,562,197,155,357,75,26,0,1,0,1,1,0
0,0,6398,1057,1952,1440,1949,125,298,177,275,0,1,0,1,1,0
0,1,3153,1392,788,836,137,209,121,88,19,0,1,0,1,0,0
0,2,6742,1576,733,4433,0,243,104,587,0,0,1,0,1,1,0
0,2,3886,805,1974,1107,0,116,270,135,0,0,1,0,1,1,0
0,2,3503,850,1175,242,1236,146,153,29,207,0,1,0,1,0,0
0,6,1176,0,1010,14,152,0,122,3,18,0,0,0,0,0,0
0,1,2833,1463,965,405,0,214,124,44,0,0,1,0,1,1,0
0,6,2926,0,2035,582,309,0,271,72,29,0,0,0,0,1,0
0,6,1409,310,372,727,0,53,62,96,0,0,1,0,1,1,0
1,1,2692,1022,881,789,0,138,138,106,0,0,1,0,1,0,0
0,0,3782,1025,1746,434,577,148,213,58,89,0,1,0,1,1,0
0,0,562,53,332,158,19,10,27,21,3,0,1,0,1,1,0
0,0,2338,400,612,278,1048,53,72,37,138,1,1,0,1,0,0
0,4,1603,483,560,560,0,80,92,76,0,0,1,0,0,1,0
0,6,2127,798,1329,0,0,131,173,0,0,0,1,0,1,0,0
0,6,2825,1247,338,1240,0,192,55,185,0,0,1,0,1,0,0
0,6,4202,0,495,3652,55,0,65,460,9,0,0,0,1,0,1
0,2,554,53,332,150,19,10,28,20,3,0,1,0,1,0,0
0,6,3331,1247,396,1688,0,192,62,248,0,0,1,0,1,0,0
0,3,567,0,465,102,0,0,78,10,0,0,0,0,0,0,0
0,0,2409,536,1362,385,126,72,186,47,19,0,1,0,1,1,0
0,0,7935,1611,3824,2270,230,251,533,305,33,1,1,0,1,0,0
0,6,3476,0,2310,1155,11,0,303,147,1,0,0,0,0,0,1
0,1,351,0,223,100,28,0,39,12,5,0,0,0,0,1,0
0,1,1811,326,584,741,160,49,77,97,21,0,1,0,1,0,0
0,2,859,0,840,0,19,0,127,0,4,1,0,1,0,0,1
1,1,2692,1022,881,789,0,138,138,106,0,0,1,0,1,0,0
0,5,4540,1708,1759,362,711,290,297,53,123,0,1,0,1,1,0
0,2,5930,2388,1342,794,1406,361,177,115,241,0,1,0,1,1,0
0,2,2701,1247,978,476,0,192,146,74,0,0,1,0,1,0,0
0,1,2021,0,398,1131,492,0,61,145,48,0,0,0,0,1,0
0,0,562,53,332,158,19,10,27,21,3,0,1,0,1,1,0
0,2,1465,0,359,1106,0,0,49,165,0,0,0,0,1,0,0
0,0,3526,1042,1185,603,696,178,168,87,111,0,1,0,1,1,0
1,6,1291,325,960,6,0,51,138,1,0,0,1,0,1,0,1
0,1,830,249,479,102,0,26,50,9,0,0,1,0,1,1,0
0,1,2684,0,1308,1106,270,0,167,142,38,0,0,0,0,1,0
0,3,2150,452,1052,646,0,67,161,94,0,1,1,0,1,0,0
0,7,2084,0,758,1326,0,0,129,185,0,0,0,0,0,1,0
0,6,748,0,449,233,66,0,56,28,11,0,0,0,0,1,0
0,1,1992,684,737,340,231,93,123,42,28,0,1,0,1,0,0
0,2,554,53,332,150,19,10,28,20,3,0,1,0,1,1,0
0,1,4027,904,823,2300,0,124,111,271,0,0,1,0,1,1,0
0,1,1573,829,671,56,17,131,102,9,2,0,1,0,1,0,0
0,2,3605,702,1351,915,637,110,187,128,88,0,1,0,1,0,0
0,3,2595,1294,644,512,145,170,93,63,19,0,1,0,1,1,0
0,6,2152,798,1354,0,0,131,172,0,0,0,1,0,1,0,0
0,0,3491,613,1270,1355,253,90,205,176,30,0,1,0,1,1,0
0,2,3380,1247,1688,445,0,192,248,68,0,0,1,0,1,0,0
0,4,685,115,544,26,0,15,79,4,0,0,1,0,1,0,0
0,7,1744,0,656,1088,0,0,114,155,0,0,0,0,0,1,0
0,5,2467,804,1427,91,145,114,232,10,21,0,1,0,1,1,0
0,1,6386,1049,4139,1198,0,151,540,134,0,0,1,0,1,1,0
0,2,3778,1708,1299,263,508,290,221,43,89,0,1,0,1,1,0
0,4,3830,321,1760,1502,247,45,217,199,30,0,1,0,1,1,0
0,0,2843,681,1595,362,205,101,257,45,31,1,1,0,1,0,0
0,6,1984,955,675,354,0,135,90,43,0,0,1,0,1,1,0
0,3,4604,702,2197,1064,641,110,338,181,94,0,1,0,1,0,0
0,6,1785,0,1299,330,156,0,217,59,23,0,0,0,0,1,0
0,2,583,53,381,130,19,10,33,18,3,0,1,0,1,1,0
0,2,1775,511,985,279,0,73,123,37,0,0,1,0,1,1,0
0,5,3105,252,2057,495,301,28,211,59,38,0,1,0,1,1,0
0,0,1837,734,648,318,137,113,108,53,23,0,1,0,1,1,0
0,0,5081,808,2637,955,681,144,365,123,91,0,1,0,1,1,0
0,6,4031,0,3701,330,0,0,475,42,0,0,0,0,0,0,1
0,0,4270,1208,2368,503,191,155,359,64,18,0,1,0,1,1,0
0,3,1046,0,1046,0,0,0,142,0,0,1,0,0,0,0,0
0,0,3859,1025,2126,244,464,148,271,36,71,0,1,0,1,1,0
0,2,1441,0,1095,346,0,0,150,49,0,0,0,0,0,1,0
0,7,2009,0,1548,461,0,0,194,38,0,0,0,0,0,1,0
0,0,4126,2559,505,1021,41,424,78,140,4,0,1,0,1,0,0
0,6,3331,1247,396,1688,0,192,62,248,0,0,1,0,1,0,0
0,1,2262,0,1783,229,250,0,236,25,32,1,0,0,0,1,1
0,1,2256,651,837,524,244,107,107,66,35,0,1,0,1,1,0
0,6,733,175,484,0,74,29,74,0,7,0,1,0,1,1,0
0,6,3371,1247,396,1728,0,192,62,253,0,0,1,0,1,0,0
0,0,1646,300,859,390,97,44,119,45,12,1,1,0,1,1,0
0,6,1344,538,268,0,538,72,44,0,72,0,1,0,1,1,0
0,0,1434,252,672,272,238,28,74,32,28,0,1,0,1,1,0
0,6,2750,0,915,1405,430,0,116,196,68,0,0,0,0,1,0
0,7,511,0,399,0,112,0,46,0,17,0,0,0,1,0,0
0,7,813,499,314,0,0,71,55,0,0,0,1,0,1,0,0
0,4,3825,879,2310,636,0,141,305,79,0,0,1,0,1,1,0
0,7,1636,829,807,0,0,131,116,0,0,0,1,0,1,0,0
0,1,4727,1708,1895,512,612,290,315,66,112,0,1,0,1,1,0
0,1,3471,1344,1542,585,0,222,225,69,0,1,1,0,1,0,0
0,4,1620,364,810,322,124,61,127,38,10,0,1,0,1,0,0
1,0,4586,1185,2223,457,721,140,304,59,123,0,1,0,1,1,0
0,7,1431,1252,179,0,0,198,27,0,0,0,1,0,1,0,0
0,4,2060,134,1089,640,197,20,167,93,29,0,1,0,1,0,0
0,3,676,452,224,0,0,80,26,0,0,0,1,0,1,1,0
0,5,1439,536,475,428,0,73,72,55,0,0,1,0,1,1,0
0,2,3379,509,1954,588,328,79,284,79,43,0,1,0,1,0,0
0,0,3360,717,1727,450,466,120,230,51,67,0,1,0,1,1,0
0,5,2290,1505,493,269,23,213,64,37,4,0,1,0,1,1,0
0,3,2984,911,1497,576,0,134,221,82,0,0,1,0,1,0,0
0,1,2454,684,1090,680,0,86,137,86,0,0,1,0,1,0,0
0,2,1797,627,396,774,0,80,60,76,0,0,1,0,1,1,0
0,1,2451,0,977,1261,213,0,130,121,25,0,0,0,0,1,0
0,5,1432,228,1204,0,0,32,165,0,0,0,1,0,0,0,0
0,3,2984,911,1497,576,0,134,221,82,0,0,1,0,1,0,0
0,0,2128,643,1031,307,147,99,171,48,19,0,1,0,1,0,0
0,4,1830,0,1214,616,0,0,171,88,0,0,0,0,1,0,0
0,3,2984,911,1497,576,0,134,221,82,0,0,1,0,1,0,0
1,0,3040,1050,1349,398,243,155,189,55,30,0,1,0,1,1,0
0,0,3155,1208,1456,380,111,155,213,52,17,0,1,0,1,1,0
0,3,3443,580,1974,889,0,93,282,126,0,0,1,0,1,0,0
0,1,2848,1441,1157,250,0,220,154,34,0,0,1,0,1,1,0
0,8,694,0,694,0,0,0,88,0,0,0,0,0,0,0,0
0,1,4035,1708,763,328,1236,290,121,47,233,0,1,0,1,1,0
0,0,3454,1565,1157,533,199,256,197,75,32,0,1,0,1,0,0
0,5,1122,61,142,373,546,9,20,51,76,0,1,0,1,1,0
0,1,2590,684,1191,715,0,86,146,86,0,0,1,0,1,0,0
0,4,3350,0,2479,871,0,0,333,121,0,1,0,0,0,1,0
0,5,1143,228,915,0,0,32,122,0,0,0,1,0,0,0,0
0,0,3308,596,1717,738,257,85,233,106,33,0,1,0,1,1,0
0,6,1446,0,499,229,718,0,81,35,114,0,0,0,0,1,0
0,4,975,0,975,0,0,0,137,0,0,1,0,0,0,0,0
0,5,2016,0,1382,634,0,0,169,77,0,0,0,0,0,0,0
0,5,1361,0,1361,0,0,0,191,0,0,1,0,0,0,0,0
0,0,2997,1180,1049,264,504,173,134,39,68,0,1,0,1,0,0
0,4,1837,0,1837,0,0,0,275,0,0,1,0,1,0,0,0
0,5,1093,228,865,0,0,32,122,0,0,0,1,0,0,0,0
0,4,6392,1012,3577,1612,191,163,521,219,19,0,1,0,1,1,0
0,2,1556,466,160,930,0,66,20,117,0,0,1,0,0,0,0
0,1,1062,0,6,708,348,0,1,101,54,0,0,0,0,0,0
1,0,3337,819,1337,430,751,106,199,64,114,1,1,0,1,1,0
0,1,1255,0,379,426,450,0,49,46,43,0,0,0,0,0,0
0,8,251,0,251,0,0,0,38,0,0,0,0,1,1,1,0
0,6,2278,814,683,781,0,116,101,131,0,0,1,0,1,1,0
0,6,3922,560,2198,1164,0,98,352,135,0,0,1,0,1,1,0
1,1,1833,1206,334,293,0,177,46,46,0,0,1,0,1,0,0
0,2,4232,0,2049,2049,134,0,265,265,18,1,0,0,0,0,0
0,8,1081,0,1081,0,0,0,125,0,0,0,0,0,1,1,0
0,1,2323,530,704,329,760,76,100,46,89,0,1,1,1,0,0
0,1,2402,361,1718,323,0,57,248,48,0,1,1,0,1,1,0
0,4,2840,445,1854,222,319,61,323,31,49,0,1,0,1,1,0
0,7,2077,0,1777,300,0,0,217,36,0,0,0,0,1,1,0
0,0,3392,587,1956,652,197,85,227,82,25,0,1,0,1,1,0
0,0,2865,615,1529,437,284,83,224,58,40,0,1,0,1,1,0
0,7,2696,1091,1605,0,0,175,220,0,0,0,1,0,1,1,0
0,5,903,228,675,0,0,32,87,0,0,0,1,0,0,0,0
0,5,4986,3726,895,107,258,587,144,9,36,0,1,0,0,1,0
0,1,2451,0,737,563,1151,0,113,72,159,0,0,0,0,0,0
0,2,3018,0,975,975,1068,0,119,119,136,1,0,0,0,0,0
0,1,2904,2662,188,6,48,379,27,1,7,0,1,0,1,1,0
0,1,1979,1364,537,0,78,187,84,0,13,0,1,0,1,1,0
0,5,2419,106,1003,1115,195,14,133,145,24,0,1,0,0,1,0
0,0,5256,1251,942,912,2151,201,147,141,307,1,1,0,1,1,0
0,6,3374,1247,396,1731,0,192,62,253,0,0,1,0,1,0,0
0,6,2169,0,2169,0,0,0,272,0,0,0,0,0,0,0,1
0,1,3001,1025,407,1569,0,135,54,207,0,1,1,0,1,1,0
0,5,2404,955,870,432,147,135,126,52,15,0,1,0,1,1,0
0,0,2579,1126,1047,263,143,163,132,30,20,0,1,0,1,1,0
0,6,2160,1247,332,581,0,192,53,84,0,0,1,0,1,0,0
1,0,6734,4007,1190,1403,134,588,161,171,11,0,1,0,1,1,0
0,5,3779,1014,863,1647,255,134,116,208,33,0,1,0,1,1,0
0,5,3388,735,2653,0,0,104,375,0,0,0,1,0,1,0,0
0,0,3126,1126,783,1074,143,163,102,140,20,0,1,0,1,1,0
0,0,4136,1025,2264,311,536,148,302,37,81,0,1,0,1,0,0
0,3,2465,1001,199,1265,0,136,22,154,0,0,1,0,1,1,0
0,1,2663,1294,642,582,145,170,93,73,18,0,1,0,1,1,0
0,6,2333,1247,486,600,0,192,77,94,0,0,1,0,1,0,0
0,6,2052,798,1254,0,0,131,171,0,0,0,1,0,1,0,0
0,0,2571,433,1450,481,207,63,218,81,37,1,1,0,1,0,0
1,0,3851,1252,1835,396,368,198,219,45,59,0,1,0,1,1,0
0,3,3575,438,748,2389,0,53,98,328,0,0,1,0,1,0,0
0,4,2359,310,1183,487,379,53,171,68,62,0,1,0,1,1,0
0,5,4747,2676,1091,696,284,392,143,89,42,0,1,0,1,1,0
0,1,3465,0,2729,599,137,0,277,82,24,1,0,0,0,1,0
0,5,5333,2676,1290,1098,269,392,163,129,32,0,1,0,1,1,0
0,4,1088,0,1088,0,0,0,174,0,0,0,0,0,0,0,0
0,2,3375,1247,1688,440,0,192,248,66,0,0,1,0,1,0,0
0,0,3796,1126,1549,962,159,163,205,128,20,0,1,0,1,1,0
0,4,2129,310,1113,369,337,53,158,50,55,0,1,0,1,1,0
0,0,4908,2559,866,1383,100,424,128,189,9,0,1,0,1,0,0
0,4,4459,228,2327,1904,0,32,305,240,0,0,1,0,0,0,0
0,6,1807,0,708,420,679,0,111,51,109,0,0,0,0,1,0
0,7,312,0,143,169,0,0,14,21,0,0,0,0,0,1,0
0,6,2705,1247,437,1021,0,192,70,150,0,0,1,0,1,0,0
0,6,3042,336,1893,813,0,55,220,90,0,0,1,0,1,1,0
0,7,567,0,221,346,0,0,34,48,0,0,0,0,0,1,0
0,5,1966,419,878,468,201,50,137,59,29,0,1,0,1,1,0
0,6,2945,336,736,1873,0,55,101,239,0,0,1,0,1,1,0
0,6,1973,0,860,433,680,0,130,51,110,0,0,0,0,1,0
0,6,5017,0,778,3559,680,0,120,498,110,0,0,0,0,1,0
0,2,4296,850,1405,805,1236,146,195,102,207,0,1,0,1,0,0
0,1,2621,684,1223,714,0,86,150,86,0,0,1,0,1,0,0
0,0,4042,1185,1573,480,804,140,209,46,133,0,1,0,1,1,0
0,1,2992,300,1905,690,97,44,247,76,12,0,1,0,1,1,0
0,6,3331,1247,396,1688,0,192,62,248,0,0,1,0,1,0,0
1,1,2578,803,909,594,272,105,134,86,37,0,1,0,1,0,0
0,6,2575,1247,373,955,0,192,61,144,0,0,1,0,1,0,0
0,1,3222,2662,167,334,59,379,22,43,7,0,1,0,1,1,0
0,0,6131,2676,2041,1189,225,392,263,145,33,0,1,0,1,0,0
0,1,2159,559,1234,366,0,79,160,39,0,0,1,0,1,1,0
0,3,1972,588,1168,216,0,89,175,27,0,0,1,0,1,0,0
1,6,5853,3899,1913,41,0,562,225,5,0,0,1,0,1,1,0
0,0,4030,730,1569,428,1303,116,219,55,204,0,1,0,1,1,0
0,2,586,0,520,66,0,0,90,9,0,0,0,0,0,0,0
0,4,3011,1376,797,515,323,226,122,59,32,0,1,0,1,1,0
0,2,2860,1247,1240,373,0,192,185,60,0,0,1,0,1,0,0
0,0,5507,1025,3260,686,536,148,417,81,81,0,1,0,1,1,0
0,6,1656,0,852,256,548,0,127,36,88,0,0,0,0,1,0
0,4,2120,424,1011,373,312,70,166,52,59,0,1,0,1,0,0
0,4,2222,364,123,1735,0,52,18,264,0,0,1,0,1,0,0
0,1,2414,361,328,1568,157,57,53,184,22,1,1,0,1,0,0
0,1,3745,785,1865,1095,0,127,249,143,0,1,1,0,1,1,0
0,6,3373,1247,396,1730,0,192,62,254,0,0,1,0,1,0,0
0,4,2447,321,1331,459,336,45,178,59,40,0,1,0,1,0,0
0,1,3108,508,1867,254,479,65,285,36,81,0,1,0,1,0,0
0,5,1931,244,594,976,117,32,91,141,17,0,1,0,1,0,0
0,3,1274,0,684,292,298,0,87,42,35,0,0,0,1,1,0
0,6,3371,1247,396,1728,0,192,62,253,0,0,1,0,1,0,0
0,1,3177,1492,852,833,0,234,112,110,0,0,1,0,1,0,0
0,1,2487,684,1273,530,0,86,156,64,0,0,1,0,1,0,0
0,1,4123,0,2926,715,482,0,410,101,75,0,0,0,0,0,0
0,3,3776,1031,1670,1075,0,133,224,127,0,0,1,0,1,1,0
0,1,1957,684,915,358,0,86,122,41,0,0,1,0,1,0,0
1,0,2191,803,542,582,264,105,85,86,37,0,1,0,1,0,0
0,2,2427,416,2011,0,0,46,240,0,0,0,1,0,1,0,0
0,2,6415,559,4374,1340,142,82,603,187,18,1,1,0,1,1,0
0,6,1082,228,854,0,0,32,126,0,0,0,1,0,0,0,0
0,6,6183,0,145,5822,216,0,20,723,25,0,0,0,1,1,0
0,2,4640,1708,1889,1043,0,290,329,168,0,0,1,0,1,1,0
0,0,4252,785,2312,678,477,127,326,93,86,0,1,0,1,1,0
0,1,1475,364,866,245,0,33,124,32,0,0,1,0,1,1,0
0,6,3331,1247,396,1688,0,192,62,248,0,0,1,0,1,0,0
0,2,4881,1404,1450,1665,362,224,200,184,46,0,1,0,1,1,0
0,4,5246,1594,3652,0,0,270,591,0,0,0,1,0,1,1,0
0,0,1324,198,719,285,122,26,101,40,15,1,1,0,1,1,0
0,0,1914,198,909,727,80,26,123,86,12,1,1,0,1,1,0
0,3,2048,635,997,416,0,97,138,54,0,0,1,0,1,1,0
0,0,1414,778,196,196,244,115,31,31,39,0,1,0,1,0,0
0,0,2415,1067,733,608,7,165,109,95,1,1,1,0,1,0,0
0,2,4685,1005,1723,1583,374,143,259,184,55,0,1,0,1,0,0
0,0,3934,667,2423,760,84,111,387,97,14,0,1,0,1,1,0
0,6,1974,616,1045,313,0,84,152,45,0,0,1,0,1,0,0
0,5,3875,1685,2190,0,0,263,307,0,0,0,1,0,0,1,0
0,0,5333,2676,1305,1077,275,392,168,126,32,0,1,0,1,1,0
0,7,3476,0,2477,999,0,0,365,136,0,0,0,0,0,1,0
0,6,2136,0,1487,103,546,0,216,14,72,0,0,0,0,0,1
0,0,2592,487,1342,437,326,67,185,46,42,0,1,0,1,0,0
0,6,1881,955,920,6,0,135,128,1,0,0,1,0,1,1,0
0,5,1179,225,225,585,144,36,36,71,15,0,1,0,1,1,0
0,0,2673,1126,952,483,112,163,131,51,17,0,1,0,1,1,0
0,1,1064,186,354,524,0,30,56,88,0,0,1,0,1,0,0
0,6,3371,1247,396,1728,0,192,62,253,0,0,1,0,1,0,0
0,1,1535,829,619,70,17,131,97,10,2,0,1,0,1,1,0
0,5,6881,1286,1966,1224,2405,153,315,177,425,0,1,0,1,1,0
0,0,2493,134,1164,828,367,20,142,91,46,1,1,0,1,1,0
0,0,2929,1247,851,499,332,192,127,65,44,0,1,0,1,0,0
0,5,1188,225,224,585,154,36,36,71,15,0,1,0,1,1,0
0,6,2157,1247,332,578,0,192,53,84,0,0,1,0,1,0,0
0,6,2013,397,1353,0,263,72,180,0,37,0,1,0,1,1,0
0,5,2686,590,493,1151,452,86,77,158,60,0,1,0,1,1,0
0,5,1895,489,1193,162,51,76,175,17,5,0,1,0,1,1,0
0,2,2171,1247,618,306,0,192,93,49,0,0,1,0,1,0,0
0,6,3455,781,2454,220,0,109,359,29,0,0,1,0,1,0,0
0,6,2326,955,1106,265,0,135,140,33,0,0,1,0,1,1,0
0,4,3445,885,1497,1063,0,141,207,143,0,0,1,1,1,1,0
1,7,1320,0,627,0,693,0,94,0,104,0,0,0,0,1,1
0,0,6283,2206,3284,177,616,350,482,20,105,0,1,0,1,0,0
0,1,1305,363,526,275,141,51,77,28,23,0,1,0,1,1,0
0,3,1086,139,634,313,0,21,83,37,0,0,1,0,1,0,0
0,5,1166,225,224,586,131,36,36,59,11,0,1,0,1,1,0
0,2,2001,1247,132,622,0,192,17,92,0,1,1,0,1,0,0
0,7,2456,0,1042,1414,0,0,171,206,0,0,0,0,1,0,0
0,5,2804,1153,1027,228,396,188,169,37,66,0,1,0,1,1,0
0,6,2397,1247,451,699,0,192,68,103,0,0,1,0,1,0,0
1,6,1770,0,1273,362,135,0,236,47,26,0,0,0,0,1,1
0,5,1166,225,224,586,131,36,36,59,11,0,1,0,1,1,0
0,5,799,228,571,0,0,32,71,0,0,0,1,0,0,0,0
0,7,463,0,248,215,0,0,36,29,0,0,0,0,0,0,0
0,6,1271,0,577,149,545,0,100,22,73,0,0,1,0,0,1
0,0,6196,2676,2003,1280,237,392,276,161,36,0,1,0,1,0,0
1,7,926,747,179,0,0,125,30,0,0,0,1,0,1,0,0
0,6,1271,0,577,149,545,0,100,22,73,0,0,0,0,0,1
0,6,2391,0,1226,906,259,0,163,129,39,0,0,0,1,1,0
1,1,2714,362,1675,520,157,62,224,72,28,1,1,0,1,1,0
0,6,1271,0,577,149,545,0,100,22,73,0,0,0,0,0,1
0,6,3376,1247,396,1733,0,192,62,254,0,0,1,0,1,0,0
0,0,4904,2676,1508,536,184,392,204,64,29,0,1,0,1,1,0
0,3,5149,1014,3669,466,0,167,506,59,0,0,1,0,1,1,0
0,6,1271,0,577,149,545,0,100,22,73,0,0,0,0,0,1
0,6,1271,0,577,149,545,0,100,22,73,0,0,0,0,0,1
0,6,1620,228,1392,0,0,32,176,0,0,0,1,0,0,0,0
0,8,631,0,631,0,0,0,94,0,0,0,0,0,1,1,0
0,0,2566,1628,673,234,31,207,77,23,4,0,1,0,1,1,0
0,6,1036,0,382,98,556,0,61,15,79,0,0,0,0,0,1
0,4,2770,879,888,1003,0,141,119,151,0,0,1,0,1,1,0
0,6,2604,601,1352,651,0,91,181,92,0,0,1,0,1,0,0
0,2,1873,0,1453,370,50,0,202,50,5,1,0,0,0,1,0
0,6,1036,0,382,98,556,0,61,15,79,0,0,0,0,0,1
1,0,1074,462,298,238,76,68,40,33,12,0,1,0,1,1,0
0,2,5028,0,1035,3993,0,0,139,551,0,0,0,0,0,0,0
0,8,629,0,629,0,0,0,75,0,0,0,0,0,1,0,0
0,2,2616,0,1139,1201,276,0,138,167,48,1,0,0,0,0,0
0,0,2271,404,954,866,47,45,138,132,7,1,1,0,1,1,0
0,1,2313,361,1629,323,0,57,239,48,0,1,1,0,1,1,0
0,6,2615,1247,373,995,0,192,61,148,0,0,1,0,1,0,0
0,3,2531,745,627,1159,0,103,80,143,0,0,1,0,1,1,0
0,0,4504,904,2423,568,609,127,317,63,101,1,1,0,1,0,0
0,2,2115,364,1230,397,124,61,192,53,10,0,1,0,1,1,0
0,1,1613,0,557,575,481,0,68,73,47,0,0,0,0,1,0
0,1,1663,829,747,70,17,131,116,10,2,0,1,0,1,1,0
0,6,856,0,367,485,4,0,59,82,1,0,0,0,0,1,0
0,0,5495,2676,1360,1195,264,392,176,153,40,0,1,0,1,0,0
0,6,3919,0,3919,0,0,0,654,0,0,0,0,0,1,1,0
0,4,2656,544,1025,593,494,76,146,83,92,0,1,0,1,1,0
0,0,1472,829,570,57,16,131,85,9,2,0,1,0,1,0,0
0,2,2991,1390,834,767,0,196,108,97,0,0,1,0,0,1,0
0,4,1896,0,1290,606,0,0,191,82,0,0,0,0,0,0,0
0,4,1088,0,1088,0,0,0,174,0,0,0,0,0,0,0,0
0,0,2985,726,761,599,899,83,108,82,118,0,1,0,1,1,0
0,4,1088,0,1088,0,0,0,174,0,0,0,0,0,0,0,0
0,5,1212,295,300,225,392,47,50,38,60,0,1,0,1,1,0
0,7,2746,0,1712,1034,0,0,231,139,0,0,0,0,0,1,0
0,0,647,53,458,117,19,10,50,15,3,0,1,0,1,1,0
0,6,3371,1247,396,1728,0,192,62,253,0,0,1,0,1,0,0
0,2,4318,730,1808,477,1303,116,247,57,204,0,1,0,1,0,0
0,2,2040,630,296,424,690,113,55,63,114,0,1,0,1,1,0
0,2,2044,630,300,424,690,113,55,63,114,0,1,0,1,1,0
0,4,1301,134,758,206,203,20,107,31,32,0,1,0,1,1,0
0,2,2372,630,436,616,690,113,57,68,114,0,1,0,1,1,0
0,0,6318,1371,191,3938,818,220,26,470,125,0,1,0,1,1,1
0,7,371,0,308,63,0,0,16,11,0,0,0,0,0,0,0
0,6,1885,0,607,931,347,0,77,122,52,0,0,0,0,1,0
0,7,3609,601,3008,0,0,91,405,0,0,0,1,0,1,0,0
0,2,1939,630,290,329,690,113,54,48,114,0,1,0,1,1,0
0,1,2823,879,1043,544,357,141,143,66,46,0,1,0,1,1,0
0,2,2158,0,1334,252,572,0,217,22,99,1,0,0,1,1,0
0,6,485,0,339,90,56,0,58,11,9,0,0,0,0,1,0
0,3,1685,0,1685,0,0,0,237,0,0,1,0,0,0,1,0
0,1,2647,673,1099,875,0,97,172,121,0,1,1,0,1,1,0
1,0,3085,662,810,1043,570,113,149,138,101,0,1,0,1,0,0
0,3,2328,0,1711,585,32,0,265,83,4,1,0,0,1,1,0
0,0,1759,1371,132,239,17,220,23,33,3,0,1,0,1,1,1
0,5,3807,638,2103,1021,45,88,280,112,6,0,1,0,1,1,0
0,3,1776,829,91,840,16,131,15,129,2,0,1,0,1,1,0
0,4,750,0,300,450,0,0,36,53,0,0,0,0,0,0,0
0,7,1008,0,296,712,0,0,51,94,0,0,0,0,0,1,0
0,4,1088,0,1088,0,0,0,174,0,0,0,0,0,0,0,0
0,1,2411,684,1012,715,0,86,132,100,0,0,1,0,1,0,0
0,1,3199,635,629,488,1447,78,90,70,225,0,1,0,1,1,0
0,1,3291,1441,1514,336,0,220,188,45,0,0,1,0,1,1,0
0,1,2375,603,1719,0,53,94,221,0,7,0,1,0,1,1,0
0,7,1420,0,619,801,0,0,92,84,0,0,0,0,0,1,0
0,5,3416,361,2002,541,512,58,264,68,87,0,1,0,1,1,0
0,7,1139,0,192,947,0,0,30,119,0,0,0,0,0,1,0
0,2,1248,0,380,668,200,0,53,84,31,1,0,0,1,1,0
0,0,4536,1113,1810,1120,493,155,232,136,69,0,1,0,1,1,0
0,7,1516,0,554,962,0,0,72,120,0,0,0,0,0,1,0
0,7,1073,844,229,0,0,117,29,0,0,0,1,0,1,0,0
0,3,968,0,568,350,50,0,82,50,8,0,0,0,0,0,0
0,1,3162,736,480,1884,62,115,81,246,9,0,1,0,1,1,0
1,5,1320,92,767,352,109,15,112,43,10,0,1,0,1,1,0
0,5,3403,361,1982,548,512,58,259,71,87,0,1,0,1,1,0
0,2,3243,1390,717,1136,0,196,106,144,0,0,1,0,0,1,0
1,4,2632,778,1337,503,14,100,212,62,3,0,1,0,1,0,0
0,1,2305,1030,1052,101,122,147,173,12,13,1,1,0,1,1,0
0,5,3402,361,1988,541,512,58,259,68,87,0,1,0,1,1,0
0,0,4007,536,2399,931,141,88,369,131,29,0,1,0,1,0,0
0,7,1512,0,555,957,0,0,70,119,0,0,0,0,0,1,0
0,1,2271,776,1259,236,0,77,175,24,0,0,1,0,1,1,1
0,0,1904,878,819,135,72,130,138,21,10,1,1,0,1,1,0
0,0,4276,1286,1926,611,453,153,268,87,61,1,1,0,1,1,0
0,5,3044,235,1564,1043,202,36,188,135,29,0,1,0,1,1,0
1,1,3063,142,2307,614,0,22,346,79,0,1,1,0,1,0,0
0,7,3632,0,1040,2592,0,0,128,323,0,0,0,0,0,1,1
0,7,1012,0,357,655,0,0,51,84,0,0,0,0,0,1,0
0,4,1908,879,778,251,0,141,115,32,0,0,1,0,1,1,0
0,0,2432,992,876,488,76,165,132,56,12,1,1,0,1,0,0
0,4,3380,741,1642,716,281,111,214,90,33,0,1,0,1,1,0
0,3,2964,879,1409,676,0,141,168,83,0,0,1,0,1,1,0
0,0,2643,79,1974,247,343,12,289,33,36,0,1,0,1,0,0
0,1,2607,684,1221,702,0,86,150,88,0,0,1,0,1,0,0
1,6,1416,0,1182,163,71,0,175,17,7,0,0,0,1,1,0
0,0,474,53,244,158,19,10,35,21,3,0,1,0,1,1,0
1,5,872,226,634,6,6,35,88,1,1,0,1,0,0,1,0
0,0,6744,1508,1577,3550,109,239,239,488,11,0,1,0,1,1,0
0,4,2898,0,2231,146,521,0,296,17,63,1,0,0,1,0,0
0,5,3869,1309,1354,476,730,208,208,70,120,0,1,0,1,1,0
0,0,3517,532,2246,687,52,92,312,97,6,0,1,0,1,1,0
0,0,2609,423,1593,412,181,65,201,63,25,0,1,0,1,0,0
0,2,2696,1247,860,589,0,192,132,89,0,0,1,0,1,0,0
0,1,2688,684,1110,894,0,86,140,115,0,0,1,0,1,0,0
0,7,1148,0,1022,126,0,0,125,18,0,0,0,0,0,1,1
0,5,1853,778,868,157,50,128,146,19,9,0,1,0,1,1,0
0,3,2322,0,1603,691,28,0,250,98,6,0,0,0,1,1,0
0,1,3099,250,2836,0,13,30,246,0,2,0,1,0,0,0,0
0,1,3193,1384,1305,504,0,213,175,64,0,0,1,0,1,0,0
0,2,2746,656,1383,707,0,101,170,88,0,0,1,0,1,1,0
0,6,2835,0,2835,0,0,0,473,0,0,0,0,0,1,0,0
0,1,389,53,184,133,19,10,26,17,3,0,1,0,1,0,0
0,6,1669,433,1236,0,0,48,179,0,0,0,1,0,1,0,0
0,3,1336,0,1336,0,0,0,194,0,0,1,0,0,0,0,0
1,0,3063,333,892,1421,417,48,122,203,56,0,1,0,1,1,0
0,3,2753,0,1979,774,0,0,288,107,0,0,0,0,0,0,0
0,3,1258,524,136,598,0,68,19,76,0,0,1,0,0,0,0
0,1,446,236,180,30,0,35,28,4,0,0,1,0,1,0,0
0,5,1503,226,183,449,645,35,27,62,83,0,1,0,0,0,0
0,1,2107,258,1287,562,0,42,196,75,0,1,1,0,1,0,0
0,7,5764,0,4404,1360,0,0,611,140,0,0,0,0,0,1,0
0,6,1127,0,754,165,208,0,114,23,34,0,0,0,0,1,0
1,0,1147,640,406,64,37,98,58,8,7,1,1,0,1,0,1
0,1,4365,536,715,2480,634,88,121,367,96,0,1,0,1,0,0
0,3,796,464,332,0,0,71,41,0,0,0,1,0,1,0,0
0,0,5500,2301,946,400,1853,320,133,51,272,0,1,0,1,1,0
0,3,1847,1364,124,359,0,192,13,45,0,0,1,0,1,1,0
0,6,2863,1247,338,1278,0,192,55,189,0,0,1,0,1,0,0
0,5,3821,429,1971,895,526,62,283,122,91,0,1,0,1,1,0
0,3,1884,0,912,972,0,0,125,138,0,0,0,1,0,0,0
0,3,2102,0,1777,325,0,0,248,54,0,0,0,0,0,0,0
0,1,2943,1092,1236,615,0,168,189,87,0,1,1,0,1,1,0
0,6,1940,0,1876,64,0,0,275,10,0,1,0,0,0,0,1
0,1,1737,445,452,218,622,61,66,32,96,0,1,0,1,1,0
0,0,3283,615,1141,807,720,83,157,132,109,0,1,0,1,0,0
0,1,500,53,295,133,19,10,20,17,3,0,1,0,1,1,0
0,0,3739,1025,1744,434,536,148,213,58,81,0,1,0,1,0,0
0,7,2037,1447,590,0,0,215,81,0,0,0,1,0,1,1,0
1,7,998,0,407,591,0,0,61,77,0,0,0,0,0,0,1
0,1,1061,134,383,544,0,20,55,64,0,1,1,0,1,1,0
0,5,2598,477,847,1185,89,63,114,147,12,0,1,0,1,1,0
0,0,465,53,235,158,19,10,37,21,3,0,1,0,1,1,0
0,5,5907,476,3275,1921,235,74,424,262,21,0,1,0,1,1,0
0,1,1646,0,866,504,276,0,152,59,33,0,0,0,0,1,0
0,0,3139,250,2265,611,13,30,178,89,2,0,1,0,0,0,0
0,2,1845,247,686,912,0,44,107,95,0,1,1,0,1,1,0
0,5,2837,712,584,928,613,121,91,126,106,0,1,0,1,1,0
1,7,727,0,391,336,0,0,58,47,0,0,0,0,1,0,0
0,0,1424,577,546,95,206,90,72,13,24,1,1,0,1,1,0
0,1,2611,0,1826,619,166,0,285,92,21,1,0,0,0,1,0
0,5,2995,1294,1183,475,43,170,160,61,6,0,1,0,1,1,0
0,3,4974,0,3354,947,673,0,498,139,96,0,0,0,1,0,0
0,1,1059,692,223,144,0,115,32,20,0,0,1,0,1,1,0
0,0,4403,229,3239,828,107,33,453,117,16,0,1,0,1,0,0
0,4,2068,0,1241,714,113,0,170,89,19,1,0,0,0,0,0
0,0,3478,702,1455,598,723,100,181,72,107,0,1,0,1,1,0
0,5,2257,1294,764,156,43,170,121,17,6,0,1,0,1,1,0
0,1,1884,0,640,724,520,0,104,122,50,1,0,0,0,0,1
0,0,3686,1085,911,1296,394,163,150,166,67,1,1,0,1,0,0
0,2,3955,1113,696,1961,185,155,92,260,24,0,1,0,1,1,0
0,2,3811,1687,1730,394,0,247,241,52,0,0,1,0,1,0,0
0,1,6810,2676,2133,1751,250,392,263,215,32,0,1,0,1,0,0
0,0,2890,726,768,497,899,83,114,65,119,0,1,0,1,1,0
0,0,2559,615,1194,415,335,83,154,46,48,0,1,0,1,1,0
1,1,3795,667,2176,868,84,111,353,119,14,0,1,0,1,1,0
0,5,2275,558,848,204,665,84,119,22,84,0,1,0,1,0,0
0,3,1181,197,889,95,0,31,128,13,0,0,1,0,1,1,0
0,2,3413,558,1542,374,939,84,235,58,123,0,1,0,1,0,0
0,7,1707,513,1194,0,0,69,153,0,0,0,1,0,1,1,0
0,7,1425,0,478,947,0,0,60,114,0,0,0,0,0,1,0
0,6,1148,228,920,0,0,32,114,0,0,0,1,0,0,0,0
1,3,6405,335,6070,0,0,66,1151,0,0,0,1,0,0,0,0
0,1,2987,816,1083,547,541,129,172,75,92,0,1,0,1,1,0
0,6,2868,1247,338,1283,0,192,55,189,0,0,1,0,1,0,0
0,2,2110,554,762,794,0,88,94,108,0,0,1,0,1,0,0
0,0,4181,589,682,2396,514,80,115,311,72,1,1,0,1,1,0
0,0,5415,1503,2789,981,142,209,387,122,22,0,1,0,1,1,0
0,0,2040,748,579,534,179,116,73,70,23,0,1,0,1,1,0
0,0,2646,1297,496,738,115,182,63,105,17,0,1,0,1,0,0
0,4,2899,0,2243,656,0,0,309,82,0,1,0,0,0,0,1
0,2,3408,558,1537,374,939,84,234,58,123,0,1,0,1,0,0
0,2,562,53,332,158,19,10,28,21,3,0,1,0,1,0,0
0,3,3095,361,1937,797,0,57,295,104,0,1,1,0,1,0,0
0,0,3316,1085,644,1242,345,163,105,158,61,1,1,0,1,0,0
0,0,5145,820,2341,934,1050,115,320,112,142,0,1,0,1,1,0
0,0,2308,422,1522,272,92,68,219,33,10,0,1,0,1,1,0
0,0,1738,829,351,367,191,126,48,51,19,0,1,0,1,0,0
1,0,3757,429,1167,1497,664,62,170,214,105,0,1,0,1,1,0
1,3,1180,0,1180,0,0,0,153,0,0,0,0,0,0,0,0
0,1,2979,300,1938,644,97,44,271,77,12,1,1,0,1,1,0
0,0,2898,1224,311,540,823,201,55,53,138,1,1,0,1,0,0
0,1,2476,748,1278,311,139,116,172,39,15,0,1,0,1,1,0
0,0,4541,1503,1677,1174,187,209,213,160,29,0,1,0,1,1,0
0,2,2422,656,1257,509,0,101,148,67,0,0,1,0,1,1,0
0,5,3223,702,860,938,723,100,116,107,107,0,1,0,1,1,0
0,1,1307,0,1150,151,6,0,163,24,1,0,0,0,0,1,0
0,2,2235,453,1272,510,0,63,172,63,0,0,1,0,1,0,0
0,0,2771,711,1335,695,30,108,201,88,5,1,1,0,1,1,0
0,2,1732,453,716,563,0,63,108,81,0,0,1,0,1,0,0
0,1,2619,684,1221,714,0,86,150,86,0,0,1,0,1,0,0
0,5,2322,1390,906,26,0,196,141,4,0,0,1,0,0,0,0
0,1,2498,228,397,1873,0,32,58,236,0,0,1,0,0,0,0
0,0,3837,551,1586,1457,243,78,245,198,37,1,1,0,1,1,0
0,6,1194,0,487,633,74,0,74,75,9,0,0,0,0,1,0
0,4,4369,1594,2775,0,0,270,402,0,0,0,1,0,1,1,0
0,2,2612,1247,955,410,0,192,144,65,0,0,1,0,1,0,0
0,0,3326,340,681,1785,520,58,108,223,97,0,1,0,1,1,0
0,5,2902,1171,736,695,300,172,95,87,43,0,1,0,1,1,0
0,0,554,53,324,158,19,10,25,21,3,0,1,0,1,1,0
0,1,2009,771,125,585,528,111,18,74,77,1,1,0,1,1,0
0,1,2515,334,1162,890,129,46,155,97,11,0,1,0,1,1,0
0,0,5326,2676,1305,1077,268,392,168,126,32,0,1,0,1,1,0
0,1,2550,771,689,561,529,111,100,68,81,1,1,0,1,1,0
0,0,3468,1013,2143,259,53,123,252,35,5,0,1,0,1,1,0
0,2,554,53,332,150,19,10,28,20,3,0,1,0,1,0,0
1,4,2218,879,655,552,132,141,95,68,21,0,1,0,1,0,0
0,6,3028,635,1978,415,0,97,267,56,0,0,1,0,1,1,0
0,4,4424,1014,3037,373,0,167,422,46,0,0,1,0,1,1,0
0,6,2849,1247,321,1281,0,192,50,175,0,0,1,0,1,0,0
0,5,2245,821,472,689,263,107,70,82,39,0,1,0,1,1,0
0,0,2587,865,814,697,211,137,122,94,39,1,1,0,1,1,0
0,1,3663,1565,1223,676,199,256,204,94,32,0,1,0,1,1,0
1,1,5586,1294,2269,2023,0,182,329,321,0,0,1,0,1,1,0
0,2,2774,433,1155,388,798,63,176,63,123,0,1,0,1,0,0
0,3,1792,1364,92,336,0,192,14,43,0,0,1,0,1,1,0
0,6,1699,228,1471,0,0,32,204,0,0,0,1,0,0,0,0
0,1,3850,251,2739,478,382,52,400,63,53,0,1,0,1,1,0
1,3,1564,317,802,445,0,52,116,62,0,0,1,0,1,1,0
1,0,485,126,248,49,62,21,43,5,9,1,1,0,1,0,0
0,0,3517,781,827,1241,668,102,102,153,80,0,1,0,1,0,0
0,1,9887,1545,4583,3759,0,226,659,500,0,0,1,0,1,1,0
0,5,4434,426,3228,534,246,62,509,70,39,0,1,0,1,1,0
0,5,2021,499,734,583,205,71,117,71,24,0,1,0,1,1,0
0,5,1314,401,444,361,108,33,60,45,11,0,1,0,1,1,0
0,1,1622,0,548,586,488,0,67,73,48,0,0,0,0,1,0
0,0,5338,2676,875,1502,285,392,115,185,42,0,1,0,1,1,0
0,1,6243,1014,4253,928,48,167,578,111,6,0,1,0,1,1,0
1,0,6110,345,2588,2416,761,58,330,361,119,1,1,0,1,1,0
0,2,2658,139,1784,735,0,21,237,87,0,0,1,0,1,0,0
0,2,2862,1247,1240,375,0,192,185,60,0,0,1,0,1,0,0
0,6,1299,0,565,734,0,0,74,92,0,0,0,1,0,1,0
0,0,3416,553,2095,447,321,82,344,64,47,1,1,0,1,1,0
0,1,1303,310,239,612,142,53,36,73,14,0,1,0,1,1,0
0,1,6490,2419,1968,2103,0,377,295,265,0,1,1,0,1,1,0
0,3,3014,0,1339,1601,74,0,188,210,9,0,0,0,0,1,0
0,2,4442,910,2313,903,316,141,323,106,37,0,1,0,1,1,0
0,0,1322,255,606,373,88,39,91,59,16,1,1,0,1,0,0
0,5,3683,0,1804,1879,0,0,296,256,0,0,0,0,1,0,0
0,6,2866,1247,338,1281,0,192,55,190,0,0,1,0,1,0,0
0,1,1417,956,297,164,0,159,45,30,0,0,1,0,1,0,0
0,3,491,0,491,0,0,0,71,0,0,1,0,0,0,0,1
0,2,2337,0,1839,448,50,0,244,56,10,0,0,0,0,1,0
0,0,3071,549,412,1360,750,87,69,204,131,1,1,0,1,0,0
0,5,2307,720,1172,232,183,119,181,35,25,0,1,0,1,0,0
0,1,2056,0,1358,576,122,0,204,90,22,1,0,0,1,0,0
0,1,2597,0,1798,664,135,0,247,82,18,0,0,0,0,1,0
0,6,2682,1247,532,903,0,192,82,136,0,0,1,0,1,0,0
0,1,2535,879,812,453,391,141,118,64,56,0,1,0,1,1,0
1,0,1364,559,137,253,415,79,18,28,42,0,1,0,1,1,0
0,0,3267,615,1607,570,475,83,239,80,70,1,1,0,1,1,0
0,4,1390,310,516,564,0,53,78,75,0,0,1,0,1,1,0
0,1,1208,0,721,313,174,0,105,39,24,0,0,0,0,0,0
0,1,1402,0,926,208,268,0,134,26,42,0,0,0,0,1,0
0,3,1249,815,215,219,0,121,30,31,0,0,1,0,1,1,0
0,2,3426,558,1555,374,939,84,235,58,123,0,1,0,1,0,0
0,6,1334,310,183,841,0,53,25,116,0,0,1,0,1,1,0
0,1,4159,879,1593,788,899,141,222,106,143,0,1,0,1,1,0
0,0,3525,904,1210,803,608,127,170,94,101,1,1,0,1,0,0
0,1,2216,0,580,1228,408,0,84,168,53,1,0,0,1,1,0
1,1,3213,822,1387,1004,0,127,181,147,0,1,1,0,1,0,0
0,0,2450,619,1376,330,125,81,212,50,16,0,1,0,1,1,0
0,0,1477,255,853,281,88,39,138,47,16,1,1,0,1,1,0
0,6,1149,0,750,257,142,0,55,35,19,0,0,0,1,1,0
0,4,2880,364,128,2388,0,52,21,329,0,0,1,1,1,0,0
0,7,1615,0,547,1068,0,0,75,135,0,0,0,0,0,0,0
0,3,1033,0,764,269,0,0,112,32,0,0,0,0,0,1,1
0,0,3145,1461,493,962,229,211,72,139,23,1,1,0,1,1,0
0,1,1934,352,987,595,0,52,150,62,0,0,1,0,1,1,0
0,2,583,53,381,130,19,10,33,18,3,0,1,0,1,1,0
0,3,614,0,307,307,0,0,41,41,0,1,0,0,0,0,0
1,3,1113,317,652,144,0,52,108,19,0,0,1,0,1,1,0
0,1,2782,765,1119,707,191,114,151,87,32,0,1,0,1,1,0
0,3,2310,0,1205,1105,0,0,160,132,0,0,0,0,0,0,0
0,0,843,236,370,219,18,35,53,38,2,0,1,0,1,0,0
0,0,2961,606,1950,279,126,90,272,39,17,0,1,0,1,1,0
0,1,4358,79,2663,852,764,12,387,115,103,0,1,0,1,0,0
0,1,2219,873,679,594,73,146,111,61,10,0,1,0,1,0,0
0,1,2114,1052,394,483,185,169,58,67,21,1,1,0,1,1,0
0,8,267,0,267,0,0,0,47,0,0,0,0,0,0,1,0
0,2,1980,352,993,635,0,52,129,78,0,0,1,0,1,1,0
0,1,5872,1708,2118,990,1056,290,352,146,196,0,1,0,1,1,0
0,3,3595,476,1712,1199,208,74,230,164,32,0,1,0,1,0,0
1,5,4695,952,486,2725,532,149,87,390,94,0,1,0,1,1,0
0,2,1408,352,494,562,0,52,73,63,0,0,1,0,1,1,0
0,2,583,53,381,130,19,10,33,18,3,0,1,0,1,1,0
0,1,2085,781,1168,136,0,109,186,14,0,1,1,0,1,0,0
0,1,645,53,456,117,19,10,50,15,3,0,1,0,1,1,0
0,2,612,115,471,26,0,15,69,4,0,0,1,0,1,1,0
0,4,5368,699,2548,1024,1097,104,335,145,153,0,1,0,1,0,0
0,0,4713,1436,2202,503,572,218,318,59,76,0,1,0,1,0,0
0,1,2538,1064,760,714,0,148,112,108,0,0,1,0,0,0,0
0,1,2546,256,1773,517,0,39,265,78,0,1,1,0,0,1,0
0,2,1312,256,741,315,0,39,112,43,0,1,1,0,0,0,0
0,0,3417,657,1797,572,391,100,258,74,54,0,1,0,1,0,0
0,1,1540,888,575,0,77,136,73,0,14,0,1,0,1,0,0
0,6,3371,1247,396,1728,0,192,62,253,0,0,1,0,1,0,0
0,0,1414,778,196,196,244,115,31,31,39,0,1,0,1,0,0
0,2,583,53,381,130,19,10,33,18,3,0,1,0,1,1,0
0,6,2941,666,2275,0,0,59,255,0,0,0,1,0,1,0,0
0,5,4423,1970,2453,0,0,312,373,0,0,0,1,0,1,0,0
0,7,2082,905,1177,0,0,93,158,0,0,0,1,0,1,0,0
0,6,2299,1247,309,743,0,192,49,110,0,0,1,0,1,0,0
0,5,3474,1179,1326,636,333,199,193,77,51,0,1,0,1,0,0
0,2,998,0,663,335,0,0,108,57,0,0,0,0,1,1,0
0,1,2438,256,1091,1091,0,39,167,167,0,1,1,0,0,0,0
1,6,2339,349,1349,641,0,56,210,87,0,0,1,0,1,0,0
0,3,5155,1014,3684,457,0,167,509,59,0,0,1,0,1,1,0
0,0,3553,522,1783,488,760,85,261,71,106,0,1,0,1,1,0
0,7,4153,1208,2945,0,0,155,414,0,0,0,1,0,1,0,0
0,6,2246,0,2246,0,0,0,265,0,0,0,0,0,0,0,1
0,0,1442,198,754,393,97,26,116,64,16,1,1,0,1,1,0
0,2,3420,0,1340,2080,0,0,178,284,0,0,0,0,0,0,0
0,6,2224,815,938,471,0,121,126,66,0,0,1,1,1,1,0
0,0,4881,958,2840,810,273,154,375,95,36,0,1,0,1,1,0
0,6,3377,1247,396,1734,0,192,62,254,0,0,1,0,1,0,0
0,6,1949,441,950,558,0,64,136,67,0,0,1,0,1,0,0
0,1,4157,0,2961,715,481,0,410,101,75,0,0,0,0,0,0
0,1,2208,505,499,1204,0,79,85,157,0,0,1,0,1,1,0
0,5,1837,439,705,363,330,71,117,52,49,0,1,0,1,1,0
0,2,3625,1491,2134,0,0,235,328,0,0,0,1,0,1,0,0
0,6,1395,0,878,388,129,0,86,31,19,0,0,0,0,1,0
0,2,554,53,332,150,19,10,28,20,3,0,1,0,1,0,0
0,0,3891,730,1619,289,1253,116,226,38,200,0,1,0,1,1,0
0,0,3391,1310,1042,366,673,194,155,38,101,1,1,0,1,1,0
0,0,2007,198,835,841,133,26,131,138,17,1,1,0,1,1,0
0,0,2597,423,1581,412,181,65,200,63,25,0,1,0,1,0,0
0,0,1500,198,754,452,96,26,116,64,15,1,1,0,1,1,0
0,7,5439,0,4294,1145,0,0,538,152,0,0,0,0,0,1,0
0,2,4492,879,2676,937,0,141,360,114,0,0,1,0,1,1,0
0,1,3298,429,1287,1002,580,62,192,140,97,0,1,0,1,1,0
0,6,2868,1247,359,1262,0,192,56,183,0,0,1,0,1,0,0
0,5,3180,429,1705,506,540,62,247,69,93,0,1,0,1,1,0
0,0,4136,1025,2264,311,536,148,302,37,81,0,1,0,1,0,0
0,4,3846,1628,2218,0,0,207,268,0,0,1,1,0,1,1,0
0,4,1088,0,1088,0,0,0,174,0,0,0,0,0,0,0,0
0,1,2632,266,1892,337,137,44,239,38,17,0,1,0,1,1,0
0,0,3739,1025,1744,434,536,148,213,58,81,0,1,0,1,0,0
0,3,1821,321,778,436,286,45,111,57,38,0,1,0,1,0,0
0,2,583,53,381,130,19,10,33,18,3,0,1,0,1,1,0
0,2,1703,711,747,217,28,109,117,35,6,0,1,0,1,1,0
0,0,4414,1820,1029,803,762,327,157,128,122,0,1,0,1,1,0
0,3,1552,829,616,91,16,131,86,15,2,0,1,0,1,0,0
0,6,2169,1247,332,590,0,192,53,86,0,0,1,0,1,0,0
0,1,1954,684,604,666,0,86,70,80,0,0,1,0,1,0,0
0,8,2495,0,2495,0,0,0,377,0,0,0,0,0,0,1,0
0,2,583,53,381,130,19,10,33,18,3,0,1,0,1,1,0
0,1,1441,186,424,831,0,30,66,99,0,0,1,0,1,0,0
0,1,2617,684,1219,714,0,86,151,86,0,0,1,0,1,0,0
0,6,2172,349,1095,728,0,56,160,109,0,0,1,0,1,1,0
0,4,613,89,155,0,369,13,25,0,57,0,1,0,1,0,0
1,0,5821,1115,1410,706,2590,187,219,118,435,0,1,0,1,1,0
0,0,1691,271,424,727,269,40,58,95,27,0,1,0,1,1,0
0,0,1942,888,664,195,195,136,85,31,29,0,1,0,1,0,0
0,7,1976,415,1561,0,0,68,182,0,0,0,1,0,1,0,0
0,5,2259,325,522,1212,200,49,81,153,23,0,1,0,1,1,0
0,0,4952,748,2901,1164,139,116,393,149,15,0,1,0,1,1,0
0,0,1848,181,1102,509,56,22,159,73,10,1,1,0,0,0,0
0,4,3104,801,1199,1104,0,130,194,188,0,0,1,0,1,1,0
0,5,7715,6178,984,383,170,852,136,47,17,0,1,0,1,1,0
1,4,1514,267,741,369,137,49,123,54,23,0,1,0,1,1,0
0,7,3263,516,2747,0,0,76,333,0,0,0,1,0,1,0,0
0,0,4543,1466,1984,916,177,222,264,125,13,1,1,0,1,1,0
0,2,583,53,381,130,19,10,33,18,3,0,1,0,1,1,0
0,1,1862,457,898,177,330,62,134,23,57,1,1,0,1,1,0
0,6,726,0,301,198,227,0,47,27,37,0,0,0,0,1,0
0,6,2636,1247,531,858,0,192,82,121,0,0,1,0,1,0,0
0,3,2035,408,1627,0,0,65,232,0,0,1,1,0,1,0,0
0,6,2083,0,671,512,900,0,17,17,20,0,0,0,0,1,0
0,1,4504,1049,2081,1374,0,151,280,175,0,0,1,0,1,1,0
0,0,5450,1510,1989,1831,120,260,280,263,19,0,1,0,1,1,0
0,1,1949,0,377,1402,170,0,52,176,18,1,0,0,0,0,0
0,1,1382,228,489,574,91,34,74,82,13,0,1,0,1,1,0
0,2,3546,651,1803,564,528,107,246,71,77,0,1,0,1,1,0
0,1,4412,1049,2059,1304,0,151,277,166,0,0,1,0,1,1,0
0,2,2713,0,2405,308,0,0,330,40,0,1,0,0,1,1,0
0,1,2879,69,1714,1096,0,9,253,165,0,1,1,0,1,1,0
0,0,647,53,458,117,19,10,50,15,3,0,1,0,1,1,0
0,0,3980,1441,824,693,1022,176,114,107,156,0,1,0,1,1,0
0,6,2616,1247,373,996,0,192,61,148,0,0,1,0,1,0,0
0,1,6375,1439,2673,2086,177,212,372,293,27,1,1,0,1,0,0
0,8,87,0,87,0,0,0,12,0,0,0,0,0,0,1,0
0,0,1987,391,982,433,181,59,127,50,20,0,1,0,1,0,0
0,0,3401,1126,1170,949,156,163,161,117,21,0,1,0,1,1,0
0,2,2989,0,1074,996,919,0,147,148,137,0,0,0,1,1,0
0,3,1834,321,791,436,286,45,112,57,38,0,1,0,1,0,0
0,6,2092,1247,363,482,0,192,63,80,0,0,1,0,1,0,0
0,0,2025,720,840,311,154,126,119,36,20,0,1,0,1,1,0
0,6,3536,1132,1811,593,0,188,236,76,0,0,1,0,1,1,0
0,5,2135,333,289,1190,323,48,34,159,51,0,1,0,1,1,0
0,5,1495,904,292,235,64,105,46,34,7,0,1,0,0,1,0
0,1,2243,0,1176,718,349,0,166,102,53,0,0,0,1,1,0
0,5,1976,1392,578,3,3,209,90,1,1,0,1,0,1,0,0
0,6,1096,228,868,0,0,32,132,0,0,0,1,0,0,0,0
0,1,2599,684,1220,695,0,86,151,85,0,0,1,0,1,0,0
0,0,1827,339,740,488,260,48,118,70,30,1,1,0,1,1,0
1,1,2787,333,2038,206,210,48,307,25,28,0,1,0,1,1,0
0,0,1583,479,770,244,90,67,101,29,11,1,1,0,1,1,0
0,1,3503,807,436,2260,0,112,63,278,0,0,1,0,1,0,0
0,7,829,404,425,0,0,69,60,0,0,0,1,0,0,0,0
0,1,1557,692,703,162,0,115,90,19,0,0,1,0,1,0,0
0,7,107,0,60,47,0,0,10,8,0,0,0,0,0,0,0
0,1,2843,0,2106,422,315,0,302,59,51,1,0,0,0,1,0
0,6,2336,1247,486,603,0,192,77,94,0,0,1,0,1,0,0
1,1,2077,609,924,392,152,95,144,52,17,0,1,0,0,1,0
0,1,3992,617,1785,1219,371,96,261,173,65,0,1,0,1,1,0
0,6,1965,1247,448,270,0,192,68,38,0,0,1,0,1,0,0
0,5,2385,228,902,1255,0,32,131,173,0,0,1,0,0,0,0
0,0,1810,244,704,450,412,32,111,73,65,0,1,0,1,1,0
0,1,3578,0,1487,1838,253,0,179,207,33,1,0,0,0,1,0
0,1,3325,1250,415,1660,0,161,56,184,0,0,1,0,1,1,0
0,0,1809,690,566,249,304,106,88,38,41,0,1,0,1,0,1
1,0,1147,640,406,64,37,98,58,8,7,1,1,0,1,0,1
0,4,3336,865,2471,0,0,124,300,0,0,0,1,0,1,0,0
0,0,1809,690,566,249,304,106,88,38,41,0,1,0,1,0,1
0,6,2135,134,1370,631,0,20,212,113,0,0,1,0,1,0,0
0,6,2208,1247,343,618,0,192,58,102,0,0,1,0,1,0,0
0,1,1799,690,565,249,295,106,88,38,40,0,1,0,1,0,1
0,1,1914,690,655,310,259,106,103,46,35,0,1,0,1,0,1
0,5,2727,235,1383,907,202,36,176,119,29,0,1,0,1,1,0
0,3,3024,781,1857,386,0,109,271,42,0,0,1,0,1,0,0
0,0,1810,690,566,249,305,106,88,38,41,0,1,0,1,0,1
0,6,3368,1247,396,1725,0,192,62,253,0,0,1,0,1,0,0
0,4,2362,539,1823,0,0,81,248,0,0,0,1,0,1,1,0
0,0,3106,726,889,592,899,83,127,81,119,0,1,0,1,0,0
0,0,3623,1042,1222,663,696,178,178,105,111,0,1,0,1,1,0
0,0,2365,558,971,6,830,84,143,1,109,1,1,0,1,0,0
0,1,2645,281,449,1915,0,38,70,255,0,0,1,0,1,1,0
0,0,2367,558,973,6,830,84,143,1,109,1,1,0,1,0,0
0,0,2369,558,975,6,830,84,144,1,109,1,1,0,1,0,0
0,5,5526,1371,444,3652,59,220,66,460,9,0,1,0,1,0,1
0,6,3358,1247,396,1715,0,192,62,248,0,0,1,0,1,0,0
0,4,3588,310,1811,1019,448,53,281,161,77,0,1,0,1,0,0
0,0,3970,1181,1688,281,820,156,217,40,89,0,1,0,1,0,0
0,1,3435,607,1919,909,0,91,283,111,0,0,1,0,1,0,0
0,3,1821,879,644,298,0,141,92,40,0,0,1,0,1,0,0
0,1,2486,630,1070,786,0,97,157,116,0,0,1,0,1,1,0
0,0,3962,516,1581,977,888,76,216,118,143,0,1,0,1,0,0
0,1,2486,630,1070,786,0,97,157,116,0,0,1,0,1,1,0
0,0,3414,1628,1511,87,188,207,198,13,23,1,1,0,1,0,0
0,5,999,433,566,0,0,48,97,0,0,0,1,0,1,1,0
0,3,775,702,73,0,0,110,11,0,0,0,1,0,1,0,0
0,2,4401,600,1377,734,1690,86,200,97,277,1,1,0,1,1,0
0,0,3683,2130,246,994,313,331,40,108,40,0,1,0,1,1,0
0,4,3795,695,1092,1191,817,120,161,186,138,0,1,0,1,1,0
0,0,2293,615,1027,316,335,83,143,34,48,1,1,0,1,1,0
0,2,2194,76,543,1575,0,13,91,191,0,0,1,0,1,1,0
1,1,3110,0,822,1129,1159,0,121,161,162,0,0,0,0,0,1
0,5,2579,1508,816,255,0,239,140,36,0,0,1,0,1,0,0
0,0,1587,204,963,203,217,37,152,21,40,1,1,0,1,1,0
0,1,3537,0,2465,576,496,0,383,95,84,0,0,0,0,0,0
0,6,3372,1247,396,1729,0,192,62,253,0,0,1,0,1,0,0
0,6,2946,2289,617,40,0,319,82,5,0,0,1,0,1,0,0
1,0,4133,1628,2249,240,16,207,262,23,2,0,1,0,1,1,0
0,6,3373,1247,396,1730,0,192,62,253,0,0,1,0,1,0,0
0,2,2796,1395,714,480,207,229,117,83,33,0,1,0,1,1,0
0,1,4858,785,3090,983,0,127,414,126,0,1,1,0,1,1,0
0,5,3645,662,1806,1177,0,104,254,150,0,0,1,0,1,0,0
0,0,1587,204,963,203,217,37,152,21,40,0,1,0,1,1,0
0,2,3505,293,1956,1179,77,44,250,143,13,0,1,0,1,0,0
0,7,694,0,619,0,75,0,57,0,12,0,0,0,0,0,0
0,1,4752,470,3278,1004,0,66,407,112,0,0,1,0,1,0,0
0,0,4480,1025,2426,452,577,148,328,60,89,0,1,0,1,0,0
1,0,3152,256,2618,205,73,40,405,28,9,1,1,0,1,0,0
0,1,1506,0,494,963,49,0,84,127,7,1,0,0,1,0,0
0,2,421,0,210,211,0,0,31,29,0,0,0,0,0,0,0
0,4,2397,493,1904,0,0,77,307,0,0,0,1,0,1,0,0
0,0,3467,615,2052,475,325,83,273,58,48,0,1,0,1,1,0
0,0,3348,1032,1050,523,743,157,162,68,124,0,1,0,1,1,0
0,3,1355,0,626,545,184,0,83,71,25,0,0,0,1,1,0
0,5,1495,205,401,416,473,33,67,53,81,0,1,0,1,1,0
0,6,802,0,343,446,13,0,38,69,3,0,0,0,0,1,0
0,0,2588,1565,876,109,38,256,134,11,5,0,1,0,1,1,0
0,0,1968,489,705,559,215,76,113,69,32,0,1,0,1,1,0
0,3,892,0,246,646,0,0,36,87,0,0,0,0,0,1,0
0,2,583,53,381,130,19,10,33,18,3,0,1,0,1,1,0
0,5,1754,0,501,1253,0,0,68,184,0,0,0,0,1,0,0
1,2,1737,0,277,1460,0,0,31,140,0,0,0,0,0,0,0
0,1,3576,2790,448,338,0,370,66,45,0,0,1,0,1,1,0
0,3,2301,551,1101,649,0,78,145,73,0,0,1,0,1,1,0
0,5,1562,213,529,580,240,29,75,76,38,0,1,0,1,1,0
0,3,871,175,597,0,99,29,89,0,10,0,1,0,1,1,0
0,4,1049,727,322,0,0,97,52,0,0,0,1,0,0,0,0
0,1,4879,560,3514,805,0,98,538,98,0,0,1,0,1,1,0
0,2,2372,745,832,795,0,103,104,101,0,0,1,0,1,1,0
0,2,2311,0,1854,437,20,0,253,49,2,0,0,0,0,0,0
0,5,1154,454,392,241,67,68,58,30,9,0,1,0,1,0,0
0,7,1656,866,790,0,0,123,110,0,0,0,1,0,1,0,0
0,6,2381,1247,420,714,0,192,63,96,0,0,1,0,1,0,0
0,3,1889,0,1210,679,0,0,159,91,0,0,0,0,0,0,0
0,0,2558,829,1389,167,173,131,216,24,26,0,1,0,1,1,0
0,0,1540,829,510,41,160,131,81,5,24,0,1,0,1,1,0
0,1,852,0,504,224,124,0,84,32,17,0,0,0,0,1,0
0,6,739,175,494,0,70,29,77,0,4,0,1,1,1,1,0
0,6,2860,1247,338,1275,0,192,55,184,0,0,1,0,1,0,0
0,1,2187,0,817,770,600,0,131,106,103,1,0,0,1,1,0
0,0,3071,651,1615,370,435,100,210,45,65,0,1,0,1,1,0
0,1,1358,0,906,123,329,0,122,19,34,0,0,0,0,1,0
0,7,3843,684,3159,0,0,108,423,0,0,0,1,0,1,0,0
0,7,3617,684,2933,0,0,108,404,0,0,0,1,0,1,0,0
0,3,1371,0,972,399,0,0,123,46,0,0,0,0,0,1,0
0,0,2953,1182,1067,554,150,200,140,74,18,1,1,0,0,1,0
0,6,1382,0,541,715,126,0,85,87,11,0,0,0,0,1,0
0,1,5556,1708,2079,1157,612,290,337,175,112,0,1,0,1,1,0
0,0,2573,553,1294,514,212,72,184,70,29,0,1,0,1,1,0
0,0,3443,1126,1517,641,159,163,203,83,20,0,1,0,1,1,0
0,1,4366,0,2281,1460,625,0,351,188,78,1,0,0,0,0,0
0,4,1668,0,1137,531,0,0,182,49,0,0,0,0,0,0,0
0,3,1337,580,425,332,0,93,59,39,0,0,1,0,1,0,0
0,3,170,0,87,83,0,0,13,12,0,0,0,0,0,1,0
0,4,6358,699,336,3285,2038,104,49,438,294,0,1,0,1,0,0
0,1,2376,692,1506,178,0,115,189,19,0,0,1,0,1,0,0
0,5,3723,2289,1434,0,0,319,191,0,0,0,1,0,1,0,0
0,1,2960,470,2018,372,100,68,294,54,18,0,1,0,1,1,0
0,2,1830,0,942,888,0,0,136,111,0,1,0,0,1,1,1
0,0,1987,1030,820,56,81,147,138,5,8,1,1,0,1,1,0
0,1,1841,674,645,522,0,108,84,71,0,1,1,0,0,0,0
0,2,1918,404,438,1076,0,45,51,129,0,0,1,0,1,1,0
0,1,3850,684,1998,1168,0,86,258,127,0,0,1,0,1,0,0
0,5,3056,449,1727,808,72,68,243,101,10,0,1,0,0,1,0
0,5,2564,134,1086,713,631,20,149,106,89,0,1,0,1,1,0
0,0,3664,630,1724,1165,145,102,276,165,18,1,1,0,1,1,0
0,0,4023,1027,648,851,1497,165,93,129,247,0,1,0,1,1,0
0,4,2155,1251,462,442,0,201,66,64,0,0,1,0,1,0,0
0,0,2524,695,1093,365,371,120,173,63,66,1,1,0,1,1,0
0,5,1854,321,718,504,311,45,101,60,38,0,1,0,1,1,0
0,3,5038,0,2578,2460,0,0,303,276,0,0,0,0,0,0,1
1,0,2655,645,656,657,697,94,102,64,113,0,1,1,1,0,0
0,0,1596,204,963,212,217,37,152,29,40,0,1,0,1,1,0
0,6,4452,476,3519,457,0,74,470,50,0,0,1,0,1,1,0
0,2,2468,0,1433,1035,0,0,185,120,0,1,0,0,0,0,0
0,1,4281,651,2471,606,553,107,338,85,73,0,1,0,1,1,0
0,7,3230,2023,1207,0,0,282,155,0,0,0,1,0,1,0,0
1,0,3184,2648,409,86,41,401,69,10,6,1,1,0,1,0,0
0,6,2385,1390,995,0,0,196,135,0,0,0,1,0,0,0,0
0,3,1402,175,1109,0,118,29,168,0,10,0,1,0,1,1,0
0,4,3273,699,490,1670,414,104,68,226,62,0,1,0,1,0,0
0,0,6447,4007,1113,1179,148,588,129,130,15,1,1,0,1,1,0
0,3,3108,0,1491,958,659,0,256,173,119,0,0,0,0,1,0
0,1,1142,0,983,76,83,0,147,9,8,1,0,0,0,0,0
1,0,1039,438,403,127,71,72,75,23,11,0,1,0,1,0,0
0,6,3990,812,3178,0,0,131,459,0,0,0,1,0,1,0,0
0,6,2224,1050,887,287,0,155,118,37,0,0,1,0,1,1,0
0,3,5018,1014,3631,373,0,167,502,45,0,0,1,0,1,1,0
0,0,3790,730,1518,289,1253,116,216,38,200,0,1,0,1,1,0
0,0,474,53,244,158,19,10,35,21,3,0,1,0,1,1,0
0,6,660,0,158,326,176,0,26,43,24,0,0,0,0,1,0
0,1,2960,470,2018,372,100,68,294,54,18,0,1,0,1,1,0
0,5,3534,1994,1068,393,79,236,162,60,8,0,1,0,1,1,0
0,6,2428,1247,416,765,0,192,66,117,0,0,1,0,1,0,0
0,0,2397,549,801,303,744,87,126,50,131,1,1,0,1,0,0
0,6,3371,1247,396,1728,0,192,62,253,0,0,1,0,1,0,0
0,2,2456,711,1232,513,0,109,179,70,0,0,1,0,1,1,0
0,3,1038,175,689,0,174,29,100,0,21,0,1,0,1,1,0
0,2,3724,1247,170,2307,0,192,25,349,0,1,1,0,1,0,0
0,1,2615,684,1217,714,0,86,150,86,0,0,1,0,1,0,0
0,7,1124,0,532,592,0,0,71,68,0,0,0,0,0,1,0
0,2,3143,702,1293,914,234,110,177,127,27,0,1,0,1,0,0
0,2,4161,1096,2713,352,0,149,398,47,0,1,1,0,1,0,0
0,1,3747,684,1903,1160,0,86,257,151,0,0,1,0,1,0,0
0,5,2226,134,1469,404,219,20,204,57,30,0,1,0,1,1,0
0,4,1383,0,461,461,461,0,38,38,38,0,0,0,0,0,0
0,4,3744,812,2932,0,0,131,414,0,0,0,1,0,1,0,0
0,1,1915,1050,745,120,0,155,104,15,0,0,1,0,1,1,0
0,1,2222,300,1337,436,149,41,186,52,22,0,1,0,1,1,0
0,6,2148,1247,499,402,0,192,77,60,0,0,1,0,1,0,0
0,0,2634,539,858,261,976,85,119,28,100,0,1,0,1,1,0
0,0,3077,979,1058,695,345,144,171,93,54,0,1,0,1,1,0
0,7,792,380,412,0,0,64,68,0,0,0,1,0,1,1,0
0,1,1312,0,1001,194,117,0,163,26,21,0,0,0,0,1,0
0,1,3239,1068,1548,310,313,186,218,40,44,0,1,0,1,1,0
0,1,1312,0,1001,194,117,0,163,26,21,0,0,0,0,1,0
0,3,1141,232,787,122,0,35,114,18,0,0,1,0,1,0,0
0,6,2242,1247,395,600,0,192,63,83,0,0,1,0,1,0,0
0,2,3377,1068,1745,251,313,186,255,27,44,0,1,0,1,1,0
0,8,1150,0,1150,0,0,0,136,0,0,0,0,0,1,1,0
0,2,4556,1808,2748,0,0,264,353,0,0,1,1,0,1,0,0
0,5,2301,1153,271,456,421,188,38,77,69,0,1,0,1,1,0
0,7,314,229,85,0,0,33,13,0,0,0,1,1,1,0,0
0,2,674,53,472,130,19,10,48,18,3,0,1,0,1,1,0
0,2,6990,2206,3199,889,696,350,509,129,117,0,1,0,1,1,0
0,6,2090,1786,304,0,0,232,39,0,0,0,1,0,1,0,0
0,2,1882,525,1199,119,39,52,158,20,6,0,1,0,1,0,0
0,2,1954,0,1247,353,354,0,182,54,48,0,0,0,0,1,0
0,1,2459,532,1233,694,0,82,165,95,0,0,1,0,1,1,0
0,0,4698,606,700,2604,788,75,107,376,117,0,1,0,1,1,0
0,1,647,0,536,93,18,0,83,12,2,0,0,0,0,0,0
0,3,390,0,390,0,0,0,52,0,0,1,0,1,0,0,0
0,5,2293,134,1380,562,217,20,217,87,29,0,1,0,1,1,0
0,2,3145,879,2266,0,0,127,331,0,0,1,1,0,1,0,0
0,3,2380,0,1003,561,816,0,167,101,148,1,0,0,0,0,0
0,5,2766,1153,1026,191,396,188,169,31,66,0,1,0,1,1,0
0,0,2171,979,582,217,393,144,90,28,63,0,1,0,1,1,0
0,4,3519,509,1808,1202,0,79,281,179,0,0,1,0,1,0,0
0,3,3364,1085,1194,885,200,163,198,123,31,1,1,0,1,0,0
0,2,2135,781,1220,134,0,109,198,14,0,0,1,0,1,0,0
0,3,1675,321,784,236,334,45,108,31,42,0,1,0,1,1,0
0,5,2645,325,1712,413,195,49,222,54,24,0,1,0,1,1,0
0,8,680,0,680,0,0,0,101,0,0,0,0,0,1,1,0
0,2,554,53,332,150,19,10,28,20,3,0,1,0,1,0,0
0,1,5695,2419,1921,1355,0,377,287,169,0,1,1,0,1,1,0
0,0,3071,1018,1333,638,82,141,178,86,13,0,1,0,1,0,0
0,1,2858,1441,965,452,0,220,123,60,0,0,1,0,1,1,0
0,1,3198,271,979,1698,250,42,162,230,35,0,1,0,1,1,0
0,2,583,53,381,130,19,10,33,18,3,0,1,0,1,1,0
0,2,3010,1247,1330,433,0,192,195,67,0,0,1,0,1,0,0
0,1,1911,326,835,750,0,52,97,104,0,0,1,0,1,1,0
0,1,2622,684,1224,714,0,86,151,86,0,0,1,0,1,0,0
0,8,666,0,666,0,0,0,104,0,0,0,0,0,0,0,0
0,0,2815,694,1419,475,227,105,223,66,29,1,1,0,1,0,0
0,0,1435,251,649,382,153,31,84,43,16,1,1,0,1,0,1
0,5,2490,879,1016,595,0,141,134,81,0,0,1,0,1,1,0
0,6,2867,1247,338,1282,0,192,55,189,0,0,1,0,1,0,0
0,6,958,228,730,0,0,32,92,0,0,0,1,0,0,0,0
0,0,2953,746,1574,291,342,127,250,47,48,0,1,0,1,1,0
0,0,1746,517,613,526,90,75,95,59,13,0,1,0,0,0,0
0,0,2530,403,1734,224,169,69,271,27,26,0,1,0,1,1,0
0,2,2375,0,1995,324,56,0,308,44,7,0,0,0,0,0,0
0,6,2284,1247,443,594,0,192,67,87,0,0,1,0,1,0,0
0,8,3629,0,3629,0,0,0,476,0,0,0,0,0,0,0,0
0,2,2257,489,1224,302,242,76,181,39,33,0,1,0,1,0,0
1,1,2812,254,1015,1127,416,43,166,161,66,0,1,0,1,1,0
0,4,2107,424,853,595,235,70,143,88,45,0,1,0,1,1,0
0,5,1094,228,866,0,0,32,123,0,0,0,1,0,0,0,0
0,6,2679,1247,532,900,0,192,82,136,0,0,1,0,1,0,0
0,5,6071,476,2819,2340,436,74,358,320,65,0,1,0,1,0,0
0,6,331,0,204,123,4,0,33,12,1,0,0,0,0,1,0
0,0,6351,1063,3308,1815,165,164,457,265,27,0,1,0,1,0,0
0,6,2865,1247,359,1259,0,192,56,183,0,0,1,0,1,0,0
0,0,2251,1042,452,753,4,178,69,111,1,0,1,0,1,0,0
0,3,1659,181,1322,0,156,22,195,0,25,1,1,0,0,0,0
0,6,4605,2130,1562,913,0,331,271,99,0,0,1,0,1,1,0
0,0,2114,489,801,680,144,76,109,79,20,1,1,0,1,1,0
0,6,1387,181,1206,0,0,22,173,0,0,1,1,0,0,0,0
0,6,2278,704,1140,434,0,116,165,55,0,0,1,0,0,1,0
0,6,2394,704,1057,633,0,116,157,99,0,0,1,0,0,1,0
0,3,1968,96,700,1172,0,13,98,158,0,0,1,0,1,1,0
0,0,1645,310,755,472,108,53,117,81,17,0,1,0,1,0,0
0,6,2028,349,1258,421,0,56,184,60,0,0,1,0,1,1,0
0,1,1551,784,395,372,0,107,61,45,0,0,1,0,1,1,0
0,6,2224,1247,541,436,0,192,82,67,0,0,1,0,1,0,0
0,1,1861,784,784,293,0,107,107,39,0,0,1,0,1,1,0
0,1,1803,0,684,1012,107,0,100,120,11,0,0,0,0,1,0
0,5,2955,970,1033,798,154,128,133,107,23,0,1,0,1,1,0
0,6,489,175,241,0,73,29,38,0,5,0,1,0,1,1,0
0,2,1541,175,1248,0,118,29,174,0,10,0,1,0,1,1,0
0,5,758,228,530,0,0,32,82,0,0,0,1,0,0,0,0
0,2,6159,879,3864,1416,0,141,494,170,0,0,1,0,1,0,0
0,1,2526,0,1659,538,329,0,231,71,45,0,0,1,0,0,0
0,1,2864,684,1300,880,0,86,162,112,0,0,1,0,1,0,0
0,2,4842,1808,3034,0,0,264,412,0,0,0,1,0,1,1,0
0,3,1301,0,552,749,0,0,74,87,0,0,0,0,0,1,0
0,0,4286,1042,935,1613,696,178,149,267,111,0,1,0,1,1,0
0,6,895,0,128,152,615,0,20,27,110,0,0,0,1,1,0
0,0,3219,1074,699,870,576,168,103,132,97,0,1,0,1,1,0
1,0,3195,1432,1298,425,40,233,193,51,5,0,1,0,1,1,0
0,1,2127,1124,480,523,0,147,55,66,0,0,1,0,1,1,0
0,6,2703,1247,437,1019,0,192,70,150,0,0,1,0,1,0,0
0,0,2454,499,434,857,664,71,65,124,94,0,1,0,1,0,0
0,4,4689,699,1301,651,2038,104,182,93,294,0,1,0,1,0,0
0,7,1425,870,555,0,0,140,84,0,0,0,1,1,1,1,0
0,6,2207,0,1267,625,315,0,168,81,33,0,0,0,0,1,0
0,2,1360,0,1156,204,0,0,178,31,0,0,0,0,0,1,0
0,6,2003,385,460,1158,0,53,61,142,0,0,1,0,1,1,0
0,1,2976,2287,131,558,0,311,20,65,0,0,1,0,1,0,0
1,3,2873,0,2667,204,2,0,339,16,1,0,0,0,0,1,0
0,5,3510,476,2055,717,262,74,284,103,38,0,1,0,1,1,0
0,6,776,393,293,90,0,62,41,12,0,0,1,0,1,0,0
0,6,2384,66,1098,1220,0,8,128,147,0,0,1,0,1,0,0
0,1,2590,1345,281,368,596,222,45,58,106,0,1,0,1,1,0
0,1,2014,293,1106,536,79,44,156,80,13,0,1,0,1,1,0
0,1,624,0,415,139,70,0,52,20,7,0,0,0,0,1,0
0,6,2297,1247,626,424,0,192,100,59,0,0,1,0,1,0,0
0,1,9939,2676,3003,2907,1353,392,144,121,58,0,1,0,1,0,0
0,2,1520,829,630,44,17,131,97,6,2,0,1,0,1,1,0
0,2,3266,1109,1093,1064,0,177,177,130,0,0,1,0,1,1,0
0,5,5847,476,2614,2576,181,74,347,342,25,0,1,0,1,1,0
0,0,3128,172,1186,1636,134,26,155,264,14,1,1,0,1,1,0
0,6,3370,1247,396,1727,0,192,62,253,0,0,1,0,1,0,0
0,6,2221,0,604,467,1150,0,74,58,172,0,0,0,0,1,0
0,2,4092,1808,2284,0,0,264,298,0,0,1,1,0,1,1,0
0,2,2587,0,2474,0,113,0,284,0,11,1,0,0,0,0,0
0,3,1088,0,541,360,187,0,92,61,29,0,0,0,0,0,0
0,6,1242,526,521,0,195,93,102,0,27,0,1,1,1,1,0
0,8,3009,0,3009,0,0,0,532,0,0,0,0,0,0,0,1
0,4,6073,0,4555,1518,0,0,582,203,0,0,0,0,0,1,0
0,0,3249,615,1604,570,460,83,239,80,65,0,1,0,1,1,0
0,0,3145,694,1390,866,195,105,206,124,26,1,1,0,1,1,0
0,0,474,53,244,158,19,10,35,21,3,0,1,0,1,1,0
0,2,2904,549,1167,1188,0,87,197,144,0,1,1,0,1,0,0
0,0,3308,952,1243,820,293,155,170,110,38,0,1,0,1,1,0
0,7,1257,672,585,0,0,96,104,0,0,0,1,0,1,1,0
0,0,474,53,244,158,19,10,35,21,3,0,1,0,1,1,0
0,5,4128,2425,689,720,294,370,99,104,38,0,1,0,1,1,0
0,6,2639,1247,532,860,0,192,82,132,0,0,1,0,1,0,0
0,0,4510,250,3886,361,13,30,466,58,2,0,1,0,0,0,0
0,2,1471,829,602,24,16,131,95,5,2,0,1,0,1,1,0
0,1,2391,996,1176,179,40,158,161,24,5,0,1,0,1,1,0
0,0,5628,1251,1693,694,1990,201,240,92,290,1,1,0,1,0,0
0,0,2532,952,732,554,294,155,110,71,39,0,1,0,1,1,0
0,3,2275,472,1451,352,0,59,191,41,0,1,1,0,0,0,0
0,2,3566,702,1314,914,636,110,178,127,87,0,1,0,1,0,0
0,1,4668,646,2365,500,1157,101,368,70,168,1,1,0,1,1,0
0,2,1969,1247,232,490,0,192,34,73,0,0,1,0,1,0,0
0,6,1521,829,692,0,0,131,106,0,0,0,1,1,1,0,0
0,6,2816,1247,606,963,0,192,95,127,0,0,1,0,1,0,0
0,2,2185,1005,811,369,0,175,123,51,0,0,1,0,1,1,0
0,1,2804,148,1380,365,911,24,221,53,153,1,1,0,1,1,0
0,1,5076,894,3465,717,0,130,408,83,0,0,1,0,0,1,0
0,0,4924,2676,633,1411,204,392,91,176,31,0,1,0,1,1,0
0,0,2933,606,1777,445,105,75,249,54,12,0,1,0,1,1,0
0,3,3651,532,2493,626,0,92,306,73,0,0,1,0,1,1,0
0,1,2665,632,1365,454,214,112,195,60,27,0,1,0,1,1,0
0,5,3940,1786,933,1221,0,232,119,165,0,0,1,0,1,0,0
0,1,3805,534,1563,1708,0,78,211,262,0,0,1,0,1,1,0
0,1,2432,1557,487,230,158,230,77,31,18,0,1,0,1,1,0
0,0,3164,748,1268,400,748,116,172,49,116,0,1,0,1,1,0
0,1,2949,1208,1461,175,105,155,191,15,13,0,1,0,1,1,0
0,4,2558,557,957,781,263,78,115,99,33,0,1,0,1,1,0
0,0,3230,746,1632,492,360,127,246,81,49,0,1,0,1,1,0
0,6,142,0,75,39,28,0,12,5,6,0,0,0,0,1,0
0,1,2394,789,1166,439,0,107,174,64,0,0,1,0,1,1,0
0,4,4350,1208,2165,730,247,155,303,108,32,0,1,0,1,1,0
0,2,3527,534,1446,1547,0,78,194,221,0,0,1,0,1,1,0
0,0,2137,106,690,840,501,17,94,89,79,0,1,0,0,1,0
0,2,560,160,225,175,0,21,33,25,0,0,1,0,0,1,0
0,1,1482,541,751,190,0,85,98,29,0,1,1,0,1,0,0
0,1,798,0,406,368,24,0,54,48,4,0,0,0,0,1,0
0,1,2825,726,645,558,896,83,102,72,117,0,1,0,1,1,0
0,5,6261,699,2431,3131,0,104,336,404,0,0,1,0,1,0,0
0,0,1173,462,322,313,76,68,45,51,12,0,1,0,1,0,0
0,7,3675,0,2830,845,0,0,395,110,0,0,0,0,0,0,0
0,1,1944,0,658,1026,260,0,115,145,42,0,0,0,0,0,0
0,5,1082,0,1082,0,0,0,136,0,0,0,0,0,0,1,0
0,1,1710,979,543,188,0,144,83,32,0,0,1,0,1,1,0
0,0,4500,603,2677,334,886,101,368,36,118,0,1,0,1,1,0
0,0,2947,776,1078,674,419,77,147,82,56,0,1,0,1,1,1
0,6,2849,781,1420,648,0,109,210,80,0,0,1,0,1,0,0
0,2,3193,649,1324,337,883,100,191,41,148,0,1,0,1,1,0
0,6,1358,879,479,0,0,141,68,0,0,0,1,0,1,1,0
0,5,3449,746,1946,426,331,127,282,66,39,0,1,0,1,1,0
0,7,639,0,407,232,0,0,70,32,0,0,0,0,0,1,0
0,3,3383,1247,1688,448,0,192,248,68,0,0,1,0,1,0,0
0,4,2506,885,931,690,0,141,126,94,0,0,1,1,1,1,0
1,0,1147,640,406,64,37,98,58,8,7,1,1,0,1,0,1
0,0,2414,708,989,233,484,114,121,31,69,0,1,0,1,1,0
0,3,1346,348,998,0,0,56,143,0,0,0,1,0,1,1,0
0,0,4259,1025,2383,315,536,148,281,39,81,0,1,0,1,0,0
0,1,2465,437,1017,1011,0,61,157,135,0,0,1,0,1,1,0
0,0,2876,340,1097,795,644,58,147,112,115,0,1,0,1,1,0
0,0,3081,776,1245,641,419,77,171,81,57,0,1,0,1,1,1
0,0,2443,340,706,753,644,58,89,101,115,0,1,0,1,1,0
0,6,2864,1247,359,1258,0,192,56,179,0,0,1,0,1,0,0
0,8,1882,0,1882,0,0,0,276,0,0,0,0,0,1,1,0
0,6,2649,2289,6,354,0,319,1,52,0,0,1,0,1,0,0
0,0,3265,1230,1147,569,319,181,182,59,43,0,1,0,1,1,0
0,2,3613,694,2156,510,253,105,324,76,34,0,1,0,1,1,0
0,5,4121,1057,855,278,1931,125,101,34,267,0,1,0,1,1,0
0,2,2133,0,1733,400,0,0,231,18,0,0,0,0,0,1,0
0,5,3248,1153,788,854,453,188,132,123,73,0,1,1,1,1,0
0,1,3040,1022,1333,685,0,138,189,90,0,0,1,0,1,0,0
0,7,107,0,107,0,0,0,16,0,0,0,0,0,0,1,0
0,1,1832,692,962,178,0,115,143,21,0,0,1,0,1,0,0
0,2,2378,0,1960,418,0,0,253,22,0,0,0,0,0,1,0
0,7,888,0,869,0,19,0,130,0,4,0,0,0,1,1,0
0,0,6660,1611,2968,1780,301,251,412,230,41,1,1,0,1,0,0
0,0,1234,532,203,229,270,87,32,42,31,0,1,0,1,1,0
0,0,2122,239,1100,533,250,37,179,72,40,1,1,0,1,1,0
0,1,2570,717,1143,244,466,120,164,39,67,0,1,0,1,1,0
0,7,1838,0,1446,392,0,0,217,41,0,0,0,0,1,1,0
0,6,1862,0,1243,619,0,0,178,91,0,0,0,0,1,1,0
0,5,1879,1124,304,342,109,147,39,42,11,0,1,0,1,1,0
0,5,2234,134,554,577,969,20,79,73,136,0,1,0,1,1,0
0,0,5293,619,3772,546,356,64,476,72,52,0,1,0,1,1,0
0,4,3465,865,2600,0,0,124,300,0,0,0,1,0,1,0,0
0,6,3331,1247,396,1688,0,192,62,248,0,0,1,0,1,0,0
0,3,1440,377,1063,0,0,60,155,0,0,0,1,0,1,0,0
0,0,4549,1503,2228,676,142,209,301,80,22,0,1,0,1,1,0
0,5,1070,228,842,0,0,32,117,0,0,0,1,0,0,0,0
0,6,3372,1247,396,1729,0,192,62,253,0,0,1,0,1,0,0
0,8,542,0,542,0,0,0,82,0,0,0,0,0,1,1,0
0,1,2475,0,1472,899,104,0,223,149,21,1,0,0,0,1,0
0,1,2702,555,1881,266,0,80,267,33,0,1,1,0,1,1,0
0,0,2188,589,1191,371,37,80,163,47,7,1,1,0,1,1,0
0,6,2321,1247,207,867,0,192,32,122,0,0,1,0,1,0,0
0,0,1586,204,962,203,217,37,152,21,40,0,1,0,1,1,0
0,7,1426,244,1182,0,0,32,182,0,0,0,1,0,1,0,0
0,7,501,0,501,0,0,0,79,0,0,0,0,0,1,0,0
0,1,1189,0,631,261,297,0,94,41,45,0,0,0,0,1,0
0,4,1891,559,852,480,0,79,120,58,0,0,1,0,1,1,0
1,1,980,0,683,214,83,0,111,33,10,0,0,0,0,0,0
0,6,5104,0,4932,133,39,0,783,20,7,0,0,0,0,1,0
0,6,1368,228,1140,0,0,32,142,0,0,0,1,0,0,0,0
0,3,3147,726,2375,0,46,102,364,0,8,1,1,0,1,0,0
0,1,4267,1557,1425,521,764,230,198,70,114,0,1,0,1,0,0
0,3,2501,139,1808,554,0,21,246,68,0,0,1,0,1,0,0
0,0,3061,433,1377,583,668,63,215,96,105,0,1,0,1,0,0
0,5,6920,1057,882,3047,1934,125,131,379,277,0,1,0,1,1,0
0,5,2553,996,1225,293,39,158,185,37,5,0,1,0,1,1,0
0,1,3007,617,1204,685,501,96,170,83,74,0,1,0,1,1,0
0,0,2596,958,974,345,319,154,152,44,41,1,1,0,1,1,0
0,2,3504,850,1176,242,1236,146,153,29,207,0,1,0,1,0,0
0,0,5604,2301,931,504,1868,320,110,66,279,0,1,0,1,1,0
0,5,2326,134,1401,472,319,20,183,60,44,0,1,0,1,1,0
0,2,1572,0,529,1043,0,0,80,153,0,1,0,0,0,1,0
0,6,4243,825,2219,1199,0,117,318,152,0,0,1,0,1,1,0
0,3,757,0,295,298,164,0,39,39,15,0,0,0,0,0,0
0,1,1326,0,149,673,504,0,18,99,52,1,0,0,0,0,1
0,4,2479,361,2118,0,0,58,317,0,0,0,1,0,1,0,0
0,3,3063,1194,1869,0,0,186,253,0,0,0,1,0,1,0,0
0,7,877,0,481,396,0,0,64,42,0,0,0,0,0,1,0
0,2,3390,1247,1688,455,0,192,248,69,0,0,1,0,1,0,0
0,0,2526,692,796,967,71,100,115,125,7,1,1,0,1,0,0
0,1,1203,0,998,89,116,0,155,9,19,0,0,0,0,1,0
0,0,4002,651,2124,763,464,100,276,98,68,0,1,0,1,1,0
0,5,4337,1708,1869,338,422,290,311,42,73,0,1,0,1,1,0
0,6,1092,228,864,0,0,32,122,0,0,0,1,0,0,0,0
0,1,1669,511,945,213,0,73,143,31,0,0,1,0,1,1,0
0,1,1932,236,1329,367,0,35,172,45,0,0,1,0,1,0,0
0,1,5393,0,3832,1502,59,0,520,192,9,1,0,0,0,0,0
0,2,2024,342,959,411,312,47,150,51,47,0,1,0,1,0,0
0,1,1231,539,282,253,157,85,33,28,26,0,1,0,1,1,0
0,0,4227,1685,2014,45,483,263,270,6,64,0,1,0,0,1,0
0,6,4971,0,4720,201,50,0,751,33,7,0,0,0,0,1,0
0,0,2153,254,777,588,534,37,122,97,95,1,1,0,1,1,0
0,4,2574,879,1016,595,84,141,134,81,9,0,1,0,1,1,0
0,3,1937,0,1914,0,23,0,209,0,1,1,0,0,0,0,0
0,2,2508,0,633,1875,0,0,109,294,0,0,0,0,0,0,0
0,7,1799,866,933,0,0,123,133,0,0,0,1,0,1,0,0
0,1,2274,632,1095,277,270,112,163,35,35,0,1,0,1,1,0
0,6,2720,254,1983,483,0,37,284,66,0,0,1,0,1,0,0
0,0,1794,492,387,188,727,70,50,26,83,0,1,0,1,0,0
0,0,3514,714,835,493,1472,134,144,73,228,1,1,0,0,1,0
0,6,1738,560,1178,0,0,98,191,0,0,0,1,0,1,0,0
0,2,634,454,80,75,25,65,11,16,3,0,1,0,1,0,0
0,0,1935,362,801,343,429,62,118,47,74,1,1,0,1,1,0
0,2,1829,0,775,1054,0,0,108,147,0,0,0,0,1,0,0
0,2,1634,651,266,284,433,107,34,36,63,0,1,0,1,1,0
0,7,2030,433,1597,0,0,48,237,0,0,0,1,1,1,1,0
0,6,3374,1247,396,1731,0,192,62,253,0,0,1,0,1,0,0
0,3,2838,1545,760,533,0,226,109,64,0,0,1,1,1,0,0
0,0,4971,1185,2224,723,839,140,305,101,138,0,1,0,1,1,0
0,1,3133,769,847,633,884,112,112,75,127,0,1,0,1,1,0
0,0,2451,526,983,707,235,93,142,86,33,1,1,0,1,1,0
0,0,3985,613,697,1471,1204,100,106,218,197,0,1,0,1,1,0
0,2,2934,1047,1118,769,0,111,155,101,0,0,1,0,1,1,0
0,0,2949,1628,919,286,116,207,108,41,16,1,1,0,1,1,0
0,0,2439,720,917,648,154,126,135,83,20,0,1,0,1,1,0
0,1,2632,844,1263,393,132,125,169,52,17,0,1,0,1,1,0
0,1,1871,264,264,1016,327,35,35,138,52,0,1,0,1,1,0
0,3,5033,1014,3672,347,0,167,508,43,0,0,1,0,1,1,0
1,7,1344,0,686,658,0,0,117,92,0,0,0,0,1,1,0
0,6,2157,1247,332,578,0,192,53,84,0,0,1,0,1,0,0
0,5,1405,454,386,479,86,68,58,51,11,0,1,0,1,0,0
0,1,3030,1557,571,763,139,230,69,99,13,0,1,0,1,1,0
0,1,1856,0,623,1037,196,0,86,161,19,1,0,0,0,0,1
0,4,406,0,406,0,0,0,55,0,0,0,0,0,0,0,1
0,0,3217,1628,1325,243,21,207,148,25,3,1,1,0,1,1,0
0,7,933,627,306,0,0,111,42,0,0,0,1,1,1,0,0
0,6,2180,1247,383,550,0,192,58,78,0,0,1,0,1,0,0
0,2,1983,0,1619,364,0,0,213,46,0,0,0,0,1,0,0
0,6,2866,1247,359,1260,0,192,56,183,0,0,1,0,1,0,0
0,5,2235,453,674,901,207,64,102,109,23,0,1,0,1,1,0
0,2,4862,0,4808,27,27,0,648,4,4,1,0,0,0,0,0
0,0,2905,593,1521,694,97,99,256,101,17,0,1,0,1,1,0
0,0,2252,720,584,803,145,126,83,98,19,0,1,0,1,1,0
0,2,1582,829,679,57,17,131,97,9,2,0,1,0,1,0,0
0,2,1765,0,1069,539,157,0,141,68,23,0,0,0,1,1,0
0,6,2934,0,2079,604,251,0,282,86,31,0,0,0,0,1,0
0,0,2142,735,373,919,115,74,45,95,15,0,1,0,1,0,0
0,2,958,139,497,322,0,21,65,37,0,0,1,0,1,0,0
0,2,2317,702,566,1049,0,100,77,130,0,0,1,0,1,1,0
0,6,3331,1247,396,1688,0,192,62,248,0,0,1,0,1,0,0
0,1,2976,0,439,2012,525,0,53,262,54,0,0,0,0,0,1
0,6,3579,879,1350,1350,0,141,175,175,0,0,1,0,1,1,0
0,2,6433,741,5692,0,0,93,840,0,0,0,1,0,1,1,0
0,2,2724,964,1365,395,0,146,162,31,0,0,1,0,1,1,0
0,0,2518,825,1001,398,294,147,145,50,43,1,1,0,1,1,0
0,6,534,0,214,320,0,0,29,32,0,0,0,0,1,0,0
0,3,2551,480,1224,685,162,69,169,93,22,0,1,0,1,0,0
0,1,5226,2676,1042,1224,284,392,149,156,42,0,1,0,1,1,0
0,6,2614,1247,373,994,0,192,61,148,0,0,1,0,1,0,0
0,0,3968,979,1927,977,85,144,260,120,16,0,1,0,1,1,0
1,7,4045,0,3718,327,0,0,569,47,0,0,0,0,0,1,0
0,2,1483,0,285,677,521,0,49,85,63,1,0,0,1,0,0
0,0,3777,1137,1857,604,179,191,292,83,22,0,1,0,1,0,0
0,7,1368,0,849,519,0,0,111,80,0,0,0,0,0,0,0
0,2,4214,0,2487,1513,214,0,306,190,29,0,0,1,0,0,0
1,7,1343,0,685,658,0,0,117,92,0,0,0,0,1,1,0
0,1,5928,228,4518,1095,87,34,637,135,13,1,1,0,1,0,0
0,7,986,0,562,424,0,0,68,62,0,0,0,0,0,0,0
0,1,2860,554,1470,836,0,88,227,105,0,0,1,0,1,1,0
1,4,1344,0,686,658,0,0,117,92,0,0,0,0,1,1,0
0,7,496,0,250,246,0,0,36,33,0,0,0,0,0,0,0
0,6,953,228,725,0,0,32,90,0,0,0,1,0,0,0,0
0,2,1419,612,388,419,0,76,53,58,0,0,1,1,1,1,0
0,6,3416,1492,1094,830,0,234,156,114,0,0,1,0,1,0,0
0,0,4230,1319,2211,353,347,147,281,50,50,0,1,0,1,0,0
0,5,3097,928,1060,892,217,130,164,115,29,0,1,0,1,1,0
0,1,2696,544,1177,481,494,76,185,75,92,0,1,0,1,1,0
0,2,5042,139,3326,1235,342,21,426,165,57,0,1,0,1,0,0
0,6,646,0,172,273,201,0,29,37,23,0,0,0,1,1,0
0,3,4994,1014,3621,359,0,167,499,43,0,0,1,0,1,1,0
0,1,1817,1047,431,339,0,111,58,42,0,0,1,0,1,1,0
0,8,704,0,704,0,0,0,93,0,0,0,0,0,0,0,0
0,1,1571,310,830,224,207,53,129,30,33,0,1,0,1,1,0
0,6,1317,0,557,618,142,0,87,74,21,0,0,0,0,1,0
0,2,1786,0,1332,454,0,0,152,36,0,1,0,0,0,1,0
0,5,2083,281,712,1087,3,33,85,126,1,0,1,0,1,1,0
0,2,600,53,398,130,19,10,31,17,3,0,1,0,1,0,0
0,6,1984,252,320,1412,0,41,49,170,0,0,1,0,1,1,0
0,5,4126,281,2053,1789,3,33,191,104,1,0,1,0,1,1,0
0,6,1785,878,660,247,0,140,93,39,0,0,1,0,1,1,0
0,2,5951,1745,2402,763,1041,269,365,93,154,0,1,0,1,1,0
0,1,2275,72,1484,719,0,12,169,83,0,0,1,0,1,0,0
0,8,3059,0,3059,0,0,0,429,0,0,0,0,0,0,1,0
0,1,3256,0,466,2690,100,0,51,342,12,0,0,0,0,0,0
0,5,1628,310,269,701,348,53,43,90,51,0,1,0,1,1,0
0,0,3322,746,1778,409,389,127,275,63,53,0,1,0,1,1,0
0,0,2336,829,1249,139,119,131,209,18,15,1,1,0,1,1,0
0,5,1669,671,617,89,292,109,105,10,49,0,1,0,1,1,0
0,5,2475,1375,509,399,192,187,76,48,21,0,1,0,0,1,0
0,2,2855,384,2471,0,0,70,343,0,0,0,1,0,1,1,0
0,1,5133,1505,1754,1874,0,215,244,259,0,0,1,0,1,1,0
0,0,645,53,456,117,19,10,50,15,3,0,1,0,1,1,0
0,5,5119,694,3229,919,277,105,472,136,40,0,1,0,1,0,0
0,1,2843,684,1393,766,0,86,187,102,0,0,1,0,1,0,0
0,1,3523,879,1202,1314,128,141,163,169,20,0,1,0,1,1,0
0,0,5387,1251,1262,722,2152,201,206,103,309,1,1,0,1,0,0
0,0,2623,720,1012,737,154,126,140,88,20,0,1,0,1,1,0
0,0,3811,708,1231,1559,313,114,193,238,43,1,1,0,1,1,0
0,1,1432,423,874,135,0,65,154,22,0,0,1,0,1,0,0
0,2,6918,2206,3422,562,728,350,519,76,121,0,1,0,1,1,0
0,1,2311,735,413,1118,45,74,61,143,8,0,1,1,1,0,0
0,1,4700,643,3309,510,238,77,471,69,38,0,1,0,1,1,0
0,1,2659,505,990,1164,0,79,135,153,0,1,1,0,1,1,0
0,1,2743,790,718,432,803,122,101,60,104,0,1,0,1,0,0
0,1,4582,613,1829,1887,253,90,275,241,30,0,1,0,1,0,0
0,2,2855,897,1318,246,394,108,173,33,52,0,1,0,1,0,0
0,0,2993,619,1769,439,166,64,217,57,29,0,1,0,1,1,0
0,1,3718,2287,473,958,0,311,65,113,0,0,1,0,1,0,0
0,7,1661,527,1134,0,0,74,150,0,0,0,1,0,1,0,0
0,4,1926,527,1158,241,0,74,161,24,0,0,1,0,1,0,0
0,0,5247,1251,1773,369,1854,201,290,44,261,0,1,0,1,0,0
0,0,4884,514,2083,1393,894,89,356,221,149,0,1,0,1,1,0
0,1,3773,0,2612,494,667,0,404,67,95,0,0,0,0,0,0
0,0,474,53,244,158,19,10,35,21,3,0,1,0,1,1,0
0,5,3101,702,663,1013,723,100,93,118,107,0,1,0,1,1,0
0,1,2212,351,209,1652,0,49,29,214,0,0,1,0,1,0,1
0,6,722,0,722,0,0,0,72,0,0,0,0,1,0,0,0
0,5,2935,816,1058,543,518,129,166,75,87,0,1,0,1,1,0
0,1,2363,826,591,946,0,137,88,115,0,0,1,0,1,1,0
0,0,1905,748,634,389,134,116,81,46,15,0,1,0,1,1,0
0,3,4604,702,2197,1064,641,110,338,181,94,0,1,0,1,0,0
0,3,2785,0,2413,316,56,0,373,44,7,1,0,0,0,0,0
0,1,5558,491,1519,3455,93,65,211,436,14,0,1,0,1,1,0
0,7,1478,1258,220,0,0,230,29,0,0,0,1,0,1,0,0
0,0,2658,511,1375,258,514,89,227,31,81,1,1,0,1,0,0
0,5,3642,1286,962,1005,389,153,146,139,63,0,1,0,1,0,0
0,5,1894,553,1100,141,100,72,145,15,13,0,1,0,1,1,0
0,1,4460,1252,2294,700,214,198,284,89,27,0,1,0,1,1,0
0,6,1973,445,1366,162,0,61,219,23,0,0,1,0,1,1,0
0,6,2865,1247,338,1280,0,192,55,189,0,0,1,0,1,0,0
0,0,1011,243,538,178,52,37,78,24,7,0,1,0,1,0,0
0,5,1861,176,991,563,131,25,150,61,25,0,1,0,1,1,0
0,0,4422,708,2204,1040,470,117,345,134,42,0,1,0,1,1,0
0,3,2449,436,675,518,820,57,110,78,117,0,1,0,1,1,0
0,5,4628,952,377,2737,562,149,64,400,98,0,1,0,1,1,0
0,4,3962,708,1820,966,468,114,293,129,72,0,1,0,1,1,0
0,1,2617,684,1219,714,0,86,151,86,0,0,1,0,1,0,0
1,5,4626,952,377,2736,561,149,64,400,98,0,1,0,1,1,0
0,6,2484,879,1157,448,0,141,146,61,0,0,1,0,1,0,0
0,6,367,0,294,58,15,0,47,7,2,0,0,0,0,0,0
0,4,2879,1508,675,696,0,239,112,93,0,0,1,0,1,0,0
0,0,2449,888,524,953,84,136,81,129,11,0,1,0,1,0,0
0,6,1925,1247,448,230,0,192,68,34,0,0,1,0,1,0,0
0,4,3098,0,1767,854,477,0,260,122,83,0,0,0,0,1,0
0,2,2556,860,763,753,180,121,116,116,28,0,1,0,1,1,0
0,7,827,0,756,71,0,0,104,8,0,0,0,0,0,0,0
0,1,3538,0,2466,576,496,0,383,95,84,0,0,0,0,0,0
0,0,3966,651,1644,861,810,107,213,117,111,0,1,0,1,1,0
0,2,2007,606,725,469,207,84,112,60,37,0,1,0,1,0,0
0,0,6063,1508,1750,2696,109,239,262,353,11,0,1,0,1,1,0
0,5,2698,885,949,864,0,141,126,115,0,0,1,1,1,0,0
0,6,2304,1247,620,437,0,192,98,65,0,0,1,0,1,0,0
0,0,4026,2270,543,738,475,330,67,88,45,0,1,0,1,1,0
0,0,3363,781,1731,677,174,118,221,82,18,1,1,0,1,1,1
0,1,1732,550,6,1176,0,76,1,152,0,0,1,0,1,0,0
0,0,2941,492,1733,606,110,79,218,76,10,0,1,0,1,1,0
0,2,2843,574,1252,1017,0,86,163,119,0,0,1,0,1,1,0
0,2,2696,1247,978,471,0,192,146,73,0,0,1,0,1,0,0
0,5,4612,637,2435,1080,460,88,342,130,76,0,1,0,1,1,0
0,2,2459,424,1233,426,376,70,202,65,68,0,1,0,1,0,0
0,3,4191,342,2627,906,316,47,393,110,48,0,1,0,1,1,0
0,7,1991,0,637,1354,0,0,74,160,0,0,0,0,0,1,0
0,5,4143,601,696,1651,1195,82,20,38,23,0,1,1,1,1,0
0,7,3785,0,3785,0,0,0,584,0,0,0,0,1,0,0,0
0,7,1746,0,763,983,0,0,110,141,0,0,0,0,0,1,0
0,5,3436,1492,1124,368,452,234,168,56,76,0,1,0,1,0,0
0,1,1649,0,937,359,353,0,136,56,56,0,0,0,0,1,0
0,6,2615,1247,373,995,0,192,61,148,0,0,1,0,1,0,0
0,0,2225,735,95,1310,85,74,11,183,12,0,1,0,1,0,0
0,2,995,0,660,335,0,0,107,57,0,0,0,0,1,1,0
0,4,592,0,343,234,15,0,45,32,2,0,0,0,0,1,0
0,0,4636,606,2679,487,864,77,359,56,148,0,1,0,1,0,0
0,1,1915,453,1180,282,0,63,157,40,0,1,1,0,1,0,0
0,7,455,384,71,0,0,70,13,0,0,0,1,0,1,0,0
0,0,2753,352,1755,236,410,57,259,33,65,0,1,0,1,1,0
0,8,3941,0,3941,0,0,0,551,0,0,0,0,0,0,0,0
0,2,1378,0,1012,366,0,0,130,47,0,0,0,0,1,1,0
0,7,2958,516,2442,0,0,76,302,0,0,0,1,0,1,0,0
0,6,2865,1247,338,1280,0,192,55,189,0,0,1,0,1,0,0
0,0,2685,1126,975,457,127,163,141,47,16,0,1,0,1,1,0
0,0,4596,1025,2475,560,536,148,317,70,81,0,1,0,1,0,0
1,6,1048,0,511,343,194,0,66,43,21,0,0,1,0,1,0
0,0,4855,492,2637,435,1291,70,364,60,198,1,1,0,1,0,0
1,2,2020,0,1947,73,0,0,243,12,0,0,0,0,0,0,0
0,2,6528,1419,4469,640,0,206,641,81,0,0,1,0,1,1,0
0,4,1310,829,375,91,15,131,55,15,1,0,1,0,1,1,0
0,1,3359,591,1686,986,96,83,228,118,12,0,1,0,1,1,0
0,5,3130,433,875,477,1345,73,112,71,224,0,1,0,1,1,0
0,0,1861,295,447,763,356,43,78,92,55,0,1,0,1,0,0
0,2,1404,0,1160,244,0,0,136,26,0,0,0,0,0,0,0
0,0,2486,632,1133,369,352,112,164,43,54,0,1,0,1,1,0
0,7,1198,767,431,0,0,111,67,0,0,0,1,0,1,1,0
0,7,203,0,85,118,0,0,13,16,0,0,0,0,0,0,0
0,0,2750,330,1695,581,144,51,242,85,20,1,1,0,1,0,0
0,5,2919,433,655,585,1246,73,87,85,209,0,1,0,1,1,0
0,0,3712,690,1216,1200,606,98,184,157,97,1,1,0,1,1,0
0,0,2697,489,1260,795,153,76,183,94,27,0,1,0,1,1,0
0,2,1799,489,513,700,97,76,72,81,14,0,1,0,1,1,0
0,0,2313,735,414,1119,45,74,61,143,8,0,1,0,1,0,0
0,0,1559,281,89,1150,39,38,14,151,5,0,1,0,1,1,0
0,5,3993,433,2583,446,531,73,335,76,92,0,1,0,1,1,0
0,2,1471,829,602,24,16,131,95,5,2,0,1,0,1,1,0
0,1,2602,505,1544,553,0,79,219,75,0,0,1,0,1,1,0
0,4,1452,651,252,322,227,107,32,37,34,0,1,0,1,1,0
0,3,2608,673,1087,848,0,97,154,105,0,0,1,0,1,1,0
0,4,2321,885,953,483,0,141,151,66,0,0,1,1,1,1,0
0,2,717,0,399,318,0,0,56,48,0,0,0,0,1,0,0
0,7,459,0,183,276,0,0,23,35,0,0,0,0,0,1,0
0,2,3367,1247,1688,432,0,192,248,66,0,0,1,0,1,0,0
0,6,1675,560,915,200,0,98,108,22,0,0,1,0,1,0,0
1,2,4442,548,2184,1145,565,82,314,158,80,0,1,0,1,1,0
1,2,4344,1545,1977,382,440,226,304,52,79,0,1,0,1,0,0
0,7,555,0,437,118,0,0,75,17,0,0,0,0,0,0,0
0,6,2702,1247,437,1018,0,192,70,150,0,0,1,0,1,0,0
0,2,1379,0,1141,238,0,0,155,27,0,1,0,0,0,1,0
0,0,1562,295,435,476,356,43,74,60,55,0,1,0,1,1,0
0,5,4109,1994,1475,587,53,236,227,83,7,0,1,0,1,1,0
0,0,474,53,244,158,19,10,35,21,3,0,1,0,1,1,0
0,2,1429,0,933,267,229,0,146,46,27,0,0,0,0,0,0
0,6,985,0,226,656,103,0,31,86,17,0,0,0,0,1,0
0,1,8124,0,5087,2501,536,0,775,398,81,0,0,0,0,0,0
0,8,597,0,597,0,0,0,74,0,0,0,0,0,0,0,0
0,2,1402,175,1109,0,118,29,168,0,10,0,1,0,1,1,0
0,0,647,53,458,117,19,10,50,15,3,0,1,0,1,1,0
0,1,1588,829,672,70,17,131,101,10,2,0,1,1,1,1,0
0,1,2065,377,952,736,0,60,135,117,0,0,1,0,1,0,0
0,1,2890,601,991,610,688,94,160,89,112,0,1,0,1,1,0
1,5,3485,1820,905,405,355,327,159,59,58,0,1,0,1,0,0
0,2,1225,0,550,369,306,0,81,53,50,1,0,0,0,1,0
0,0,2826,536,1596,569,125,72,232,73,19,0,1,0,1,0,0
0,0,2844,651,1115,415,663,107,161,52,95,0,1,0,1,1,0
0,5,3683,1511,585,1483,104,221,84,200,13,0,1,0,1,1,0
0,0,3028,535,1194,1064,235,73,161,129,32,0,1,0,1,0,0
0,6,2612,1247,373,992,0,192,61,148,0,0,1,0,1,0,0
0,0,3359,1588,746,443,582,261,116,45,95,0,1,0,1,1,0
0,1,2179,650,781,748,0,92,89,99,0,0,1,0,1,1,0
1,0,1030,751,166,90,23,109,24,11,3,1,1,0,1,0,1
0,7,4590,231,4359,0,0,30,537,0,0,0,1,0,1,1,0
0,1,3040,649,791,1600,0,98,117,206,0,0,1,0,1,1,0
0,2,3182,970,629,1128,455,134,94,121,67,0,1,0,1,1,0
0,0,2912,450,1783,501,178,65,226,67,22,0,1,0,1,1,0
0,1,5554,725,3397,1432,0,119,455,184,0,0,1,0,1,0,0
0,0,4636,606,2679,487,864,77,359,56,148,0,1,0,1,0,0
0,8,1119,0,1119,0,0,0,128,0,0,0,0,0,1,0,0
0,6,2663,781,1585,297,0,109,232,38,0,0,1,1,1,0,0
0,2,6649,2206,3472,355,616,350,519,42,105,0,1,0,1,0,0
0,3,3787,1879,611,1297,0,222,70,149,0,0,1,0,1,0,0
0,6,1925,1247,448,230,0,192,68,34,0,0,1,0,1,0,0
0,3,1477,829,592,40,16,131,92,6,2,0,1,0,1,1,0
0,6,3140,0,1036,1036,1068,0,125,125,136,0,0,0,0,1,0
0,4,1570,829,703,21,17,131,107,4,2,0,1,0,1,1,0
0,3,824,0,486,338,0,0,83,40,0,0,0,0,0,0,0
0,1,2461,788,1058,441,174,89,160,73,28,0,1,0,1,1,0
0,4,2483,310,770,925,478,53,120,142,81,0,1,0,1,0,0
0,3,3464,332,1889,1243,0,50,236,182,0,0,1,0,1,1,0
0,5,1916,955,392,493,76,135,57,62,10,0,1,0,1,1,0
0,5,1849,829,1020,0,0,131,142,0,0,0,1,0,1,0,0
0,1,3384,879,2250,169,86,141,352,24,10,0,1,0,1,1,0
0,1,645,53,456,117,19,10,50,15,3,0,1,0,1,1,0
0,0,2739,706,1168,653,212,105,143,79,30,0,1,0,0,1,0
0,6,3331,1247,396,1688,0,192,62,248,0,0,1,0,1,0,0
0,2,2934,588,584,1762,0,96,84,235,0,0,1,0,1,1,0
0,1,2428,692,1515,221,0,115,195,25,0,0,1,0,1,0,0
0,1,3259,258,2164,837,0,42,322,107,0,1,1,0,1,0,0
0,1,2587,684,1207,696,0,86,151,88,0,0,1,0,1,0,0
0,2,583,53,381,130,19,10,33,18,3,0,1,0,1,1,0
0,3,4604,702,2197,1064,641,110,338,181,94,0,1,0,1,0,0
0,1,3402,684,1453,1265,0,86,200,200,0,0,1,0,1,0,0
0,0,1525,1035,242,201,47,164,33,30,6,0,1,0,0,1,0
0,5,2472,0,2472,0,0,0,418,0,0,1,0,0,0,1,0
0,2,7728,2676,1618,2141,1293,392,81,138,47,0,1,0,1,0,0
0,0,3768,553,2322,572,321,82,397,85,47,1,1,0,1,1,0
0,0,3675,549,1934,1107,85,87,283,147,11,1,1,0,1,1,0
0,2,2203,430,855,502,416,73,123,60,61,0,1,0,0,0,0
0,6,2868,1247,338,1283,0,192,55,189,0,0,1,0,1,0,0
0,2,3071,1194,1877,0,0,186,285,0,0,0,1,0,1,0,0
0,2,2097,879,1218,0,0,127,179,0,0,1,1,0,1,0,0
0,2,6004,619,4244,822,319,64,567,96,45,0,1,0,1,1,0
0,0,2526,321,1375,771,59,46,192,93,7,0,1,0,1,0,0
0,7,1354,153,1201,0,0,25,188,0,0,0,1,1,1,1,0
0,7,1454,153,1301,0,0,25,206,0,0,0,1,1,1,1,0
0,7,2960,384,2576,0,0,70,369,0,0,0,1,0,1,1,0
0,7,1311,153,1158,0,0,25,197,0,0,0,1,1,1,1,0
0,0,884,132,304,339,109,24,53,44,14,0,1,0,1,1,0
0,7,1006,153,853,0,0,25,80,0,0,0,1,1,1,1,0
0,4,5224,0,4002,982,240,0,548,128,37,0,0,0,0,0,1
0,2,914,0,394,235,285,0,64,29,40,0,0,0,0,0,0
0,7,2026,1390,636,0,0,196,62,0,0,0,1,0,0,0,0
0,2,2587,0,2474,0,113,0,284,0,11,1,0,0,0,0,0
0,3,1476,829,574,57,16,131,76,9,2,0,1,0,1,0,0
0,5,2421,255,2125,0,41,39,310,0,6,1,1,0,1,1,0
0,7,3280,2289,991,0,0,319,128,0,0,0,1,0,1,0,0
0,6,3943,2021,1426,496,0,294,197,62,0,0,1,0,1,1,0
1,6,459,0,190,149,120,0,21,20,22,0,0,0,0,1,0
0,0,3471,279,2159,910,123,51,340,131,11,1,1,0,1,1,0
0,0,4553,1025,2432,560,536,148,313,70,81,0,1,0,1,1,0
0,2,3154,746,1518,603,287,127,225,96,37,0,1,0,1,1,0
0,1,3396,685,1149,744,818,101,152,102,111,0,1,0,1,1,0
0,2,3005,656,1559,790,0,101,178,101,0,0,1,0,1,1,0
0,2,3159,708,926,1147,378,117,127,173,52,0,1,0,1,1,0
0,5,769,129,539,48,53,17,88,7,8,0,1,0,1,1,0
0,2,1489,829,573,70,17,131,87,10,2,0,1,0,1,1,0
0,8,1623,0,1623,0,0,0,233,0,0,0,0,0,0,0,0
0,0,2694,635,649,562,848,78,94,76,120,0,1,0,1,1,0
0,1,5579,1092,2671,1816,0,168,401,251,0,1,1,0,1,1,0
0,0,1889,210,779,732,168,32,98,82,28,1,1,0,1,1,0
0,1,3605,1100,1703,454,348,153,227,52,56,0,1,0,0,1,0
0,8,1030,0,1030,0,0,0,140,0,0,0,0,0,1,0,0
0,1,2343,1005,773,445,120,116,132,55,18,0,1,0,1,1,0
0,7,4314,0,671,3643,0,0,100,517,0,0,0,0,0,1,0
0,2,2905,1247,1240,418,0,192,185,66,0,0,1,0,1,0,0
0,3,2807,0,835,500,1472,0,144,73,228,1,0,0,0,1,0
1,3,3531,417,2106,1008,0,66,307,156,0,0,1,0,1,1,0
0,2,4169,1481,2310,378,0,264,363,41,0,0,1,0,1,0,0
0,4,5751,0,4646,867,238,0,637,115,36,0,0,0,0,0,1
0,0,3640,1025,1996,403,216,148,255,47,31,0,1,0,1,0,0
0,4,2693,0,2014,613,66,0,267,78,11,0,0,0,0,0,1
0,8,3694,0,3694,0,0,0,517,0,0,0,0,0,0,0,0
0,6,1960,1247,448,265,0,192,68,38,0,0,1,0,1,0,0
0,4,3200,0,1745,812,643,0,245,114,92,0,0,0,0,0,1
0,4,3818,0,2812,767,239,0,419,101,37,0,0,0,0,0,1
0,0,4121,1628,1498,956,39,207,176,126,6,1,1,0,1,1,0
0,5,4207,0,2893,1314,0,0,397,172,0,0,0,0,0,0,1
0,1,2446,684,1156,606,0,86,158,77,0,0,1,0,1,0,0
0,4,2844,0,2025,580,239,0,287,79,37,0,0,0,0,0,1
0,6,2264,1247,620,397,0,192,98,61,0,0,1,0,1,0,0
0,2,583,53,381,130,19,10,33,18,3,0,1,0,1,1,0
0,4,3920,0,2373,930,617,0,353,120,86,0,0,0,0,0,1
0,1,2932,0,1300,1591,41,0,175,196,4,0,0,0,0,0,0
0,0,2567,330,1324,714,199,51,180,99,27,0,1,0,1,1,0
0,1,2913,570,1549,564,230,77,224,80,28,0,1,0,1,1,0
0,1,3642,1659,1041,557,385,194,125,74,43,0,1,0,1,1,0
0,1,2818,373,1333,923,189,59,195,120,26,0,1,0,1,0,0
0,0,2369,558,975,6,830,84,144,1,109,1,1,0,1,0,0
0,0,2797,1126,1253,275,143,163,165,32,20,0,1,0,1,1,0
0,6,2702,1247,437,1018,0,192,70,150,0,0,1,0,1,0,0
0,2,3382,1247,1688,447,0,192,248,68,0,0,1,0,1,0,0
0,8,3314,0,3314,0,0,0,466,0,0,0,0,0,0,1,0
0,4,907,0,826,81,0,0,131,10,0,0,0,0,0,1,0
0,2,2171,534,874,763,0,78,104,97,0,0,1,0,1,1,0
0,0,2420,615,1174,257,374,101,127,30,51,0,1,0,1,0,0
0,3,4502,0,3408,1094,0,0,468,154,0,0,0,0,0,1,0
0,1,534,0,264,202,68,0,30,20,8,0,0,0,0,1,0
0,7,730,0,431,299,0,0,55,44,0,0,0,0,0,1,0
0,0,3745,708,1606,851,580,117,226,136,88,0,1,0,1,1,0
0,0,3878,1309,1743,425,401,208,291,58,71,1,1,0,1,1,0
0,5,3192,617,1386,550,639,92,210,76,99,0,1,0,1,1,0
0,1,2248,684,851,713,0,86,129,88,0,0,1,0,1,0,0
0,7,760,0,744,16,0,0,119,2,0,0,0,0,0,0,0
0,0,4439,1025,2426,452,536,148,328,60,81,0,1,0,1,0,0
0,3,1160,0,916,138,106,0,141,17,18,0,0,0,1,0,0
0,2,2212,362,1127,575,148,62,147,85,25,0,1,0,1,0,0
0,4,2601,230,1078,1293,0,36,164,202,0,0,1,0,1,0,0
0,3,1967,798,1169,0,0,131,147,0,0,0,1,0,1,1,0
0,6,3374,1247,396,1731,0,192,62,253,0,0,1,0,1,0,0
0,1,1107,505,351,251,0,79,46,33,0,0,1,0,1,0,0
0,6,3612,819,1711,1082,0,128,250,122,0,0,1,0,1,0,0
0,1,3327,404,1049,1874,0,45,149,217,0,0,1,0,1,1,0
0,0,4027,778,2771,366,112,130,433,55,17,0,1,0,1,0,0
0,1,4334,931,1790,1580,33,142,274,223,3,0,1,0,1,1,0
0,3,878,134,528,188,28,20,87,23,8,0,1,0,1,0,0
0,5,2342,785,102,1094,361,125,14,151,60,0,1,0,0,1,0
0,8,736,0,736,0,0,0,117,0,0,0,0,0,0,0,0
0,3,1658,0,1658,0,0,0,288,0,0,0,0,0,1,0,0
0,0,2996,1565,890,485,56,256,161,71,6,0,1,0,1,1,0
0,1,1841,879,771,191,0,127,118,24,0,0,1,0,1,0,0
0,1,912,175,505,162,70,29,74,22,4,0,1,0,1,1,0
0,6,739,175,494,0,70,29,77,0,4,0,1,0,1,1,0
0,4,2340,536,754,1050,0,73,128,148,0,0,1,0,1,0,0
0,0,4360,1092,2590,620,58,168,430,98,10,1,1,1,1,0,0
0,0,7414,865,3132,2331,1086,118,287,225,48,1,1,0,1,1,0
0,2,2106,570,596,449,491,77,99,51,83,0,1,0,1,1,0
1,0,1189,640,424,90,35,98,75,12,6,1,1,0,1,0,1
0,0,4581,786,2774,940,81,125,383,116,7,0,1,0,1,0,0
0,0,4360,1092,2590,620,58,168,430,98,10,1,1,0,1,0,0
0,0,1333,271,319,458,285,40,44,68,31,0,1,1,1,1,0
0,2,583,53,381,130,19,10,33,18,3,0,1,0,1,1,0
0,0,1789,748,476,426,139,116,64,57,15,0,1,0,1,1,0
0,0,2689,1126,988,463,112,163,142,49,17,0,1,0,1,1,0
0,6,3952,2289,1535,128,0,319,183,17,0,0,1,0,1,0,0
0,8,591,0,591,0,0,0,82,0,0,0,0,0,0,1,0
0,2,2587,0,2474,0,113,0,284,0,11,1,0,0,0,0,0
0,7,2942,2289,653,0,0,319,79,0,0,0,1,0,1,0,0
0,6,2304,1247,620,437,0,192,98,65,0,0,1,0,1,0,0
0,4,2531,705,969,857,0,102,129,109,0,0,1,0,1,0,0
0,3,1591,570,504,517,0,77,88,62,0,0,1,0,1,1,0
0,0,3748,717,2197,368,466,120,307,44,67,0,1,0,1,1,0
0,6,567,0,133,234,200,0,9,24,39,0,0,0,0,0,0
0,0,3886,725,1714,546,901,119,193,60,112,0,1,0,1,0,0
0,1,2320,1565,487,220,48,256,86,48,5,0,1,0,1,1,0
0,7,4279,2425,1854,0,0,370,288,0,0,0,1,0,1,0,0
0,7,3422,2425,997,0,0,370,161,0,0,0,1,0,1,0,0
0,6,282,0,248,34,0,0,30,4,0,1,0,0,0,0,0
0,0,1578,913,596,55,14,130,95,2,3,1,1,0,1,0,0
0,1,2765,879,899,551,436,141,127,72,65,0,1,0,1,1,0
0,1,2107,509,805,443,350,79,117,49,47,0,1,0,1,0,0
0,5,2224,439,1540,190,55,71,265,28,9,0,1,0,1,0,0
0,6,3367,1247,396,1724,0,192,62,253,0,0,1,0,1,0,0
0,2,2710,1247,978,485,0,192,146,76,0,0,1,0,1,0,0
0,8,413,0,413,0,0,0,66,0,0,0,0,0,0,0,0
0,0,2094,657,743,303,391,100,102,29,54,0,1,0,1,0,0
0,1,1398,255,766,348,29,39,123,53,6,1,1,0,1,1,0
0,3,3747,2018,904,825,0,267,130,112,0,0,1,0,1,1,0
0,2,2343,508,529,1013,293,65,72,139,44,0,1,0,1,1,0
0,8,725,0,725,0,0,0,130,0,0,0,0,0,0,0,0
0,0,2049,589,287,1138,35,80,38,149,6,1,1,0,1,1,0
0,1,2900,670,1370,820,40,77,170,100,4,0,1,0,1,0,0
0,2,3314,651,1895,493,275,107,284,68,39,0,1,0,1,1,0
0,0,4732,725,2824,777,406,119,308,87,54,0,1,0,1,0,0
0,8,3427,0,3427,0,0,0,488,0,0,0,0,0,0,0,0
0,2,3438,439,2297,702,0,78,364,79,0,0,1,0,1,0,0
0,5,2376,310,754,836,476,53,114,117,73,0,1,0,1,0,0
0,1,1222,174,592,208,248,24,93,26,37,0,1,0,1,1,0
0,4,1337,324,498,191,324,47,75,26,47,0,1,0,1,1,0
0,2,3278,865,2413,0,0,124,304,0,0,0,1,0,1,0,0
0,2,2790,816,947,473,554,129,147,63,93,0,1,0,1,1,0
0,2,583,53,381,130,19,10,33,18,3,0,1,0,1,1,0
0,5,4947,1708,1759,765,715,290,297,115,124,0,1,0,1,1,0
0,4,4954,0,2212,2742,0,0,292,398,0,0,0,0,0,0,1
0,6,1566,0,410,742,414,0,60,128,66,0,0,0,0,1,0
0,6,1559,228,1331,0,0,32,185,0,0,0,1,0,0,0,0
0,0,3510,559,1045,1876,30,85,132,203,5,0,1,0,1,0,0
0,0,2570,717,1143,244,466,120,164,39,67,0,1,0,1,1,0
0,6,2809,0,2542,251,16,0,349,35,3,0,0,0,0,0,0
0,6,2353,897,1198,0,258,157,191,0,34,0,1,0,1,0,0
0,0,3919,1025,1915,443,536,148,238,60,81,0,1,0,1,0,0
0,1,3155,1264,1029,603,259,216,163,81,30,0,1,0,1,0,0
0,1,2823,532,1526,765,0,68,201,86,0,0,1,0,1,0,0
0,3,2423,0,2313,110,0,0,318,15,0,1,0,0,0,1,0
0,2,583,53,381,130,19,10,33,18,3,0,1,0,1,1,0
0,6,1435,525,487,423,0,75,74,52,0,0,1,0,1,1,0
0,2,3423,1247,1688,488,0,192,248,73,0,0,1,0,1,0,0
0,0,3245,1043,1154,608,440,175,188,91,58,1,1,0,1,0,0
0,0,5609,725,2673,1429,782,119,347,176,97,0,1,0,1,0,0
0,0,4244,1133,2212,740,159,159,281,96,17,0,1,0,1,0,0
0,0,3498,746,1816,426,510,127,286,68,76,0,1,0,1,1,0
0,6,3369,1247,396,1726,0,192,62,253,0,0,1,0,1,0,0
0,6,2154,1247,332,575,0,192,53,84,0,0,1,0,1,0,0
0,2,1327,175,1040,0,112,29,157,0,19,0,1,0,1,1,0
0,0,3213,1550,781,239,643,216,119,40,67,1,1,0,1,1,0
0,2,583,53,381,130,19,10,33,18,3,0,1,0,1,1,0
0,0,3449,1550,912,807,180,216,126,123,24,1,1,0,1,1,0
0,2,2332,1247,560,525,0,192,90,81,0,0,1,0,1,0,0
0,1,2381,684,1030,667,0,86,128,80,0,0,1,0,1,0,0
0,0,3129,1550,848,473,258,216,130,56,33,1,1,0,1,1,0
0,4,2740,879,1169,692,0,141,164,94,0,0,1,0,1,0,0
0,0,3235,532,1577,734,392,80,235,102,67,0,1,0,1,1,0
0,2,4361,430,412,3208,311,73,69,407,45,0,1,0,0,0,0
0,7,449,0,322,127,0,0,44,19,0,0,0,0,0,1,0
0,2,5465,1251,1191,872,2151,201,191,137,307,0,1,0,1,1,0
0,7,1417,0,105,1312,0,0,11,169,0,0,0,0,0,1,0
0,0,2831,726,660,563,882,83,103,85,115,0,1,0,1,0,0
0,6,2160,1247,332,581,0,192,53,82,0,0,1,0,1,0,0
0,0,5425,614,2600,1429,782,85,346,176,97,0,1,0,1,0,0
0,0,1414,28,946,277,163,4,144,38,19,0,1,0,1,1,0
0,2,1877,310,1069,498,0,53,165,74,0,0,1,0,1,0,0
0,3,1267,345,118,804,0,28,19,100,0,0,1,0,0,1,0
0,1,1640,1050,269,321,0,155,43,40,0,0,1,0,1,0,0
0,2,674,53,472,130,19,10,48,18,3,0,1,0,1,1,0
0,1,1727,134,1195,398,0,20,181,51,0,1,1,0,1,1,0
0,8,1254,0,1254,0,0,0,200,0,0,0,0,0,0,0,0
0,1,1378,0,730,634,14,0,105,77,2,1,0,0,0,0,0
0,7,1125,559,566,0,0,85,72,0,0,0,1,0,1,0,0
0,0,4531,694,2793,963,81,105,396,136,9,0,1,0,1,0,0
0,6,1860,1390,470,0,0,196,57,0,0,0,1,0,0,0,0
0,2,5329,0,4856,473,0,0,709,69,0,0,0,0,1,0,0
0,0,4381,614,2088,778,901,85,281,104,113,0,1,0,1,0,0
0,7,1367,0,896,471,0,0,145,77,0,0,0,0,0,0,0
0,0,5518,2676,1360,1194,288,392,176,153,43,0,1,0,1,1,0
0,6,2662,1247,437,978,0,192,70,146,0,0,1,0,1,0,0
0,6,2333,1247,486,600,0,192,77,94,0,0,1,0,1,0,0
0,2,2892,1247,1240,405,0,192,185,66,0,0,1,0,1,0,0
0,1,522,53,314,136,19,10,23,18,3,0,1,0,1,1,0
0,6,2216,1247,455,514,0,192,69,80,0,0,1,0,1,0,0
0,0,4340,2676,707,693,264,392,94,88,40,0,1,0,1,0,0
0,0,8358,1508,2791,3950,109,239,410,525,11,0,1,0,1,1,0
0,6,1925,1247,448,230,0,192,68,34,0,0,1,0,1,0,0
0,0,2651,717,1191,277,466,120,171,43,67,0,1,0,1,1,0
0,0,3386,842,1366,804,374,124,200,121,42,1,1,0,1,1,0
0,2,2905,1247,1240,418,0,192,185,66,0,0,1,0,1,0,0
0,3,2728,1247,1187,294,0,192,159,41,0,0,1,0,1,0,0
0,2,2495,131,1658,406,300,19,238,52,48,0,1,0,1,0,0
0,4,1155,0,1022,45,88,0,154,8,15,0,0,0,0,0,0
0,3,4982,1594,3388,0,0,270,570,0,0,0,1,0,1,1,0
0,1,1220,0,1001,30,189,0,155,2,31,1,0,0,0,0,0
0,6,3477,2021,370,1086,0,294,56,138,0,0,1,0,1,1,0
0,1,4448,646,2332,396,1074,101,355,51,156,0,1,0,1,1,0
0,1,1491,0,929,504,58,0,123,51,7,0,0,0,0,0,0
0,0,1889,454,717,275,443,73,116,49,68,1,1,0,1,0,0
0,6,2166,1247,266,653,0,192,45,93,0,0,1,0,1,0,0
0,6,1802,0,1193,198,411,0,153,20,53,0,0,0,0,0,0
0,3,1597,888,436,273,0,136,59,32,0,0,1,0,1,0,0
0,1,758,0,654,6,98,0,91,1,16,1,0,0,0,1,0
0,1,1262,695,433,131,3,106,64,23,1,0,1,0,1,0,0
0,4,2401,617,977,542,265,92,151,71,34,0,1,0,1,1,0
0,5,1415,228,1187,0,0,32,149,0,0,0,1,0,0,0,0
0,6,4331,0,2025,1308,998,0,286,172,145,0,0,0,1,1,0
0,3,1018,0,457,490,71,0,64,72,13,0,0,0,0,0,0
0,7,2507,606,1901,0,0,75,256,0,0,0,1,0,1,1,0
0,0,2509,615,945,624,325,83,124,86,48,0,1,0,1,1,0
0,6,2706,1247,437,1022,0,192,70,151,0,0,1,0,1,0,0
0,0,5787,753,3123,1636,275,121,524,260,45,0,1,0,1,0,0
0,1,1535,829,619,70,17,131,97,10,2,0,1,0,1,1,0
0,2,2918,917,1485,516,0,148,213,69,0,0,1,0,1,1,0
0,3,2646,885,909,852,0,141,125,115,0,0,1,0,1,0,0
0,1,2819,0,1695,1103,21,0,225,138,4,1,0,0,0,0,0
1,0,1147,640,406,64,37,98,58,8,7,1,1,0,1,0,1
0,3,2536,885,1063,588,0,141,152,93,0,0,1,0,1,1,0
0,1,3836,1014,2130,692,0,167,285,79,0,0,1,0,1,1,0
0,1,1972,0,868,611,493,0,124,75,86,1,0,0,0,0,0
0,0,7076,1708,3048,1478,842,290,530,243,155,0,1,0,1,1,0
0,1,6838,684,5440,714,0,86,700,86,0,0,1,0,1,0,0
0,6,3372,1247,396,1729,0,192,62,253,0,0,1,0,1,0,0
0,1,2227,1194,843,190,0,186,141,25,0,0,1,0,1,0,0
0,1,1522,1354,86,82,0,196,13,12,0,0,1,0,1,0,0
0,0,5609,725,2673,1429,782,119,347,176,97,0,1,0,1,0,0
0,1,2400,536,1281,536,47,92,208,87,5,1,1,0,1,0,0
0,2,2873,1247,1240,386,0,192,185,62,0,0,1,0,1,0,0
0,3,3537,699,1989,655,194,100,267,75,25,0,1,0,1,0,0
0,0,3055,720,1444,754,137,126,193,93,17,0,1,0,1,1,0
0,8,2089,0,2089,0,0,0,247,0,0,0,0,0,0,0,0
0,5,1359,228,1131,0,0,32,143,0,0,0,1,0,0,0,0
0,1,1420,536,573,311,0,72,89,44,0,0,1,0,1,1,0
0,1,2911,702,1002,1207,0,100,136,145,0,0,1,0,1,1,0
0,2,583,53,381,130,19,10,33,18,3,0,1,0,1,1,0
0,1,1455,0,664,737,54,0,105,118,9,1,0,0,0,1,0
0,7,295,0,222,73,0,0,23,9,0,0,0,0,0,1,0
0,2,583,53,381,130,19,10,33,18,3,0,1,0,1,1,0
0,0,465,53,235,158,19,10,37,21,3,0,1,0,1,1,0
0,0,2075,738,552,677,108,102,64,98,17,0,1,0,1,1,0
1,5,4093,1258,1656,994,185,182,229,118,24,0,1,0,1,1,0
0,0,645,53,456,117,19,10,50,15,3,0,1,0,1,1,0
0,0,5609,725,2673,1429,782,119,347,176,97,0,1,0,1,0,0
0,6,2702,1247,437,1018,0,192,70,150,0,0,1,0,1,0,0
0,0,3344,1550,1297,309,188,216,183,51,18,1,1,0,1,1,0
0,1,1875,0,642,1037,196,0,90,161,19,1,0,0,0,0,1
0,0,3293,1149,966,778,400,160,140,102,68,0,1,0,1,0,0
0,6,2639,1247,532,860,0,192,82,132,0,0,1,0,1,0,0
0,1,1236,56,1071,35,74,7,161,5,11,1,1,0,1,0,0
1,1,3133,0,1781,1339,13,0,235,173,1,1,0,1,0,1,0
0,6,3796,2021,356,1419,0,294,56,182,0,0,1,0,1,1,0
0,6,2668,231,2437,0,0,30,291,0,0,0,1,0,1,1,0
0,7,678,0,632,0,46,0,110,0,7,0,0,0,0,0,0
0,2,2741,430,1120,775,416,73,157,89,61,0,1,0,0,0,0
0,3,961,544,366,51,0,87,61,6,0,1,1,0,1,0,0
0,0,2759,568,1514,646,31,101,229,81,3,0,1,0,1,1,0
0,0,2359,1208,901,139,111,155,133,21,17,0,1,0,1,1,0
0,6,1475,0,1475,0,0,0,200,0,0,0,0,0,0,0,1
0,1,1603,392,562,508,141,61,71,61,13,1,1,0,1,1,1
0,1,2283,0,1932,78,273,0,312,10,38,0,0,0,0,0,0
0,7,1142,247,895,0,0,25,148,0,0,0,1,0,1,0,0
0,0,2789,1550,462,493,284,216,73,73,41,1,1,0,1,1,0
0,2,583,53,381,130,19,10,33,18,3,0,1,0,1,1,0
0,1,4789,0,3417,1264,108,0,463,158,17,1,0,0,0,1,0
0,3,1061,0,869,192,0,0,120,25,0,0,0,0,1,1,0
0,0,3139,635,785,871,848,78,116,126,120,0,1,0,1,1,0
0,2,583,53,381,130,19,10,33,18,3,0,1,0,1,1,0
0,0,3943,1222,1708,721,292,190,253,99,41,1,1,0,1,1,0
0,0,3069,635,982,606,846,78,154,80,114,0,1,0,1,1,0
1,6,1008,718,260,30,0,114,46,5,0,0,1,0,1,0,1
0,2,583,53,381,130,19,10,33,18,3,0,1,0,1,1,0
0,2,554,53,332,150,19,10,28,20,3,0,1,0,1,0,0
0,6,669,0,353,214,102,0,62,31,14,0,0,0,0,1,0
0,0,2032,392,989,502,149,61,129,68,21,0,1,0,1,1,1
0,0,2842,392,1396,699,355,61,190,97,53,1,1,0,1,1,1
0,0,3074,726,927,524,897,83,133,69,117,0,1,0,1,0,0
0,2,583,53,381,130,19,10,33,18,3,0,1,0,1,1,0
0,6,2865,1247,338,1280,0,192,55,189,0,0,1,0,1,0,0
0,3,2629,0,1908,721,0,0,256,95,0,1,0,0,0,0,0
0,0,2277,392,1130,734,21,61,159,104,3,1,1,0,1,1,1
0,5,1744,0,1356,388,0,0,216,58,0,1,0,0,0,0,0
0,1,1288,450,469,315,54,65,72,40,6,0,1,0,1,1,0
0,6,2484,1247,289,948,0,192,52,144,0,0,1,0,1,0,0
0,3,1529,829,627,56,17,131,85,9,2,0,1,0,1,0,0
0,1,4383,588,3366,429,0,96,441,56,0,0,1,0,1,0,0
0,0,2167,392,1284,472,19,61,174,58,3,1,1,0,1,1,1
0,0,4089,571,1816,931,771,87,261,111,127,0,1,0,1,0,0
0,0,3262,392,1029,1395,446,61,127,179,50,1,1,0,1,1,1
0,5,1024,250,457,169,148,39,63,21,24,0,1,0,1,1,0
0,2,3367,1550,1107,237,473,216,167,31,63,0,1,0,1,1,0
0,4,2178,0,376,1802,0,0,70,246,0,0,0,0,0,0,0
0,3,2565,0,994,1137,434,0,152,140,60,0,0,0,0,1,0
0,0,5387,1251,1262,722,2152,201,206,103,309,1,1,0,1,0,0
0,1,2821,139,2223,459,0,18,321,63,0,1,1,0,1,0,0
0,1,2001,264,264,1144,329,35,35,162,54,0,1,0,1,1,0
0,4,2137,0,1316,821,0,0,179,105,0,0,0,0,1,0,0
0,4,1088,0,1088,0,0,0,174,0,0,0,0,0,0,0,0
0,0,5425,614,2600,1429,782,85,346,176,97,0,1,0,1,0,0
0,3,2430,885,1117,428,0,141,159,69,0,0,1,0,1,1,0
0,3,3128,879,1522,707,20,141,202,79,2,0,1,0,1,1,0
0,1,1513,0,573,449,491,0,96,51,83,0,0,0,0,1,0
0,1,1714,829,718,110,57,131,120,19,10,0,1,0,1,1,0
0,5,1422,228,1194,0,0,32,162,0,0,0,1,0,0,0,0
0,5,787,575,162,50,0,86,20,7,0,0,1,0,1,0,0
1,1,4395,1252,1398,1376,369,198,159,191,58,0,1,0,1,1,0
0,3,1576,267,406,793,110,49,70,115,17,1,1,0,1,0,0
0,7,3142,684,2458,0,0,108,351,0,0,0,1,0,1,0,0
0,0,4594,1025,2432,560,577,148,313,70,89,0,1,0,1,0,0
0,2,1283,175,838,0,270,29,124,0,44,0,1,0,1,1,0
0,0,8286,1508,2362,4307,109,239,352,560,11,1,1,0,1,1,0
0,7,2185,0,1524,661,0,0,186,87,0,0,0,0,0,1,0
0,7,818,0,449,369,0,0,70,48,0,0,0,0,0,1,0
0,6,656,0,509,130,17,0,72,21,2,0,0,0,0,0,0
0,0,554,53,324,158,19,10,25,21,3,0,1,0,1,1,0
0,6,2865,1247,338,1280,0,192,55,189,0,0,1,0,1,0,0
0,0,4377,1025,2212,584,556,148,280,70,82,0,1,0,1,1,0
0,1,3761,996,2094,671,0,158,288,84,0,1,1,0,1,0,0
0,1,2513,0,1005,1467,41,0,148,195,8,1,0,0,0,1,0
0,2,1563,829,652,62,20,131,109,9,2,0,1,0,1,1,0
0,2,2875,1247,1240,388,0,192,185,62,0,0,1,0,1,0,0
0,4,3248,1970,1278,0,0,312,192,0,0,0,1,0,1,1,0
0,8,271,0,271,0,0,0,26,0,0,0,0,0,0,0,0
0,3,3190,489,1340,1244,117,76,185,147,16,0,1,0,1,1,0
0,1,1010,0,550,336,124,0,87,54,16,1,0,0,0,1,0
0,6,2428,1247,1181,0,0,192,164,0,0,0,1,1,1,0,0
0,1,4647,2287,368,0,1992,311,58,0,232,0,1,0,1,0,0
0,5,1271,567,526,178,0,88,88,24,0,0,1,0,1,1,0
0,2,2373,1247,560,566,0,192,90,87,0,0,1,0,1,0,0
0,1,2639,758,1208,673,0,112,160,92,0,0,1,0,1,1,0
0,0,4931,1025,2767,584,555,148,361,70,82,0,1,0,1,1,0
0,5,1682,47,1454,31,150,9,245,3,30,0,1,0,1,0,1
0,8,299,0,299,0,0,0,42,0,0,0,0,0,0,0,0
0,0,1582,829,668,68,17,131,106,10,2,0,1,0,1,1,0
0,1,4875,1247,1570,2058,0,192,224,255,0,0,1,0,1,0,0
0,5,2222,300,1337,436,149,41,186,52,22,0,1,0,1,1,0
0,6,227,0,83,113,31,0,13,20,4,0,0,0,0,0,0
0,1,1137,0,979,82,76,0,129,10,10,0,0,0,0,1,0
0,6,3371,0,542,2763,66,0,61,383,5,0,0,0,0,1,0
0,6,2058,0,936,442,680,0,146,67,110,0,0,0,0,1,0
0,2,2325,735,414,1124,52,74,61,143,8,1,1,1,1,0,0
0,1,1436,0,906,435,95,0,115,49,13,0,0,0,0,1,1
0,2,227,0,91,136,0,0,15,14,0,0,0,1,0,0,0
0,1,4289,0,2731,715,843,0,386,101,115,0,0,0,0,0,0
0,0,2513,275,1798,319,121,36,281,41,19,1,1,0,1,1,0
0,8,470,0,470,0,0,0,66,0,0,0,0,0,0,0,0
0,0,2813,753,1194,746,120,121,179,79,14,0,1,0,1,0,0
0,0,2329,598,890,483,358,80,150,69,64,0,1,0,1,1,0
0,8,2871,0,2871,0,0,0,384,0,0,0,0,0,0,0,0
0,0,3714,789,1988,925,12,120,241,124,2,1,1,0,1,1,1
0,4,1097,0,1097,0,0,0,175,0,0,0,0,0,0,0,0
0,0,2029,1394,210,98,327,216,39,13,51,1,1,0,1,1,0
0,7,569,0,184,385,0,0,24,50,0,0,0,0,0,1,0
0,0,1811,860,699,164,88,119,101,29,15,1,1,0,0,0,0
0,6,753,175,485,0,93,29,74,0,7,0,1,0,1,1,0
0,5,4195,1799,2396,0,0,294,398,0,0,0,1,0,1,0,0
0,5,1587,0,342,1245,0,0,39,99,0,0,0,0,0,0,1
0,8,3632,0,3632,0,0,0,501,0,0,0,0,0,0,1,0
0,1,645,53,456,117,19,10,50,15,3,0,1,0,1,1,0
0,5,1371,672,295,181,223,93,47,24,34,0,1,0,1,1,0
0,3,2060,0,660,1021,379,0,95,122,55,0,0,0,0,0,0
0,4,756,0,456,300,0,0,56,36,0,0,0,0,0,0,1
0,0,3335,353,1772,549,661,44,260,93,102,1,1,0,1,0,0
0,1,2825,570,1082,1173,0,77,155,145,0,0,1,0,1,1,0
0,3,4498,2790,1335,178,195,370,169,20,34,0,1,0,1,0,0
0,2,1448,651,131,230,436,107,16,31,66,0,1,0,1,1,0
0,0,2115,651,701,292,471,100,97,40,69,0,1,0,1,1,0
0,6,869,0,467,153,249,0,74,20,17,0,0,0,0,0,0
0,7,2785,231,2554,0,0,30,324,0,0,0,1,0,1,1,0
0,7,267,0,183,84,0,0,29,12,0,0,0,0,0,1,0
0,1,3939,996,2261,682,0,158,303,87,0,0,1,0,1,0,0
0,6,4157,560,2491,1106,0,98,409,141,0,0,1,0,1,1,0
0,0,3967,758,1525,1333,351,112,198,170,48,0,1,0,1,1,0
0,4,2139,412,1350,0,377,53,226,0,66,1,1,0,1,1,0
0,1,919,0,500,277,142,0,80,43,15,1,0,0,0,1,0
0,5,809,0,564,198,47,0,82,32,7,0,0,0,1,0,0
0,4,3369,0,3145,224,0,0,420,31,0,0,0,0,0,0,1
0,6,1997,798,1199,0,0,131,152,0,0,0,1,0,1,0,0
0,0,3640,1025,1996,403,216,148,255,47,31,0,1,0,1,1,0
0,6,2187,885,815,487,0,141,117,73,0,0,1,1,1,1,0
0,1,2460,1198,956,306,0,186,159,43,0,1,1,0,1,1,0
0,7,980,734,246,0,0,119,43,0,0,0,1,1,1,1,0
0,1,2602,505,1544,553,0,79,219,75,0,0,1,0,1,1,0
0,1,3585,0,2513,576,496,0,387,95,84,0,0,0,0,0,0
0,0,3465,538,1229,1623,75,70,155,213,11,0,1,0,1,1,0
0,0,6068,4007,1152,775,134,588,154,86,11,0,1,0,1,0,0
0,7,3117,1659,1458,0,0,194,180,0,0,0,1,0,1,0,0
0,8,3801,0,3801,0,0,0,531,0,0,0,0,0,0,1,0
0,7,607,0,223,384,0,0,38,46,0,0,0,0,0,1,0
0,1,1723,0,923,710,90,0,158,100,16,0,0,0,1,0,0
0,0,2059,422,821,689,127,65,116,83,21,0,1,0,1,0,0
0,7,784,606,178,0,0,86,34,0,0,0,1,0,1,1,0
1,6,642,0,296,222,124,0,56,36,22,0,0,0,0,1,0
0,2,583,53,381,130,19,10,33,18,3,0,1,0,1,1,0
0,0,2303,489,602,1025,187,76,92,109,28,0,1,0,1,1,0
0,5,2780,476,997,994,313,74,135,141,42,0,1,0,1,0,0
0,0,2747,758,1041,746,202,112,141,96,25,0,1,0,1,1,0
0,8,2333,0,2333,0,0,0,353,0,0,0,0,0,0,0,0
0,7,993,56,937,0,0,7,129,0,0,0,1,0,1,0,0
0,0,1671,408,685,489,89,53,96,62,14,1,1,0,1,1,0
0,2,3758,1970,1528,260,0,312,224,35,0,1,1,0,1,1,0
0,5,5769,2301,1795,1673,0,320,236,223,0,0,1,0,1,0,0
0,1,6319,1708,2214,1440,957,290,395,242,178,0,1,0,1,1,0
0,0,5605,1251,1227,976,2151,201,185,132,307,0,1,0,1,0,0
0,6,2646,0,259,2280,107,0,29,279,15,0,0,0,1,1,0
0,5,740,393,347,0,0,62,39,0,0,0,1,0,1,0,0
0,4,3073,1054,2019,0,0,160,318,0,0,0,1,0,1,1,0
0,1,2442,0,1663,755,24,0,220,92,4,1,0,1,0,0,0
0,2,3936,0,1999,1937,0,0,162,150,0,0,0,0,0,0,0
0,6,748,393,259,96,0,62,35,12,0,0,1,0,1,0,0
0,0,3115,758,1508,498,351,112,188,67,48,0,1,0,1,1,0
0,2,1619,0,523,237,859,0,77,35,118,1,0,0,0,0,0
0,2,1468,0,809,514,145,0,121,70,19,0,0,0,0,1,0
0,1,2774,1557,589,491,137,230,91,60,16,0,1,0,1,1,0
0,3,1737,798,939,0,0,131,120,0,0,0,1,0,1,1,0
0,5,2751,228,1944,501,78,34,258,60,11,0,1,0,1,0,0
0,0,2760,433,1090,803,434,63,163,121,72,0,1,0,1,0,0
0,2,1377,0,1138,167,72,0,190,21,11,1,0,0,0,1,0
0,8,3009,0,3009,0,0,0,532,0,0,0,0,0,0,0,1
0,7,1144,393,751,0,0,62,99,0,0,0,1,0,1,0,0
0,1,3217,0,2160,566,491,0,333,87,81,0,0,0,0,0,0
0,6,769,0,223,546,0,0,38,75,0,0,0,0,1,1,0
0,1,4043,1580,488,1699,276,228,69,209,38,0,1,0,1,0,0
0,5,1145,228,917,0,0,32,123,0,0,0,1,0,0,0,0
0,0,2962,789,1684,234,255,120,232,31,30,1,1,0,1,1,1
0,0,4285,1148,1792,806,539,177,234,96,78,1,1,0,1,1,0
0,2,2206,964,1132,110,0,146,137,13,0,0,1,0,1,0,0
0,8,7480,0,7480,0,0,0,875,0,0,0,0,0,0,1,0
0,0,2462,362,780,925,395,62,111,134,67,0,1,0,1,0,0
0,6,833,66,118,649,0,8,14,71,0,0,1,0,1,0,0
0,0,1837,789,941,88,19,120,138,11,3,1,1,0,1,1,1
0,8,2392,0,2392,0,0,0,330,0,0,0,0,0,0,0,0
0,1,5343,612,3412,1319,0,76,438,165,0,1,1,0,1,1,0
0,1,4399,874,1636,1889,0,155,225,265,0,0,1,0,1,1,0
0,7,1797,0,376,1421,0,0,60,202,0,0,0,0,0,1,0
0,2,3382,1247,1688,447,0,192,248,68,0,0,1,0,1,0,0
0,0,2094,295,410,1033,356,43,73,125,55,0,1,0,1,0,0
0,5,1485,0,680,805,0,0,87,94,0,0,0,0,0,1,0
0,2,975,0,807,168,0,0,107,23,0,0,0,0,0,0,0
0,2,583,53,381,130,19,10,33,18,3,0,1,0,1,1,0
0,2,883,393,490,0,0,62,76,0,0,0,1,0,1,0,0
0,1,2321,0,1437,749,135,0,198,97,18,0,0,0,0,1,0
0,1,467,0,377,27,63,0,51,5,13,0,0,0,0,1,1
0,7,1036,672,364,0,0,96,62,0,0,0,1,0,1,1,0
0,1,3209,0,1789,1125,295,0,266,168,51,0,0,0,0,0,0
1,0,4608,1944,1333,1075,256,278,213,162,36,0,1,0,1,1,0
0,5,4019,1550,1946,219,304,216,262,27,42,0,1,0,1,1,0
0,7,983,393,590,0,0,62,68,0,0,0,1,0,1,1,0
0,2,2587,0,2474,0,113,0,284,0,11,1,0,0,0,0,0
0,6,2228,879,1034,315,0,141,123,40,0,0,1,0,1,0,0
0,3,6175,2480,1356,1242,1097,298,196,158,147,0,1,0,1,1,0
0,3,2617,574,241,1802,0,86,40,220,0,0,1,0,1,1,0
0,5,1433,0,515,918,0,0,78,127,0,0,0,1,0,0,0
0,7,2356,0,1066,1290,0,0,131,157,0,0,0,0,0,1,1
0,5,1199,0,520,679,0,0,78,95,0,0,0,0,0,0,0
0,6,2789,336,1539,914,0,55,180,103,0,0,1,0,1,1,0
0,0,2523,735,696,1037,55,74,92,115,8,0,1,0,1,0,0
0,0,2067,758,599,359,351,112,85,53,48,0,1,0,1,1,0
0,1,1863,0,1089,238,536,0,156,28,72,0,0,0,0,0,0
0,5,14907,0,14907,0,0,0,2115,0,0,0,0,0,0,0,0
0,0,2021,1550,222,66,183,216,31,7,23,0,1,0,1,1,0
0,7,2258,0,213,2045,0,0,29,251,0,0,0,0,0,1,0
0,1,4140,0,3208,878,54,0,480,126,4,0,0,0,0,1,0
0,8,3418,0,3418,0,0,0,480,0,0,0,0,0,0,0,0
0,0,1423,577,547,94,205,90,73,12,24,1,1,0,1,1,0
0,0,2653,726,735,294,898,83,106,35,117,0,1,0,1,1,0
0,2,3372,1247,1688,437,0,192,248,67,0,0,1,0,1,0,0
0,6,2021,252,321,1448,0,41,50,165,0,0,1,0,1,0,0
0,5,2104,885,336,543,340,141,51,71,40,0,1,0,1,0,0
0,2,3665,1628,1929,108,0,207,242,9,0,0,1,0,1,1,0
0,1,3584,0,2512,576,496,0,387,95,84,0,0,0,0,0,0
0,0,2240,735,394,996,115,74,46,97,15,0,1,0,1,0,0
0,0,2695,536,1348,793,18,72,207,122,2,0,1,0,1,0,0
1,0,3890,870,1628,985,407,140,243,140,62,0,1,0,1,1,0
0,6,4750,627,1352,2771,0,111,211,359,0,0,1,0,1,0,0
0,0,1425,577,547,95,206,90,73,13,24,1,1,0,1,1,0
0,1,5898,785,3610,1503,0,127,496,191,0,1,1,0,1,1,0
0,0,1551,829,661,44,17,131,98,6,2,0,1,0,1,1,0
0,1,2173,477,1240,367,89,63,170,44,12,0,1,0,1,1,0
0,5,3568,539,1140,1611,278,52,167,195,36,0,1,0,1,1,0
0,5,6878,2425,3212,900,341,370,464,124,45,0,1,0,1,1,0
0,3,13458,2438,132,10864,24,328,20,1645,4,0,1,0,1,0,0
0,1,4156,0,2960,715,481,0,409,101,75,0,0,0,0,0,0
0,1,4263,2301,761,1201,0,320,102,172,0,0,1,0,1,0,0
0,5,3455,1505,1467,460,23,213,200,56,4,0,1,0,1,1,0
0,3,477,0,468,9,0,0,55,1,0,1,0,0,0,1,1
0,1,3452,746,1861,558,287,127,278,94,34,0,1,0,1,1,0
0,2,1967,673,672,492,130,95,89,75,15,0,1,0,1,0,0
0,1,1690,0,1491,15,184,0,189,2,28,0,0,0,0,0,1
0,0,2653,720,1006,790,137,126,137,98,17,0,1,0,1,1,0
0,7,1038,433,605,0,0,48,95,0,0,0,1,1,1,1,0
0,6,1970,635,738,597,0,97,110,100,0,0,1,0,1,1,0
0,1,2538,0,846,846,846,0,122,122,122,1,0,0,0,1,1
0,3,2857,532,1602,723,0,92,217,88,0,1,1,0,1,1,0
0,1,2198,712,789,697,0,92,102,86,0,0,1,0,1,1,0
1,2,2473,598,969,0,906,87,147,0,129,1,1,0,1,1,0
0,5,5520,1251,1179,939,2151,201,185,143,307,0,1,0,1,0,0
0,1,2298,361,1614,323,0,57,233,48,0,1,1,0,1,1,0
0,1,2608,849,1261,498,0,127,181,68,0,0,1,0,1,1,0
0,6,2685,0,2253,349,83,0,339,42,14,0,0,0,0,1,0
0,1,1067,0,509,499,59,0,78,75,8,0,0,0,0,0,0
0,0,2138,735,269,1079,55,74,35,115,8,0,1,0,1,0,0
0,1,2322,439,1410,473,0,78,212,66,0,1,1,0,1,0,0
0,6,1075,0,494,494,87,0,68,68,13,0,0,0,0,0,0
0,0,2078,758,609,360,351,112,87,53,48,0,1,0,1,1,0
0,1,499,233,75,191,0,33,12,25,0,0,1,0,1,0,0
0,5,2771,1550,316,290,615,216,49,46,86,0,1,0,1,1,0
0,2,583,53,381,130,19,10,33,18,3,0,1,0,1,1,0
0,2,3688,1628,2044,0,16,207,259,0,2,1,1,0,1,0,0
0,0,5101,614,2276,1299,912,85,268,141,116,0,1,0,1,0,0
0,0,4652,1439,2200,973,40,212,294,125,5,1,1,0,1,0,0
0,1,2816,684,1443,689,0,86,176,85,0,0,1,0,1,0,0
0,2,3132,606,2078,448,0,88,281,67,0,0,1,0,1,1,0
0,1,2341,1099,50,0,1192,147,7,0,122,0,1,0,1,1,1
0,4,1778,617,466,695,0,92,74,96,0,0,1,0,1,1,0
0,1,3157,574,1707,876,0,86,243,109,0,0,1,0,1,1,0
0,6,2306,1247,620,439,0,192,98,65,0,0,1,0,1,0,0
0,5,2936,741,1301,448,446,111,219,53,72,0,1,0,1,1,0
0,5,2099,134,453,818,694,20,79,111,104,0,1,0,1,1,0
0,1,2257,684,912,661,0,86,121,86,0,0,1,0,1,0,0
0,2,3412,0,1839,778,795,0,272,116,125,0,0,0,1,1,0
0,0,1825,340,806,499,180,58,110,67,28,0,1,0,1,1,0
0,2,977,0,641,307,29,0,86,34,5,0,0,0,0,0,0
0,5,2643,282,923,620,818,38,148,91,116,0,1,0,1,1,0
0,2,3064,1394,933,410,327,216,159,59,51,1,1,0,1,1,0
0,5,1169,228,941,0,0,32,140,0,0,0,1,0,0,0,0
0,6,956,0,276,334,346,0,41,45,56,0,0,0,0,1,0
0,2,583,53,381,130,19,10,33,18,3,0,1,0,1,1,0
0,0,2905,488,1273,655,489,74,176,81,74,0,1,0,1,1,0
0,3,1249,0,1249,0,0,0,169,0,0,1,0,1,0,0,0
0,0,5428,2676,839,1650,263,392,117,123,39,0,1,0,1,0,0
0,4,4446,1110,1510,1009,817,158,195,136,112,0,1,0,1,1,0
0,0,1971,924,121,870,56,129,16,118,7,0,1,0,0,1,0
0,1,3596,617,1613,995,371,96,252,158,65,0,1,0,1,1,0
0,0,3500,688,1703,906,203,111,244,135,29,1,1,0,1,1,0
0,0,2720,1185,460,291,784,140,59,33,130,0,1,0,1,1,0
1,1,5240,0,1368,1598,2274,0,166,210,362,0,0,0,0,1,0
0,5,951,559,169,175,48,85,29,21,8,0,1,0,1,0,0
0,6,3387,0,3200,169,18,0,454,22,2,0,0,0,0,0,0
0,1,1546,829,630,70,17,131,97,10,2,0,1,0,1,1,0
0,1,2199,0,1184,417,598,0,185,65,92,1,0,0,0,1,0
1,6,804,0,174,455,175,0,31,64,15,0,0,0,1,1,0
0,0,1812,204,1322,122,164,37,220,13,24,0,1,0,1,1,0
0,1,3191,702,1021,745,723,100,145,82,107,0,1,0,1,1,0
0,0,2718,300,1588,733,97,44,213,100,12,0,1,0,1,1,0
0,0,1424,577,547,95,205,90,73,13,24,1,1,0,1,1,0
1,0,2819,1050,642,898,229,155,91,122,28,0,1,0,1,1,0
0,0,4827,1441,1645,719,1022,176,255,110,156,0,1,0,1,1,0
0,0,5053,614,2137,1401,901,85,269,190,113,0,1,0,1,0,0
0,0,3277,601,1423,563,690,94,221,70,113,1,1,0,1,1,0
0,1,3575,586,1214,1069,706,82,193,174,121,0,1,0,1,1,0
0,6,311,0,250,37,24,0,40,9,4,0,0,0,0,0,0
0,3,4163,1013,1142,2008,0,148,152,253,0,0,1,0,1,0,0
0,6,1075,353,504,218,0,64,86,10,0,0,1,0,1,1,0
0,1,2402,684,963,755,0,86,119,100,0,0,1,0,1,0,0
0,0,3897,730,1346,518,1303,116,216,70,204,0,1,0,1,1,0
1,1,150,0,92,33,25,0,14,5,3,1,0,0,0,0,0
1,0,1820,353,988,445,34,50,149,53,6,0,1,0,1,1,0
0,1,3955,0,2759,715,481,0,386,101,75,0,0,0,0,0,0
0,1,1482,829,566,70,17,131,85,10,2,0,1,1,1,1,0
0,5,1819,870,527,176,246,140,87,20,34,0,1,0,1,1,0
0,1,2619,684,1220,715,0,86,150,86,0,0,1,0,1,0,0
0,7,422,0,367,55,0,0,63,8,0,0,0,0,0,0,0
0,1,3368,256,2174,938,0,39,299,114,0,1,1,0,0,1,0
0,0,3806,1148,1612,809,237,177,209,104,35,1,1,0,1,1,0
0,1,2508,651,1043,388,426,107,146,44,63,0,1,0,1,1,0
0,3,3430,0,3430,0,0,0,472,0,0,1,0,0,0,1,0
0,2,2222,1545,413,264,0,226,69,35,0,0,1,0,1,0,0
0,2,583,53,381,130,19,10,33,18,3,0,1,0,1,1,0
0,1,2316,447,1486,383,0,72,205,43,0,0,1,0,1,0,0
0,3,4911,1014,3562,335,0,167,492,42,0,0,1,0,1,1,0
0,6,2341,242,1806,293,0,35,250,37,0,0,1,0,1,0,0
0,0,3052,1042,930,928,152,144,116,123,23,0,1,0,1,1,0
0,1,2680,717,1211,286,466,120,173,44,67,0,1,0,1,1,0
0,0,3254,870,1516,284,584,140,222,31,90,0,1,0,1,1,0
0,6,4762,1208,3377,177,0,155,525,22,0,0,1,0,1,1,0
0,5,3068,1100,943,868,157,180,159,132,24,1,1,0,1,1,0
0,2,568,0,107,365,96,0,15,58,14,0,0,0,0,0,0
0,1,2186,684,1092,410,0,86,132,50,0,0,1,0,1,0,0
0,4,2767,362,1183,354,868,59,189,48,143,0,1,0,1,1,0
0,6,1888,1247,463,178,0,192,69,25,0,0,1,0,1,0,0
0,0,4640,1049,2389,845,357,151,321,104,51,0,1,0,1,0,0
0,2,583,53,381,130,19,10,33,18,3,0,1,0,1,1,0
0,0,3556,1251,767,873,665,201,129,140,80,1,1,0,1,1,0
0,1,959,175,550,162,72,29,80,22,5,0,1,0,1,1,0
0,7,1980,433,1547,0,0,48,233,0,0,0,1,1,1,1,0
0,7,3821,0,2720,1101,0,0,421,155,0,0,0,0,0,0,0
0,7,905,433,472,0,0,48,54,0,0,0,1,1,1,1,0
0,3,4377,1385,1992,1000,0,216,259,115,0,0,1,0,1,1,0
0,1,645,53,456,117,19,10,50,15,3,0,1,0,1,1,0
0,1,1579,829,668,65,17,131,108,9,2,0,1,0,1,1,0
0,1,1316,0,780,422,114,0,101,61,14,1,0,0,0,0,1
0,3,3521,702,1170,926,723,100,159,115,107,0,1,0,1,1,0
0,0,4794,1055,1406,1237,1096,156,211,221,202,1,1,0,1,1,0
0,1,2132,0,1377,336,419,0,222,57,78,1,0,0,0,1,0
0,0,3485,688,1690,881,226,111,240,131,35,1,1,0,1,1,0
0,2,583,53,381,130,19,10,33,18,3,0,1,0,1,1,0
0,2,3044,429,861,1310,444,62,139,180,71,0,1,0,1,1,0
0,6,3028,0,2493,459,76,0,370,59,10,0,0,0,0,0,0
0,2,1842,0,1035,807,0,0,124,99,0,0,0,0,0,0,0
0,0,5337,2676,1288,1099,274,392,163,129,32,0,1,0,1,1,0
0,0,3655,536,2142,919,58,92,287,112,8,1,1,0,1,1,0
0,5,1145,228,917,0,0,32,123,0,0,0,1,0,0,0,0
0,1,630,0,471,35,124,0,71,7,18,1,0,0,0,1,0
0,2,1283,175,838,0,270,29,124,0,44,0,1,0,1,1,0
0,7,356,321,35,0,0,45,9,0,0,0,1,1,1,0,0
0,1,1929,910,813,206,0,141,112,30,0,0,1,0,1,0,0
0,1,3660,534,1687,1439,0,78,217,192,0,0,1,0,1,1,0
0,3,2369,0,2369,0,0,0,292,0,0,1,0,0,0,0,0
0,5,4478,1014,2930,534,0,167,394,64,0,0,1,0,1,1,0
0,5,1170,324,846,0,0,53,130,0,0,0,1,0,1,0,0
0,5,2299,885,933,481,0,141,126,67,0,0,1,1,1,1,0
1,2,2734,300,1634,502,298,41,286,62,42,0,1,0,1,1,0
1,1,1274,0,403,696,175,0,68,90,29,0,0,0,0,1,0
0,5,733,129,526,29,49,17,92,5,6,0,1,0,1,1,0
0,5,1118,269,692,127,30,40,86,19,3,0,1,0,0,0,0
0,0,2585,1171,533,763,118,172,69,97,10,0,1,0,1,1,0
0,0,1895,657,441,406,391,100,68,54,54,0,1,0,1,0,0
0,1,3481,977,1208,926,370,128,153,131,33,0,1,0,0,1,0
1,7,1741,0,1231,510,0,0,171,70,0,0,0,0,0,1,0
0,1,1583,0,708,375,500,0,97,53,68,1,0,0,0,0,1
1,2,3418,2197,850,131,240,319,135,17,36,1,1,0,1,1,0
0,3,2645,560,1464,621,0,98,195,77,0,0,1,0,1,1,0
0,6,909,0,692,202,15,0,67,26,2,0,0,0,0,0,0
0,5,2798,741,796,980,281,111,138,129,33,0,1,0,1,1,0
0,1,2171,485,1031,425,230,75,157,44,28,0,1,0,1,0,0
0,1,1502,0,443,1023,36,0,68,137,5,1,0,0,0,0,0
0,0,3986,1149,1206,1411,220,160,185,208,30,0,1,0,1,0,0
0,1,3549,0,2477,576,496,0,381,95,84,0,0,0,0,0,0
0,2,3776,1970,1546,260,0,312,226,35,0,0,1,0,1,1,0
0,0,1424,577,546,94,207,90,72,12,24,1,1,0,1,1,0
0,5,5064,1110,2350,834,770,158,325,127,104,0,1,0,1,1,0
0,0,3134,694,1128,1204,108,105,174,169,15,1,1,0,1,1,0
0,0,2068,694,981,191,202,105,168,25,29,1,1,0,1,1,0
0,2,583,53,381,130,19,10,33,18,3,0,1,0,1,1,0
0,1,2168,632,1046,276,214,112,159,38,27,0,1,0,1,1,0
0,1,2242,1394,143,378,327,216,26,56,51,1,1,0,1,1,0
0,5,3473,244,715,2243,271,32,112,303,42,0,1,0,1,0,0
0,3,3077,549,1632,0,896,87,255,0,157,0,1,0,1,1,0
0,0,6829,1578,2867,2068,316,236,283,149,44,0,1,0,1,1,0
1,6,2295,0,1105,122,1068,0,110,14,136,0,0,0,0,0,0
0,1,9018,2676,2999,1989,1354,392,148,131,58,0,1,0,1,1,0
0,5,1423,904,270,175,74,105,45,20,6,0,1,0,0,1,0
0,2,583,53,381,130,19,10,33,18,3,0,1,0,1,1,0
1,0,3196,333,863,1818,182,48,117,221,20,1,1,0,1,0,0
0,0,4543,606,2785,780,372,81,377,98,50,0,1,0,1,0,0
1,7,727,0,391,336,0,0,58,47,0,0,0,0,1,0,0
0,2,583,53,381,130,19,10,33,18,3,0,1,0,1,1,0
1,0,2478,718,1216,503,41,114,162,52,3,1,1,0,1,1,1
0,0,3997,181,3530,219,67,22,493,26,12,1,1,0,0,1,0
0,1,2223,886,929,359,49,146,132,58,7,0,1,0,1,1,0
0,2,3099,1395,1086,452,166,229,184,77,27,0,1,0,1,1,0
0,3,4604,702,2197,1064,641,110,338,181,94,0,1,0,1,0,0
0,2,583,53,381,130,19,10,33,18,3,0,1,0,1,1,0
0,2,586,53,384,130,19,10,34,18,3,0,1,0,1,1,0
0,6,1352,0,235,49,1068,0,23,7,136,0,0,0,0,0,0
0,3,3750,1031,1670,1049,0,133,224,125,0,0,1,0,1,1,0
0,0,5584,1138,2519,1246,681,141,347,172,105,0,1,0,1,0,0
0,0,1536,295,897,240,104,43,143,30,11,0,1,0,1,0,0
0,1,3350,317,2312,355,366,50,194,46,54,0,1,0,1,0,0
0,5,3354,0,2387,964,3,0,398,113,1,0,0,0,0,0,0
0,5,4437,1057,1183,804,1393,125,179,111,196,0,1,0,1,0,0
0,0,4952,1247,2947,319,439,216,458,43,66,0,1,0,1,1,0
0,0,2559,295,683,1019,562,43,111,130,85,0,1,0,1,0,0
0,3,3208,1050,1304,604,250,155,201,74,37,0,1,0,1,1,0
0,7,459,384,75,0,0,70,13,0,0,0,1,0,1,0,0
0,0,3151,295,852,1442,562,43,117,163,85,0,1,0,1,0,0
0,0,2524,295,569,1098,562,43,97,152,85,0,1,0,1,1,0
0,0,3800,545,639,2080,536,72,104,283,83,1,1,0,1,1,0
0,2,6539,470,6069,0,0,59,754,0,0,0,1,0,1,0,0
0,0,647,53,458,117,19,10,50,15,3,0,1,0,1,1,0
0,0,2644,799,1356,469,20,115,206,61,2,0,1,0,1,1,0
0,0,2908,587,1855,328,138,85,228,50,18,0,1,0,1,1,0
0,0,647,53,458,117,19,10,50,15,3,0,1,0,1,1,0
0,3,995,310,685,0,0,53,113,0,0,0,1,0,1,1,0
0,0,474,53,244,158,19,10,35,21,3,0,1,0,1,1,0
0,6,1646,0,289,289,1068,0,47,47,136,0,0,0,0,0,0
0,1,2151,684,863,604,0,86,116,79,0,0,1,0,1,0,0
0,7,2707,433,2274,0,0,48,330,0,0,0,1,1,1,0,0
0,3,2762,487,1270,610,395,67,173,81,49,0,1,0,1,0,0
1,1,1466,0,1274,127,65,0,178,20,11,0,0,0,0,1,0
0,7,1104,433,671,0,0,48,105,0,0,0,1,1,1,0,0
0,2,4629,1208,1653,955,813,155,251,133,113,0,1,0,1,0,0
0,2,577,53,382,123,19,10,33,18,3,0,1,0,1,1,0
0,1,2197,0,1673,376,148,0,233,67,18,1,0,0,0,0,0
0,4,1290,0,752,538,0,0,103,72,0,0,0,0,1,0,0
0,1,1495,0,601,700,194,0,93,96,33,0,0,0,1,0,0
0,0,1423,577,547,94,205,90,73,12,24,1,1,0,1,1,0
0,4,2165,134,1805,226,0,20,272,27,0,0,1,0,1,0,0
0,1,4893,1049,2551,1293,0,151,350,167,0,0,1,0,1,0,0
0,1,3197,684,1504,1009,0,86,200,137,0,0,1,0,1,0,0
0,4,2893,711,1478,704,0,109,209,90,0,0,1,0,1,1,0
0,0,2151,410,1240,274,227,67,186,33,33,0,1,0,1,0,0
0,4,3814,1014,2362,438,0,167,346,58,0,0,1,0,1,1,0
0,4,3476,1879,648,949,0,222,76,119,0,0,1,0,1,0,0
0,0,4240,1628,2245,346,21,207,275,46,3,1,1,0,1,1,0
0,1,2755,765,842,733,415,114,123,97,68,0,1,0,1,1,0
0,4,4026,0,3843,183,0,0,540,16,0,0,0,0,0,0,1
0,0,4149,788,1886,913,562,89,292,114,92,1,1,0,1,1,0
0,2,1283,175,838,0,270,29,124,0,44,0,1,0,1,1,0
0,1,915,281,65,569,0,38,9,72,0,0,1,0,1,1,0
0,4,4797,1594,3203,0,0,270,540,0,0,0,1,0,1,1,0
0,1,4041,2287,374,1380,0,311,49,176,0,0,1,0,1,0,0
0,7,1034,433,601,0,0,48,92,0,0,0,1,1,1,0,0
0,0,2742,615,1092,710,325,83,146,91,48,0,1,0,1,1,0
0,5,6007,2388,2000,511,1108,361,271,64,141,0,1,0,1,1,0
0,1,910,0,536,221,153,0,74,26,16,1,0,0,0,0,1
0,7,1927,0,1010,0,917,0,120,0,135,0,0,0,0,0,1
0,3,2383,549,1492,342,0,87,207,44,0,1,1,0,1,1,0
0,0,2986,1565,1074,147,200,256,186,20,32,0,1,0,1,1,0
0,2,554,53,332,150,19,10,28,20,3,0,1,0,1,0,0
0,1,3277,931,1665,648,33,142,253,100,3,0,1,0,1,1,0
0,6,1162,0,1162,0,0,0,189,0,0,0,0,0,0,0,0
0,5,2895,489,1718,625,63,57,194,79,10,0,1,0,1,1,0
0,6,2991,0,1732,191,1068,0,202,24,136,0,0,0,0,0,0
0,6,2842,0,887,887,1068,0,128,128,136,0,0,0,0,0,0
0,1,1735,685,826,224,0,96,96,31,0,0,1,0,1,0,0
0,0,1492,423,645,243,181,65,98,40,25,0,1,0,1,1,0
0,1,1659,423,935,301,0,65,133,52,0,0,1,0,1,0,0
0,1,1518,423,958,137,0,65,154,20,0,0,1,0,1,0,0
0,1,6423,931,1184,4275,33,142,187,619,3,0,1,0,1,0,0
0,2,2343,393,840,884,226,65,92,143,31,0,1,0,1,0,0
0,1,1763,0,1677,37,49,0,293,6,7,1,0,0,0,1,0
0,4,2066,493,1573,0,0,77,237,0,0,0,1,0,1,0,0
0,2,3140,558,1227,171,1184,84,179,23,167,1,1,0,1,0,0
0,6,1272,0,567,668,37,0,83,81,7,0,0,0,0,0,0
0,2,2010,0,1695,315,0,0,256,53,0,0,0,0,0,0,0
0,1,1839,520,719,600,0,75,111,67,0,0,1,0,1,0,0
0,0,2604,536,702,1249,117,88,110,171,24,0,1,0,1,0,0
0,0,2545,351,1606,445,143,48,225,58,15,0,1,0,1,1,0
1,0,3062,254,1286,729,793,43,206,105,128,0,1,0,1,1,0
0,2,4754,702,1720,1526,806,110,248,209,116,0,1,0,1,0,0
0,0,477,53,247,158,19,10,37,21,3,0,1,0,1,1,0
0,6,2217,0,1909,231,77,0,254,26,7,0,0,0,0,1,0
0,6,1269,0,609,466,194,0,73,55,21,0,0,0,0,1,0
0,1,692,0,197,370,125,0,33,49,17,1,0,0,0,1,0
0,0,3019,726,897,512,884,83,131,70,115,0,1,0,1,0,0
0,2,2527,0,1378,862,287,0,214,113,33,0,0,0,0,1,0
0,7,1227,433,794,0,0,48,106,0,0,0,1,1,1,0,0
0,1,2687,0,1722,880,85,0,221,104,11,1,0,0,0,0,1
0,0,7746,1669,4040,1633,404,251,554,212,52,0,1,0,1,0,0
0,2,3468,1491,1977,0,0,235,291,0,0,0,1,0,1,0,0
0,0,1423,577,546,95,205,90,72,13,24,1,1,0,1,1,0
0,0,4860,787,1417,1478,1178,111,209,219,171,1,1,0,1,1,0
0,1,936,0,491,302,143,0,80,47,15,1,0,0,0,1,0
0,5,2059,675,435,637,312,115,67,78,39,0,1,0,0,1,0
0,1,2623,684,1222,717,0,86,150,85,0,0,1,0,1,0,0
0,5,4709,808,2825,1076,0,144,379,139,0,0,1,0,1,0,0
0,6,1937,1247,271,419,0,192,46,59,0,0,1,0,1,0,0
0,0,2445,552,963,429,501,71,139,65,63,0,1,0,1,0,0
0,4,2501,362,370,902,867,59,58,116,143,0,1,0,1,1,0
0,5,798,269,471,27,31,40,65,5,3,0,1,0,0,0,0
0,3,2276,0,2276,0,0,0,321,0,0,0,0,0,0,0,0
0,0,3236,726,1042,571,897,83,149,81,117,0,1,0,1,0,0
0,1,2533,0,1307,1058,168,0,183,134,16,1,0,0,0,1,1
0,1,569,0,160,357,52,0,17,50,9,0,0,0,0,1,0
0,7,1796,0,618,1178,0,0,85,155,0,0,0,0,0,0,0
0,1,2848,0,1182,526,1140,0,208,64,195,0,0,0,1,0,0
0,1,2570,717,1143,244,466,120,164,39,67,0,1,0,1,1,0
0,0,4855,2559,766,1430,100,424,109,194,9,0,1,0,1,0,0
0,0,2570,1460,646,201,263,199,106,32,44,0,1,0,1,1,0
0,1,3326,874,422,2030,0,155,64,271,0,0,1,0,1,1,0
0,0,3029,742,729,1426,132,108,90,169,11,0,1,0,1,0,0
0,4,778,70,708,0,0,1,87,0,0,0,1,0,1,0,0
0,1,275,0,112,121,42,0,16,14,5,0,0,0,0,0,0
0,2,583,53,381,130,19,10,33,18,3,0,1,0,1,1,0
1,7,727,0,391,336,0,0,58,47,0,0,0,0,1,0,0
0,0,4952,614,2155,1401,782,85,274,190,97,0,1,0,1,0,0
0,2,3523,1384,1490,649,0,213,216,80,0,0,1,0,1,0,0
0,2,583,53,381,130,19,10,33,18,3,0,1,0,1,1,0
0,1,3316,377,2239,700,0,60,283,86,0,0,1,0,1,0,0
0,2,583,53,381,130,19,10,33,18,3,0,1,0,1,1,0
0,1,4708,1208,1694,1531,275,155,233,247,37,0,1,0,1,1,0
0,1,3147,0,866,2144,137,0,122,260,13,0,0,0,0,0,0
0,4,2486,251,1393,424,418,52,206,64,56,0,1,0,1,0,0
0,3,3566,1385,1988,193,0,216,263,29,0,0,1,0,1,0,0
0,7,761,433,328,0,0,48,50,0,0,0,1,1,1,0,0
0,3,2314,885,938,491,0,141,134,68,0,0,1,0,1,1,0
0,8,3370,0,3370,0,0,0,466,0,0,0,0,0,0,1,0
0,8,3842,0,3842,0,0,0,548,0,0,0,0,0,0,0,0
0,8,1645,0,1645,0,0,0,233,0,0,0,0,0,0,0,0
0,1,1714,0,648,845,221,0,107,116,38,0,0,0,1,0,0
0,5,2674,885,1292,497,0,141,195,78,0,0,1,1,1,1,0
0,3,2573,0,2222,90,261,0,356,14,35,0,0,0,0,1,0
0,4,2181,885,1019,277,0,141,148,38,0,0,1,0,1,1,0
0,7,1102,979,123,0,0,144,23,0,0,0,1,0,1,1,0
0,3,4127,885,474,809,1959,141,65,108,308,0,1,1,1,1,0
0,7,493,0,151,342,0,0,17,47,0,0,0,0,0,1,0
0,6,3372,1247,396,1729,0,192,62,253,0,0,1,0,1,0,0
0,0,7116,1508,4639,860,109,239,630,107,11,0,1,0,1,1,0
0,5,2156,269,1545,312,30,40,208,51,3,0,1,0,0,0,0
0,1,2499,505,1174,820,0,79,184,106,0,0,1,0,1,1,0
0,0,1807,321,929,501,56,46,123,50,6,0,1,0,1,0,0
0,0,4952,614,2155,1401,782,85,274,190,97,0,1,0,1,0,0
0,3,2935,838,580,1517,0,131,93,214,0,0,1,0,1,1,0
0,0,3040,1251,723,544,522,201,128,87,76,1,1,0,1,1,0
0,1,1541,0,992,396,153,0,136,45,16,1,0,0,0,0,1
0,1,2907,0,920,920,1067,0,106,106,136,1,0,0,0,0,0
0,0,1120,133,796,3,188,19,129,1,25,0,1,0,1,1,0
0,5,2932,885,1252,795,0,141,194,111,0,0,1,1,1,1,0
0,5,1170,269,706,164,31,40,90,26,3,0,1,0,0,0,0
0,5,1915,651,447,332,485,107,62,50,70,0,1,0,1,0,0
0,5,1029,269,572,157,31,40,74,26,3,0,1,0,0,0,0
0,1,1663,940,475,248,0,125,63,34,0,0,1,0,1,0,0
0,4,704,0,704,0,0,0,114,0,0,1,0,0,0,0,0
0,4,782,550,232,0,0,76,24,0,0,0,1,0,1,0,0
0,6,2852,0,1844,913,95,0,251,125,14,0,0,0,0,1,0
0,1,1014,692,232,90,0,115,37,10,0,0,1,0,1,0,0
0,1,2684,684,1218,782,0,86,150,95,0,0,1,0,1,0,0
0,1,1108,692,242,174,0,115,35,22,0,0,1,0,1,0,0
0,5,3077,943,1427,161,546,132,208,23,72,0,1,0,1,0,0
0,6,2870,0,1708,843,319,0,232,97,33,0,0,0,0,1,0
0,2,1999,134,466,702,697,20,81,105,104,1,1,0,1,1,0
0,6,1920,0,1026,832,62,0,139,106,9,0,0,0,0,1,0
0,2,754,0,514,122,118,0,68,17,19,0,0,0,0,1,0
0,1,1965,0,771,1131,63,0,109,143,7,0,0,0,0,0,0
0,0,2665,532,1615,492,26,92,236,71,4,0,1,0,1,1,0
0,8,2637,0,2637,0,0,0,348,0,0,0,0,0,0,0,0
0,7,938,0,929,0,9,0,142,0,2,0,0,0,0,0,0
0,5,3077,943,1427,161,546,132,208,23,72,0,1,0,1,0,0
0,5,4349,2425,686,944,294,370,95,133,38,0,1,0,1,1,0
0,5,1520,675,468,112,265,115,72,9,32,0,1,0,0,1,0
0,5,3077,943,1427,161,546,132,208,23,72,0,1,0,1,0,0
0,4,1081,659,123,299,0,104,23,44,0,0,1,0,1,1,0
0,5,3077,943,1427,161,546,132,208,23,72,0,1,0,1,0,0
0,0,554,53,324,158,19,10,25,21,3,0,1,0,1,1,0
0,0,6319,2301,1272,896,1850,320,151,128,277,0,1,0,1,1,0
0,6,2260,336,1092,832,0,55,164,103,0,0,1,0,1,1,0
0,5,2371,310,841,1220,0,53,132,180,0,0,1,0,1,1,0
0,0,1962,532,524,529,377,87,76,87,60,0,1,0,1,1,0
0,7,655,516,139,0,0,76,25,0,0,0,1,1,1,0,0
0,0,1951,829,1020,70,32,131,142,9,4,0,1,0,1,1,0
0,0,3075,746,1746,291,292,127,278,47,35,0,1,0,1,1,0
0,0,554,53,324,158,19,10,25,21,3,0,1,0,1,1,0
0,1,3523,606,2080,528,309,86,310,72,37,0,1,0,1,0,0
0,1,1592,0,1110,439,43,0,157,64,6,1,0,1,0,1,0
0,6,1586,955,448,183,0,135,63,19,0,0,1,0,1,1,0
0,1,3323,1385,887,1051,0,216,118,149,0,0,1,0,1,0,0
0,5,3077,943,1427,161,546,132,208,23,72,0,1,0,1,1,0
0,1,2618,684,1220,714,0,86,152,86,0,0,1,0,1,0,0
0,2,1639,879,335,243,182,141,45,31,19,0,1,0,1,1,0
0,5,3055,943,1427,139,546,132,208,22,72,0,1,0,1,1,0
0,5,3055,943,1427,139,546,132,208,22,72,0,1,0,1,1,0
0,3,1777,879,552,346,0,141,83,24,0,0,1,0,1,1,0
0,5,3055,943,1427,139,546,132,208,22,72,0,1,0,1,1,0
1,7,727,0,391,336,0,0,58,47,0,0,0,0,1,0,0
0,7,923,0,884,39,0,0,121,6,0,0,0,0,0,0,1
0,6,2053,0,2031,22,0,0,129,3,0,0,0,0,0,1,1
0,8,2327,0,2327,0,0,0,318,0,0,0,0,0,0,0,0
0,4,502,0,427,56,19,0,72,8,2,1,0,0,0,0,0
0,1,1584,829,674,64,17,131,100,9,2,0,1,0,1,1,0
0,2,1361,570,399,392,0,77,65,48,0,0,1,0,1,0,0
0,5,2265,0,1280,985,0,0,174,119,0,0,0,0,0,0,0
0,4,1649,281,1014,347,7,33,119,53,2,0,1,0,1,0,0
0,4,2966,1050,1438,478,0,155,216,74,0,0,1,0,1,1,0
0,4,2928,228,1384,1316,0,32,170,174,0,0,1,0,0,0,0
0,1,1367,979,81,307,0,144,11,42,0,0,1,0,1,1,0
0,5,3033,943,1441,103,546,132,209,14,72,0,1,0,1,1,0
0,5,3035,943,1443,103,546,132,209,14,72,0,1,0,1,1,0
0,5,3092,943,1442,161,546,132,209,23,72,0,1,0,1,1,0
1,5,2797,0,2485,272,40,0,301,33,6,0,0,0,0,0,0
0,6,2293,1247,443,603,0,192,67,88,0,0,1,0,1,0,0
0,2,2929,911,1515,503,0,128,242,65,0,1,1,0,1,0,0
0,5,3034,943,1442,103,546,132,209,14,72,0,1,0,1,1,0
0,1,5345,2676,1292,1104,273,392,163,129,32,0,1,0,1,1,0
0,1,2253,361,1569,323,0,57,228,48,0,1,1,0,1,1,0
0,3,4256,1208,2273,528,247,155,314,69,32,0,1,0,1,1,0
0,1,4196,1484,1852,555,305,240,277,63,43,0,1,0,1,1,0
1,3,1747,416,1331,0,0,63,205,0,0,0,1,0,1,0,0
0,3,285,138,126,21,0,21,11,1,0,0,1,0,1,0,0
0,2,4350,1031,2178,1073,68,133,300,127,12,0,1,0,1,1,0
0,1,2234,134,329,981,790,20,59,146,102,0,1,0,1,1,0
0,1,2958,470,2007,450,31,68,300,64,4,0,1,0,1,1,0
0,5,727,129,504,35,59,17,72,5,8,0,1,0,1,1,0
0,7,3347,684,2663,0,0,108,382,0,0,0,1,0,1,0,0
0,1,4056,684,2323,1049,0,86,314,127,0,0,1,0,1,0,0
1,3,3202,548,1781,620,253,82,255,82,27,0,1,0,1,1,0
0,1,2003,281,609,1110,3,33,79,152,1,0,1,0,1,1,0
0,0,2879,553,1672,369,285,72,209,34,30,0,1,0,1,1,0
0,2,4626,873,1181,2523,49,121,164,303,7,1,1,0,1,1,0
0,7,1911,545,1366,0,0,89,185,0,0,0,1,0,0,0,0
0,0,2447,720,973,600,154,126,137,75,20,0,1,0,1,1,0
1,1,2579,333,859,1205,182,48,121,166,20,1,1,0,1,1,0
0,7,1662,0,408,1254,0,0,53,169,0,0,0,0,1,0,0
0,0,2995,726,839,548,882,83,131,75,113,0,1,0,1,0,0
0,1,3247,684,1899,664,0,86,244,84,0,0,1,0,1,0,0
0,5,1020,228,792,0,0,32,138,0,0,0,1,0,0,0,0
0,0,4710,1820,1824,702,364,327,284,90,57,0,1,0,1,1,0
0,0,1888,720,652,379,137,126,96,51,17,0,1,0,1,1,0
0,1,971,175,560,162,74,29,85,22,7,0,1,0,1,1,0
0,2,3483,977,1207,925,374,128,153,131,32,0,1,0,0,0,0
0,0,4142,874,1893,1270,105,155,270,183,20,0,1,0,1,1,0
0,0,5173,1078,2853,1200,42,137,386,156,5,0,1,0,1,1,0
0,3,2241,0,1774,467,0,0,224,62,0,0,0,0,1,1,0
1,2,1507,0,230,1277,0,0,31,169,0,1,0,0,0,0,0
0,2,3736,1958,946,319,513,335,154,45,80,0,1,0,1,0,0
0,1,1544,829,633,65,17,131,97,9,2,0,1,1,1,1,0
0,1,3017,684,1456,877,0,86,199,101,0,0,1,0,1,0,0
0,1,2198,0,1042,619,537,0,179,65,97,0,0,0,0,1,0
0,6,2505,1376,623,506,0,165,90,70,0,0,1,0,1,1,0
0,2,3598,452,2377,769,0,67,319,108,0,0,1,0,1,1,0
1,0,2880,636,1258,680,306,95,191,99,48,1,1,0,1,1,0
0,3,1508,829,572,91,16,131,78,15,2,0,1,0,1,1,0
0,6,726,0,313,187,226,0,48,29,35,0,0,0,0,1,0
0,6,2331,1247,486,598,0,192,77,94,0,0,1,0,1,0,0
0,1,2163,549,1238,376,0,87,192,43,0,0,1,0,1,1,0
0,7,1540,829,711,0,0,131,100,0,0,0,1,0,1,0,0
0,1,1535,879,581,61,14,141,79,8,2,0,1,0,1,1,0
0,3,1655,536,683,436,0,73,99,59,0,0,1,0,1,0,0
0,3,3420,0,2329,1091,0,0,275,122,0,0,0,0,1,1,0
0,3,4544,879,2728,937,0,141,366,114,0,0,1,0,1,1,0
0,4,2479,321,1300,554,304,45,175,77,37,0,1,0,1,1,0
0,7,1378,1018,360,0,0,141,44,0,0,0,1,0,1,0,0
0,3,1853,829,866,142,16,131,128,25,2,0,1,0,1,1,0
0,3,3410,1376,496,1215,323,226,64,149,32,0,1,0,1,0,0
0,6,748,0,582,138,28,0,94,16,4,0,0,0,0,1,0
0,0,5457,1025,3303,593,536,148,421,70,81,0,1,0,1,1,0
0,0,3681,1078,1918,643,42,137,256,81,5,0,1,0,1,1,0
0,2,3997,874,1039,2084,0,155,142,289,0,0,1,0,1,1,0
0,0,3156,467,1471,1059,159,64,198,147,17,0,1,0,1,1,0
0,1,1386,692,501,193,0,115,63,22,0,0,1,0,1,0,0
0,7,3240,2023,1217,0,0,282,156,0,0,0,1,0,1,0,0
0,1,1802,0,1592,155,55,0,241,18,8,0,0,0,1,0,0
0,2,3622,1628,1734,260,0,207,222,29,0,1,1,0,1,0,0
0,1,3887,365,1843,426,1253,50,161,53,61,0,1,0,1,1,0
0,6,4281,0,3741,479,61,0,565,68,8,0,0,0,1,0,0
0,1,2311,1025,602,684,0,135,73,94,0,1,1,0,1,1,0
0,1,1802,1025,221,556,0,135,31,65,0,1,1,0,1,1,0
0,1,3245,1628,1596,0,21,207,216,0,3,1,1,0,1,1,0
0,0,3991,1628,2082,260,21,207,256,29,3,1,1,0,1,1,0
0,4,1095,0,1095,0,0,0,175,0,0,0,0,0,0,0,0
0,6,881,269,518,94,0,42,81,11,0,0,1,0,1,1,0
0,6,2883,1843,627,413,0,253,99,63,0,0,1,0,1,1,0
0,2,1978,313,340,975,350,37,45,131,51,0,1,0,1,1,0
0,3,2152,452,1054,646,0,67,161,94,0,1,1,0,1,0,0
1,1,2251,0,597,1087,567,0,99,137,81,1,0,0,0,0,1
0,1,3908,1306,950,892,760,175,150,105,100,1,1,0,1,1,0
0,1,2421,1085,892,86,358,163,147,12,64,0,1,0,1,0,0
0,8,354,0,354,0,0,0,57,0,0,0,0,0,0,1,0
0,7,801,0,341,460,0,0,41,61,0,0,0,0,0,1,0
0,7,2484,0,904,1580,0,0,155,213,0,0,0,0,0,1,0
0,7,1197,0,478,719,0,0,75,98,0,0,0,0,0,0,0
0,7,1117,0,362,755,0,0,50,106,0,0,0,0,0,0,0
0,8,410,0,410,0,0,0,48,0,0,0,0,0,0,0,0
0,0,3086,579,589,1428,490,87,92,191,55,0,1,0,1,1,0
0,1,1555,829,639,70,17,131,96,10,2,0,1,0,1,1,0
0,0,554,53,324,158,19,10,25,21,3,0,1,0,1,1,0
0,5,3138,281,1926,928,3,33,255,84,1,0,1,0,1,1,0
0,2,3257,1344,1697,216,0,222,269,29,0,1,1,0,1,0,0
1,2,1900,0,819,1018,63,0,123,137,7,0,0,0,1,1,0
0,0,1905,829,1020,34,22,131,142,5,3,0,1,0,1,1,0
0,7,2412,0,972,1440,0,0,141,235,0,0,0,0,0,1,0
0,5,953,213,427,196,117,32,59,22,10,0,1,0,1,1,0
0,7,3797,684,3113,0,0,108,438,0,0,0,1,0,1,0,0
0,0,4520,1441,1180,877,1022,176,187,133,156,0,1,0,1,1,0
0,2,3460,1491,1969,0,0,235,297,0,0,0,1,0,1,0,0
0,0,2116,651,589,495,381,107,86,77,65,0,1,0,1,0,0
0,7,2727,0,1384,1343,0,0,195,225,0,0,0,1,0,1,0
0,3,3855,310,2693,708,144,53,387,109,26,1,1,0,1,1,0
1,3,3515,2197,564,534,220,319,86,87,28,1,1,0,1,1,0
0,2,1402,175,1109,0,118,29,168,0,10,0,1,0,1,1,0
1,1,2820,402,1801,617,0,62,210,68,0,0,1,0,1,0,0
0,5,3605,1091,654,1785,75,175,104,247,10,0,1,0,1,1,0
0,2,2718,560,1558,600,0,98,213,84,0,0,1,0,1,1,0
0,2,5658,298,3306,1769,285,42,459,219,42,0,1,0,1,1,0
0,6,2861,839,1180,842,0,130,178,104,0,0,1,0,1,1,0
0,5,4090,1091,1455,598,946,175,221,79,121,0,1,0,1,1,0
0,5,4181,1091,1546,598,946,175,233,79,121,0,1,0,1,1,0
0,1,2949,684,1455,810,0,86,197,92,0,0,1,0,1,0,0
0,2,3351,1491,1860,0,0,235,271,0,0,0,1,0,1,0,0
0,2,3199,1491,1708,0,0,235,226,0,0,0,1,0,1,0,0
1,6,846,0,174,498,174,0,31,67,15,0,0,0,1,1,0
0,0,2965,352,1306,906,401,57,217,123,62,1,1,0,1,1,0
0,7,2166,445,1721,0,0,58,225,0,0,0,1,0,1,1,0
0,2,2808,746,1278,509,275,127,197,81,37,0,1,0,1,1,0
0,7,4058,0,1317,2741,0,0,216,385,0,0,0,0,0,1,0
0,5,1026,137,231,550,108,22,40,87,13,0,1,0,1,1,0
0,2,583,53,381,130,19,10,33,18,3,0,1,0,1,1,0
0,6,2913,1091,1126,696,0,175,183,70,0,0,1,0,1,1,0
0,5,1051,325,409,205,112,51,51,25,7,0,1,0,1,0,1
0,6,1828,955,559,314,0,135,69,38,0,0,1,0,1,1,0
0,1,953,0,173,736,44,0,26,94,6,1,0,0,0,0,0
0,7,1277,0,920,357,0,0,113,48,0,0,0,0,1,0,0
0,6,3377,1247,396,1734,0,192,62,254,0,0,1,0,1,0,0
0,2,2175,494,866,634,181,87,156,116,31,0,1,0,1,1,0
0,7,2715,0,1385,1330,0,0,195,217,0,0,0,0,0,1,0
0,1,1822,0,1105,527,190,0,158,71,26,1,0,0,0,0,0
0,6,1398,0,400,782,216,0,58,114,22,0,0,0,0,0,0
0,5,2385,1294,117,844,130,170,18,114,24,0,1,0,1,1,0
0,2,4047,536,1832,1265,414,88,279,188,54,0,1,0,1,0,0
0,1,4723,1319,2100,919,385,147,303,141,55,0,1,0,1,0,0
0,5,3107,228,1007,1872,0,32,114,242,0,0,1,0,0,0,0
0,2,3093,1344,1749,0,0,222,283,0,0,1,1,0,1,0,0
0,7,1158,129,1029,0,0,17,153,0,0,0,1,0,1,0,0
0,1,878,133,632,113,0,19,95,19,0,0,1,0,1,0,0
1,2,4892,1545,2047,1300,0,226,316,141,0,0,1,0,1,0,0
0,0,4585,651,2621,925,388,107,361,120,57,0,1,0,1,1,0
0,0,2099,773,875,184,267,120,134,19,39,0,1,0,1,1,0
0,3,3299,0,2494,805,0,0,339,110,0,1,0,0,0,1,0
0,7,1115,672,443,0,0,96,73,0,0,0,1,0,1,1,0
0,0,2262,829,1123,201,109,131,158,27,13,1,1,0,1,1,0
0,2,2159,0,1903,256,0,0,292,26,0,0,0,0,1,1,0
0,0,3217,726,1106,495,890,83,167,62,117,0,1,0,1,1,0
0,0,1647,352,556,604,135,57,83,83,23,0,1,0,1,0,0
0,0,824,675,80,26,43,108,15,3,7,0,1,0,1,1,0
0,5,995,228,767,0,0,32,121,0,0,0,1,0,0,0,0
0,2,3839,1390,1703,746,0,196,252,100,0,0,1,0,0,1,0
0,0,755,211,287,142,115,29,47,18,14,1,1,0,1,0,0
0,5,1073,511,562,0,0,73,75,0,0,0,1,0,1,1,0
0,0,2525,552,836,775,362,71,95,109,53,0,1,0,1,0,0
0,2,2518,1230,851,437,0,184,137,60,0,0,1,0,1,0,0
1,7,2364,0,1556,808,0,0,216,116,0,0,0,0,0,0,0
0,6,1914,0,1349,476,89,0,191,61,7,0,0,0,0,1,0
0,1,1613,829,677,90,17,131,99,15,2,0,1,0,1,1,0
0,0,6574,1286,2357,2257,674,153,356,324,96,1,1,0,1,1,0
0,1,1863,228,402,1233,0,32,66,150,0,0,1,0,0,0,0
0,3,3371,0,2486,885,0,0,335,122,0,1,0,0,0,1,0
0,3,1115,0,1115,0,0,0,175,0,0,1,0,0,0,0,0
0,4,1496,134,767,391,204,20,109,56,32,0,1,0,1,1,0
0,3,4090,536,1154,2400,0,73,196,341,0,0,1,0,1,0,0
1,7,1458,0,1140,318,0,0,147,45,0,0,0,0,0,1,0
1,1,3299,333,978,1806,182,48,135,257,20,0,1,0,1,1,0
0,2,2709,1439,597,673,0,212,78,87,0,0,1,0,1,0,0
0,7,1249,0,961,288,0,0,129,35,0,0,0,0,0,1,0
0,3,4985,769,2474,210,1532,112,421,18,242,0,1,0,1,1,0
0,0,5518,1057,2079,461,1921,125,302,64,282,0,1,0,1,1,0
0,0,2445,660,1065,466,254,112,151,52,31,0,1,0,1,0,0
0,0,2530,537,1582,357,54,78,218,39,8,1,1,0,1,1,0
0,8,1207,0,1207,0,0,0,159,0,0,0,0,0,0,1,0
0,1,2813,839,1099,875,0,130,172,121,0,1,1,0,1,1,0
0,5,2969,310,718,1851,90,53,117,283,11,0,1,0,1,1,0
0,7,1785,0,843,942,0,0,123,123,0,0,0,0,0,0,0
0,1,3108,684,1711,713,0,86,225,75,0,0,1,0,1,0,0
0,2,2140,437,734,969,0,61,116,131,0,0,1,0,1,1,0
0,6,1626,0,700,828,98,0,108,115,18,0,0,0,0,0,1
0,1,2498,606,1106,579,207,84,188,92,37,0,1,0,1,0,0
0,0,3046,726,755,668,897,83,113,100,117,0,1,0,1,0,0
0,1,6236,0,4141,1787,308,0,515,225,28,1,0,0,0,1,0
0,0,2844,1187,802,427,428,184,116,62,64,1,1,0,1,0,0
0,0,2788,1174,853,490,271,171,123,63,35,1,1,0,1,1,0
0,6,1016,575,238,203,0,86,35,31,0,0,1,0,1,0,0
0,8,697,0,697,0,0,0,79,0,0,0,0,0,0,0,0
0,2,2549,1073,796,680,0,154,108,119,0,0,1,0,1,1,0
0,3,682,0,682,0,0,0,124,0,0,0,0,0,1,1,1
1,3,3174,2197,728,128,121,319,109,21,17,1,1,0,1,1,0
0,0,5866,1078,3664,1082,42,137,486,147,5,0,1,0,1,1,0
0,0,2705,825,1518,327,35,147,256,39,5,1,1,0,1,1,0
0,0,554,53,324,158,19,10,25,21,3,0,1,0,1,1,0
1,0,3569,439,2917,207,6,71,384,28,1,0,1,0,1,1,0
0,1,2651,717,1191,277,466,120,171,43,67,0,1,0,1,1,0
0,1,878,133,632,113,0,19,95,19,0,0,1,0,1,0,0
0,1,2129,228,316,1585,0,32,48,209,0,0,1,0,0,0,0
0,3,2144,815,898,431,0,121,129,61,0,0,1,0,1,1,0
0,5,1893,418,491,903,81,73,70,131,11,0,1,0,1,1,0
0,1,1480,829,546,89,16,131,78,15,2,0,1,0,1,0,0
0,0,1596,365,755,282,194,51,126,34,26,0,1,0,1,1,0
0,0,3238,1068,767,335,1068,136,86,42,136,1,1,0,1,0,0
0,7,1458,0,1140,318,0,0,147,45,0,0,0,0,0,1,0
0,1,1807,321,929,501,56,46,123,50,6,0,1,0,1,0,0
0,1,2609,1068,315,158,1068,136,38,19,136,1,1,0,1,0,0
0,1,4123,725,2368,1030,0,119,303,125,0,0,1,0,1,0,0
0,2,4244,1482,934,1686,142,209,119,206,16,0,1,0,1,0,0
0,4,1130,0,330,800,0,0,40,106,0,0,0,0,0,1,0
1,2,3195,0,1554,1641,0,0,227,270,0,0,0,0,0,0,0
0,3,4765,1050,2742,723,250,155,350,107,37,0,1,0,1,1,0
0,0,3370,422,2472,370,106,68,332,45,11,0,1,0,1,0,0
0,0,3623,1068,846,641,1068,136,107,85,136,1,1,0,1,0,0
0,1,2710,888,726,1096,0,136,94,140,0,0,1,0,1,0,0
0,0,1425,577,547,95,206,90,73,13,24,1,1,0,1,1,0
0,0,645,53,456,117,19,10,50,15,3,0,1,0,1,1,0
0,6,1085,228,857,0,0,32,108,0,0,0,1,0,0,0,0
0,0,1490,321,434,310,425,46,60,38,61,0,1,0,1,0,0
1,6,1477,0,816,451,210,0,118,70,34,0,0,0,1,1,0
0,1,2093,599,1054,344,96,93,147,44,15,0,1,0,1,0,0
0,0,3137,1441,914,735,47,220,122,94,8,0,1,0,1,1,0
0,1,3234,651,1298,1008,277,107,211,160,40,0,1,0,1,0,0
0,6,1301,0,291,969,41,0,47,112,5,0,0,0,0,1,0
0,0,4641,1049,2389,846,357,151,321,104,51,0,1,0,1,0,0
0,0,1977,763,556,75,583,111,65,9,78,0,1,0,0,0,0
0,5,2296,134,758,435,969,20,101,54,136,0,1,0,1,1,0
0,2,2803,1332,712,759,0,184,99,111,0,0,1,0,1,0,0
0,0,2122,763,1038,200,121,111,131,24,16,0,1,0,0,0,0
0,4,1147,0,909,238,0,0,117,36,0,0,0,0,1,0,0
0,5,2897,134,760,1641,362,20,107,231,51,0,1,1,1,1,0
0,3,3608,1025,783,546,1254,148,106,71,156,0,1,0,1,0,0
0,0,3283,1181,855,902,345,121,116,126,52,0,1,0,1,0,0
1,5,1875,1294,115,336,130,170,18,41,24,0,1,0,1,1,0
0,0,2726,1126,601,856,143,163,85,106,20,0,1,0,1,1,0
0,3,2192,673,857,662,0,97,138,96,0,0,1,0,1,1,0
1,0,4283,489,2536,1070,188,74,378,156,25,0,1,0,1,0,0
0,3,3350,1879,547,924,0,222,62,117,0,0,1,0,1,0,0
0,3,7416,699,1329,2989,2399,104,202,372,309,0,1,0,1,0,0
0,0,2530,1126,940,216,248,163,123,24,36,0,1,0,1,1,0
0,6,1188,333,421,434,0,47,71,45,0,0,1,0,1,0,0
0,4,989,0,497,492,0,0,64,65,0,1,0,0,0,0,1
0,3,557,0,244,158,155,0,38,20,17,0,0,0,1,1,0
0,2,818,0,481,314,23,0,69,54,4,1,0,0,0,0,0
0,6,3419,0,1604,1404,411,0,269,191,75,0,0,0,0,0,0
0,6,1483,336,717,430,0,55,110,55,0,0,1,0,1,1,0
0,8,800,0,800,0,0,0,125,0,0,0,0,0,0,0,1
0,5,4577,2676,693,981,227,392,93,110,32,0,1,0,1,1,0
0,1,5952,2676,1672,1318,286,392,238,163,43,0,1,0,1,1,0
0,1,1859,706,1087,66,0,111,162,8,0,0,1,0,1,0,0
0,4,1916,445,1019,274,178,66,131,36,24,0,1,0,1,1,0
0,4,2945,816,1068,543,518,129,166,75,87,0,1,0,1,1,0
0,0,2556,321,1385,788,62,46,202,110,10,0,1,0,1,0,0
0,6,3223,336,2321,566,0,55,339,74,0,0,1,0,1,0,0
0,6,1934,0,750,505,679,0,116,66,109,0,0,0,0,1,0
0,6,1756,0,677,397,682,0,108,56,110,0,0,0,0,1,0
0,6,1625,0,581,365,679,0,77,45,109,0,0,0,0,1,0
0,1,1536,829,620,70,17,131,95,10,2,0,1,0,1,1,0
0,5,2946,702,647,800,797,110,109,92,116,0,1,0,1,0,0
0,6,3055,0,697,1678,680,0,111,231,110,0,0,0,0,1,0
0,6,1165,0,976,54,135,0,162,7,30,0,0,0,0,0,1
0,0,2157,829,1107,126,95,131,184,10,12,1,1,0,1,1,0
0,8,110,0,110,0,0,0,17,0,0,0,0,0,0,1,1
0,3,3752,0,2390,261,1101,0,346,37,167,0,0,0,0,0,1
0,1,1812,321,933,504,54,46,121,51,5,0,1,0,1,0,0
0,1,2197,1059,858,280,0,163,119,40,0,1,1,0,1,1,0
1,7,6263,3899,2364,0,0,562,302,0,0,0,1,0,1,1,0
0,7,3873,0,2977,896,0,0,433,121,0,0,0,0,0,1,0
0,1,9496,1630,7364,443,59,208,931,57,12,0,1,0,1,1,0
0,5,850,47,716,32,55,9,122,4,10,0,1,0,1,1,1
0,0,853,312,410,101,30,36,51,13,5,0,1,0,1,1,1
0,0,891,312,494,55,30,36,61,8,5,0,1,0,1,1,1
0,2,3242,343,2243,656,0,56,309,82,0,1,1,0,1,0,1
0,0,3913,1042,1432,743,696,178,220,100,111,0,1,0,1,1,0
0,1,919,185,538,196,0,25,69,26,0,0,1,0,1,0,0
0,2,1047,0,881,166,0,0,126,29,0,1,0,0,0,1,0
0,5,4898,2676,1084,850,288,392,152,101,43,0,1,0,1,1,0
0,7,889,734,155,0,0,119,31,0,0,0,1,1,1,0,0
0,6,2070,0,1421,103,546,0,207,14,72,0,0,0,0,1,1
1,6,939,0,481,207,251,0,67,37,34,0,0,0,0,0,1
0,6,1277,0,802,262,213,0,117,37,32,0,0,0,0,1,0
1,6,1573,0,1357,103,113,0,197,11,19,0,0,0,0,1,0
0,6,3890,0,1105,643,2142,0,126,85,306,0,0,0,0,0,0
0,5,1868,255,941,528,144,39,145,96,24,0,1,0,1,1,0
0,7,4037,0,3758,279,0,0,482,39,0,0,0,0,0,1,0
0,5,5191,1286,1010,1088,1807,153,153,142,309,0,1,0,1,1,0
0,6,2405,1091,1038,276,0,175,124,33,0,0,1,0,1,1,0
0,1,2281,684,933,664,0,86,123,87,0,0,1,0,1,0,0
0,6,2981,0,863,2009,109,0,131,244,12,0,0,0,0,1,0
0,6,2742,0,804,916,1022,0,122,97,144,0,0,0,0,0,0
0,5,1608,300,638,548,122,41,100,67,14,0,1,0,1,1,0
0,1,4575,614,1527,1522,912,85,187,198,115,0,1,0,1,0,0
0,5,2885,489,955,1359,82,76,135,192,10,0,1,0,1,1,0
0,0,5299,2676,1290,1086,247,392,163,129,30,0,1,0,1,1,0
0,7,4253,0,3209,1044,0,0,482,131,0,0,0,0,0,1,0
0,1,1701,711,745,217,28,109,116,35,6,0,1,0,1,1,0
0,7,2072,0,780,1292,0,0,98,164,0,0,0,0,0,1,0
0,5,1188,225,224,585,154,36,36,71,15,0,1,0,1,1,0
0,6,2233,336,868,1029,0,55,118,126,0,0,1,0,1,0,0
0,6,2848,536,1438,874,0,92,192,109,0,0,1,0,1,1,0
0,0,3968,792,888,543,1745,79,115,64,260,0,1,0,1,1,1
0,2,836,175,661,0,0,29,99,0,0,0,1,0,1,1,0
0,1,4142,1139,1931,700,372,183,324,121,63,1,1,0,1,0,0
0,5,1158,225,224,586,123,36,36,59,10,0,1,0,1,1,0
0,2,2835,1025,878,318,614,148,109,41,76,0,1,1,1,0,0
0,0,2188,585,1275,256,72,93,220,40,8,1,1,0,0,1,0
0,1,4520,936,2928,656,0,140,397,82,0,0,1,0,1,1,0
0,3,959,0,803,156,0,0,125,25,0,1,0,0,0,1,0
0,1,2951,1441,770,740,0,220,99,103,0,0,1,0,1,1,0
0,8,1032,0,1032,0,0,0,151,0,0,0,0,0,1,0,0
0,5,1364,904,270,130,60,105,45,14,5,0,1,0,0,0,0
0,6,3841,336,1288,2217,0,55,156,276,0,0,1,0,1,0,0
0,1,2247,532,1126,589,0,92,141,68,0,1,1,0,1,1,0
1,0,1587,479,434,543,131,67,64,74,17,1,1,0,1,1,0
0,5,1157,225,224,586,122,36,36,59,11,0,1,0,1,1,0
0,5,1166,225,224,586,131,36,36,59,11,0,1,0,1,1,0
0,5,1184,225,225,585,149,36,36,71,16,0,1,0,1,1,0
0,2,1911,267,766,764,114,49,116,113,19,0,1,0,1,1,0
0,2,583,53,381,130,19,10,33,18,3,0,1,0,1,1,0
0,4,3138,532,1081,1525,0,82,152,218,0,0,1,0,1,1,0
0,5,1760,955,439,261,105,135,61,33,13,0,1,0,1,1,0
0,1,1542,829,626,70,17,131,97,10,2,0,1,0,1,1,0
0,0,2253,410,1335,234,274,67,191,27,40,0,1,0,1,0,0
0,6,1095,0,577,149,369,0,100,22,57,0,0,0,0,0,1
0,6,1244,228,1016,0,0,32,133,0,0,0,1,0,0,0,0
0,6,3081,1091,1177,813,0,175,177,125,0,0,1,0,1,1,0
0,6,1271,0,577,149,545,0,100,22,73,0,0,0,0,0,1
0,8,474,0,474,0,0,0,72,0,0,0,0,0,0,1,1
1,3,3823,0,1077,1816,930,0,148,232,149,1,0,0,0,0,0
0,7,1972,560,1412,0,0,98,230,0,0,0,1,0,1,0,0
0,6,1271,0,577,149,545,0,100,22,73,0,0,0,0,0,1
0,6,3759,1052,2154,553,0,162,325,66,0,0,1,0,1,0,0
0,0,4582,792,957,470,2363,79,122,57,356,0,1,0,1,1,1
0,6,1271,0,577,149,545,0,100,22,73,0,0,0,0,0,1
0,6,1271,0,577,149,545,0,100,22,73,0,0,0,0,0,1
0,1,5991,2438,123,3267,163,328,19,474,18,0,1,0,1,1,0
0,1,1536,829,620,70,17,131,95,10,2,0,1,0,1,1,0
0,1,4711,1100,1261,2078,272,180,212,274,48,0,1,0,1,1,0
0,6,1271,0,577,149,545,0,100,22,73,0,0,0,0,0,1
0,6,1271,0,577,149,545,0,100,22,73,0,0,0,0,0,1
0,0,2946,422,2069,331,124,68,290,39,14,0,1,0,1,1,0
0,6,1271,0,577,149,545,0,100,22,73,0,0,0,0,0,1
0,1,2669,477,1625,478,89,63,218,65,12,0,1,0,1,1,0
0,0,2227,829,380,796,222,126,53,100,20,0,1,0,1,0,0
0,6,1036,0,382,98,556,0,61,15,79,0,0,0,0,0,1
0,3,3034,755,2279,0,0,118,300,0,0,0,1,0,1,0,0
0,6,1036,0,382,98,556,0,61,15,79,0,0,0,0,0,1
0,6,1036,0,382,98,556,0,61,15,79,0,0,0,0,0,1
0,6,1036,0,382,98,556,0,61,15,79,0,0,0,0,0,1
0,1,4407,854,1299,2254,0,141,206,303,0,1,1,0,1,1,0
0,6,1036,0,382,98,556,0,61,15,79,0,0,0,0,0,1
0,6,1036,0,382,98,556,0,61,15,79,0,0,0,0,0,1
1,7,1638,0,1385,253,0,0,182,37,0,0,0,0,0,0,1
0,3,2561,281,1811,469,0,33,244,60,0,0,1,0,1,0,0
0,6,1036,0,382,98,556,0,61,15,79,0,0,0,0,0,1
0,6,2514,208,1157,1149,0,29,153,153,0,0,1,0,1,1,0
0,6,2686,208,1455,1023,0,29,169,128,0,0,1,0,1,1,0
0,3,522,0,499,23,0,0,77,5,0,0,0,0,0,0,1
0,5,3138,812,354,1924,48,131,48,262,5,0,1,0,1,1,0
0,0,5466,2676,1556,1062,172,392,212,137,25,0,1,0,1,0,0
0,1,8158,1402,3792,2702,262,182,482,331,44,0,1,0,1,0,0
0,0,3422,614,1011,894,903,85,130,113,115,0,1,0,1,0,0
0,1,2442,907,996,539,0,155,165,81,0,0,1,0,1,1,0
0,1,1440,829,550,44,17,131,80,6,2,0,1,0,1,1,0
0,2,1718,463,876,283,96,67,125,38,15,0,1,0,1,0,0
0,0,3766,516,1388,624,1238,76,177,76,196,0,1,0,1,0,0
0,1,2607,0,340,2011,256,0,53,302,38,1,0,0,1,1,0
0,0,3745,890,1710,488,657,141,262,64,89,0,1,0,1,0,0
0,1,4838,638,2266,1296,638,88,281,158,78,1,1,0,1,1,0
0,4,3691,890,1487,1314,0,141,230,172,0,0,1,0,1,0,0
0,4,1582,0,549,990,43,0,79,123,9,0,0,0,0,1,0
0,2,1348,0,853,495,0,0,110,63,0,0,0,0,1,1,0
0,1,2708,1385,700,623,0,216,92,93,0,0,1,0,1,1,0
0,7,3490,684,2806,0,0,108,383,0,0,0,1,0,1,0,0
0,6,2536,601,1935,0,0,91,268,0,0,0,1,0,1,0,0
0,6,1953,0,1061,777,115,0,148,120,16,0,0,0,0,1,0
0,6,4227,1251,1722,1254,0,201,237,159,0,0,1,0,1,0,0
0,2,3000,1491,1509,0,0,235,246,0,0,0,1,0,1,0,0
0,0,981,204,194,231,352,37,29,43,66,0,1,0,1,1,0
0,2,2099,0,1494,605,0,0,212,83,0,0,0,0,0,0,0
0,1,945,0,547,227,171,0,84,37,27,0,0,1,0,1,0
0,5,3342,228,888,2226,0,32,122,271,0,0,1,0,0,0,0
0,5,1825,651,499,407,268,107,65,47,40,0,1,0,1,1,0
0,1,2459,511,1178,770,0,73,148,94,0,0,1,0,1,1,0
1,6,1965,554,1411,0,0,73,202,0,0,0,1,0,1,1,0
0,3,1787,255,1012,339,181,39,158,47,18,1,1,0,1,1,0
0,0,1731,445,595,533,158,61,82,69,21,0,1,0,1,1,0
0,5,4154,1291,1728,993,142,193,247,116,24,0,1,0,1,1,0
0,0,3055,720,1444,754,137,126,193,93,17,0,1,0,1,1,0
0,0,3211,1042,1023,450,696,178,162,72,111,1,1,0,1,1,0
0,1,2856,917,1357,506,76,132,178,68,10,1,1,0,1,0,1
0,6,606,0,554,40,12,0,89,7,3,0,0,0,0,1,0
0,5,2177,321,262,1178,416,45,42,159,59,0,1,0,1,1,0
0,7,983,0,549,434,0,0,68,53,0,0,0,0,0,1,0
0,3,2525,0,2525,0,0,0,369,0,0,0,0,0,0,0,1
0,0,2328,776,552,598,402,77,69,72,54,0,1,0,1,1,1
0,1,2619,684,1220,715,0,86,150,86,0,0,1,0,1,0,0
0,7,3226,684,2542,0,0,108,334,0,0,0,1,0,1,0,0
0,5,4306,1309,1408,859,730,208,220,117,120,0,1,0,1,1,0
0,1,3303,707,1135,1021,440,105,187,144,58,0,1,0,1,1,0
0,6,1611,0,1032,247,332,0,151,29,48,0,0,0,0,0,1
0,7,3632,0,1040,2592,0,0,128,323,0,0,0,0,0,1,1
0,3,2288,228,1254,806,0,32,177,117,0,0,1,0,0,0,0
0,1,5497,2676,1360,1196,265,392,176,153,40,0,1,0,1,0,0
0,0,3036,695,414,1103,824,120,57,169,132,0,1,0,1,1,0
0,7,3317,0,1038,2279,0,0,126,269,0,0,0,0,0,1,1
0,7,2345,0,1025,1320,0,0,126,146,0,0,0,0,0,1,1
0,5,2230,735,1495,0,0,104,203,0,0,0,1,0,1,0,0
0,7,3283,684,2599,0,0,108,341,0,0,0,1,0,1,0,0
0,1,1421,0,774,508,139,0,126,71,20,1,0,0,1,1,0
0,7,1284,0,1011,273,0,0,125,29,0,0,0,0,0,1,1
0,1,6898,842,4067,1272,717,124,582,166,84,0,1,0,1,0,0
0,4,2854,0,2058,796,0,0,291,98,0,0,0,0,0,0,1
0,7,1434,0,1076,0,358,0,128,0,48,0,0,0,0,0,1
0,7,3403,0,752,2651,0,0,98,308,0,0,0,0,0,0,0
1,0,5350,2676,1303,1102,269,392,165,129,32,0,1,0,1,1,0
0,6,1777,0,941,813,23,0,125,106,3,0,0,0,0,1,0
0,5,2738,506,1348,548,336,73,224,72,53,0,1,0,1,1,0
1,6,1466,0,1274,127,65,0,178,20,11,0,0,0,0,1,0
0,5,2875,321,1271,980,303,45,156,124,42,0,1,0,1,0,0
0,0,2254,477,1237,451,89,63,171,53,12,0,1,0,1,1,0
0,8,895,0,895,0,0,0,127,0,0,0,0,0,0,1,0
0,3,3774,1031,1670,1073,0,133,224,127,0,0,1,0,1,1,0
0,6,1759,310,592,857,0,53,95,111,0,0,1,0,1,1,0
0,6,1655,0,1158,217,280,0,177,30,48,0,0,0,0,1,0
0,1,1933,1466,333,0,134,222,35,0,10,1,1,0,1,0,0
0,3,1700,829,730,125,16,131,101,19,2,0,1,0,1,1,0
1,5,4740,2676,1083,697,284,392,142,89,42,0,1,0,1,1,0
0,4,1806,0,1256,550,0,0,159,60,0,0,0,0,0,0,1
0,2,3872,352,2633,887,0,52,324,111,0,0,1,0,1,1,0
0,0,3221,447,473,1900,401,72,81,247,47,0,1,0,1,0,0
0,5,2135,310,1089,730,6,53,159,116,1,0,1,0,1,0,0
0,0,3696,229,1839,1177,451,33,243,127,68,0,1,0,1,1,0
0,0,3014,986,1707,156,165,132,237,23,20,0,1,0,1,1,0
0,0,2112,487,632,536,457,60,102,70,67,0,1,0,1,1,0
1,6,1975,0,897,900,178,0,136,118,25,0,0,0,0,1,0
0,1,365,53,157,136,19,10,20,18,3,0,1,0,1,1,0
0,5,3451,1294,1491,623,43,170,213,83,6,0,1,0,1,1,0
0,3,814,0,343,300,171,0,42,36,23,0,0,0,0,0,1
0,3,1506,0,1063,443,0,0,147,68,0,0,0,0,0,0,0
0,6,1781,0,1006,480,295,0,156,63,45,0,0,0,0,1,0
0,0,2966,652,1440,770,104,110,243,108,12,1,1,0,1,1,0
0,5,6918,1503,1165,4109,141,209,172,539,21,0,1,0,1,1,0
0,5,2076,282,845,443,506,38,136,57,68,0,1,0,1,1,0
0,6,2359,712,1251,396,0,121,208,48,0,0,1,0,1,1,0
0,2,697,0,612,65,20,0,108,7,1,1,0,0,0,1,0
0,2,3338,558,1467,374,939,84,223,58,123,0,1,0,1,0,0
0,2,2300,387,1325,588,0,63,234,86,0,0,1,0,1,1,0
0,0,4396,975,2891,378,152,147,394,51,18,1,1,0,1,0,0
0,1,3274,614,863,894,903,85,111,113,115,0,1,0,1,0,0
0,2,2268,0,1099,751,418,0,176,96,68,0,0,0,0,1,0
0,1,5171,1820,2395,592,364,327,358,89,54,0,1,0,1,1,0
0,2,1435,651,136,234,414,107,16,31,61,0,1,0,1,1,0
0,0,3797,2676,492,426,203,392,61,50,29,0,1,0,1,0,0
0,2,1408,352,490,566,0,52,73,63,0,0,1,0,1,1,0
0,2,833,0,408,425,0,0,61,55,0,1,0,0,0,0,1
0,1,5005,2676,1358,685,286,392,183,80,42,0,1,0,1,1,0
0,0,2504,624,1247,581,52,87,191,94,4,0,1,0,1,1,0
0,6,1218,485,239,494,0,82,38,53,0,0,1,0,0,1,0
0,2,2481,539,831,261,850,85,118,25,90,0,1,0,1,1,0
0,0,6705,1469,3952,1187,97,203,575,118,12,0,1,0,1,1,0
0,1,4259,506,2780,590,383,73,439,80,60,0,1,0,1,1,0
0,0,1880,408,803,539,130,53,105,65,20,1,1,0,1,1,0
0,1,522,0,123,325,74,0,21,35,10,1,0,0,0,1,0
0,7,1522,1369,153,0,0,218,23,0,0,0,1,1,1,1,0
0,1,2490,474,1111,905,0,63,139,110,0,0,1,0,1,1,0
0,0,1916,255,968,549,144,39,145,102,24,1,1,0,1,1,0
0,5,1320,0,906,414,0,0,136,61,0,0,0,0,1,0,0
0,3,2310,0,806,1435,69,0,101,189,9,0,0,0,0,1,0
0,0,3571,1126,1043,1219,183,163,128,143,29,0,1,0,1,1,0
0,1,3584,0,2512,576,496,0,387,95,84,0,0,0,0,0,0
0,4,1739,904,725,110,0,105,95,18,0,0,1,0,0,0,0
0,1,1115,255,503,316,41,39,80,54,8,1,1,0,1,1,0
0,5,2649,816,979,388,466,129,154,58,76,0,1,0,1,1,0
0,1,2212,0,1453,679,80,0,203,91,10,1,0,0,0,0,0
0,0,1951,296,606,664,385,45,81,98,49,0,1,0,1,1,0
0,1,4584,2206,1230,517,631,350,185,69,105,0,1,0,1,1,0
1,5,472,0,218,254,0,0,30,35,0,0,0,0,0,0,0
0,2,1728,699,625,156,248,100,84,18,32,0,1,0,1,1,0
0,2,674,53,472,130,19,10,48,18,3,0,1,0,1,1,0
0,2,3417,558,1546,374,939,84,236,58,123,0,1,0,1,0,0
0,2,3890,614,1491,882,903,85,194,114,114,0,1,0,1,0,0
0,0,3036,695,414,1103,824,120,57,169,132,0,1,0,1,1,0
0,1,2759,684,1223,852,0,86,155,98,0,0,1,0,1,0,0
0,2,753,0,244,354,155,0,38,46,17,0,0,0,1,1,0
0,6,805,0,244,406,155,0,38,54,17,0,0,0,1,1,0
0,0,2668,651,1131,280,606,107,176,33,82,0,1,0,1,1,0
0,0,3589,844,1697,924,124,117,254,112,10,0,1,0,1,0,0
0,2,999,0,445,399,155,0,61,55,17,0,0,0,1,1,0
0,3,1340,0,883,457,0,0,121,63,0,0,0,0,0,0,1
0,0,2752,987,377,1152,236,158,54,133,32,0,1,0,1,1,0
0,4,1405,310,516,579,0,53,78,78,0,0,1,0,1,1,0
0,0,3108,603,1629,251,625,101,209,28,94,0,1,0,1,0,0
0,2,562,53,332,158,19,10,28,21,3,0,1,0,1,0,0
0,7,1294,0,1101,193,0,0,175,23,0,0,0,0,1,1,0
0,6,1382,355,1027,0,0,58,137,0,0,0,1,0,1,1,0
0,0,6177,2676,1651,1588,262,392,206,202,39,0,1,0,1,1,0
0,1,2764,558,1485,0,721,84,207,0,107,0,1,0,1,0,0
0,1,5290,1057,1353,544,2336,125,192,61,310,0,1,0,1,1,0
0,2,1450,352,647,451,0,52,98,45,0,0,1,0,1,1,0
0,1,2357,0,1086,466,805,0,147,54,111,0,0,0,0,1,1
0,0,1583,321,730,479,53,46,89,62,6,0,1,0,1,0,0
0,2,2118,310,1183,625,0,53,171,92,0,0,1,0,1,1,0
0,2,5201,2388,1349,677,787,361,179,95,131,0,1,0,1,1,0
0,2,4792,649,1053,3090,0,98,148,434,0,0,1,0,1,0,0
0,1,3546,256,2578,515,197,39,395,84,28,1,1,0,0,0,0
0,6,923,844,76,3,0,125,9,1,0,0,1,0,1,0,0
0,1,2237,256,205,1776,0,39,32,271,0,1,1,0,0,0,0
0,2,1293,256,757,280,0,39,114,36,0,1,1,0,0,0,0
1,3,1573,317,749,507,0,52,104,57,0,0,1,0,1,1,0
0,0,3486,1126,1517,684,159,163,203,86,20,0,1,0,1,1,0
0,1,1686,198,1056,432,0,26,145,57,0,1,1,0,1,1,0
0,6,2583,755,1246,582,0,104,165,69,0,0,1,1,1,0,0
0,2,2770,489,1326,841,114,76,197,115,18,0,1,0,1,1,0
0,2,6061,635,5132,294,0,97,687,39,0,0,1,0,1,1,0
0,1,901,0,587,176,138,0,106,34,26,1,0,0,0,0,1
0,1,919,0,564,202,153,0,76,22,16,1,0,0,0,0,1
0,1,2054,505,1199,350,0,79,179,52,0,0,1,0,1,1,0
0,3,1442,0,1442,0,0,0,186,0,0,1,0,0,0,1,0
0,1,849,0,587,176,86,0,106,34,14,1,0,0,0,0,1
0,2,2086,553,987,374,172,72,140,48,18,0,1,0,1,0,0
0,2,1187,387,472,172,156,56,78,25,23,0,1,0,1,1,0
0,4,2362,454,1908,0,0,63,264,0,0,1,1,0,1,1,0
0,5,1831,321,705,503,302,45,99,60,37,0,1,0,1,1,0
0,4,2167,0,478,1689,0,0,69,226,0,0,0,0,0,1,0
0,4,2631,0,2631,0,0,0,379,0,0,0,0,0,0,0,1
0,3,2466,0,2466,0,0,0,358,0,0,0,0,0,0,0,1
0,6,2083,844,872,367,0,125,134,52,0,0,1,0,1,0,0
0,1,878,175,604,0,99,29,91,0,10,0,1,0,1,1,0
0,2,2446,0,1716,730,0,0,248,86,0,0,0,0,0,1,0
0,5,3078,429,1504,620,525,62,224,81,90,0,1,0,1,1,0
0,1,2486,429,868,599,590,62,143,88,101,0,1,0,1,1,0
0,1,2635,0,1903,698,34,0,251,86,8,1,0,0,0,1,0
0,3,2117,321,917,671,208,45,130,90,32,0,1,0,1,0,0
0,0,2480,695,927,509,349,120,136,80,58,0,1,0,1,1,0
0,1,1446,0,502,770,174,0,67,110,28,1,0,0,1,0,0
0,1,1018,175,744,0,99,29,109,0,10,0,1,0,1,1,0
1,2,2574,0,933,497,1144,0,132,62,196,0,0,0,1,0,0
0,5,1026,0,938,0,88,0,115,0,10,1,0,0,0,0,0
0,3,3711,0,3711,0,0,0,528,0,0,0,0,0,0,0,0
0,0,2311,431,892,310,678,72,120,39,91,0,1,0,1,0,0
0,2,869,182,451,137,99,17,56,21,13,0,1,0,1,1,0
0,2,1615,0,1589,26,0,0,195,2,0,0,0,0,1,1,0
0,0,4271,904,2296,674,397,127,329,101,64,1,1,0,1,0,0
0,3,1751,321,703,441,286,45,101,59,38,0,1,0,1,0,0
0,4,2566,321,1181,776,288,45,175,102,38,0,1,0,1,0,0
0,0,3345,820,1013,980,532,115,138,121,60,0,1,0,1,1,0
0,1,2035,0,1438,586,11,0,210,87,1,1,0,0,0,1,0
0,8,3009,0,3009,0,0,0,532,0,0,0,0,0,0,0,1
0,1,2333,991,804,249,289,152,131,32,39,0,1,0,1,1,0
0,2,2897,0,1387,770,740,0,194,112,116,0,0,0,1,1,0
0,2,2742,509,1115,596,522,79,140,90,53,0,1,0,1,0,0
0,6,1308,252,399,657,0,41,47,77,0,0,1,1,1,0,0
0,7,1437,659,778,0,0,103,120,0,0,0,1,0,1,1,0
0,1,4059,0,2118,1906,35,0,324,237,3,0,0,0,0,1,0
0,0,4950,1681,1973,519,777,233,259,52,96,1,1,0,1,1,0
0,0,671,92,348,132,99,13,57,16,10,0,1,0,1,0,0
0,5,4702,1110,2411,567,614,158,344,71,77,0,1,0,1,1,0
0,1,2514,991,929,305,289,152,149,39,39,0,1,0,1,0,0
0,2,3311,439,1920,952,0,78,297,126,0,1,1,0,1,0,0
0,2,583,53,381,130,19,10,33,18,3,0,1,0,1,1,0
0,1,2542,613,1264,412,253,90,203,56,30,0,1,0,1,0,0
0,3,280,0,169,72,39,0,22,7,5,1,0,0,0,0,0
0,1,2456,991,664,478,323,152,109,74,41,0,1,0,1,0,0
0,2,1286,0,1062,224,0,0,150,29,0,0,0,0,0,0,0
0,0,2255,558,975,243,479,84,136,25,73,0,1,0,1,0,0
0,1,2413,991,803,330,289,152,132,41,39,0,1,0,1,0,0
0,1,2575,1124,1408,0,43,147,186,0,3,0,1,0,1,1,0
0,1,1587,1250,310,0,27,161,46,0,5,0,1,0,1,0,0
0,0,2093,1250,415,379,49,161,56,50,8,0,1,0,1,1,0
0,1,2649,684,1182,783,0,86,157,95,0,0,1,0,1,0,0
0,1,3864,1466,1515,883,0,222,201,125,0,1,1,0,1,1,0
0,0,1809,690,566,249,304,106,88,38,41,0,1,0,1,0,1
0,2,1677,979,495,203,0,144,76,21,0,0,1,0,1,1,0
0,1,2288,442,1364,392,90,75,199,47,11,0,1,0,1,1,0
0,1,1272,0,810,251,211,0,103,30,16,0,0,0,0,1,0
0,0,4038,758,1442,853,985,107,182,106,125,0,1,0,1,1,0
0,0,3570,1126,1750,511,183,163,208,63,29,0,1,0,1,1,0
0,1,1810,690,566,249,305,106,88,38,41,0,1,0,1,0,1
0,0,1809,690,566,249,304,106,88,38,41,0,1,0,1,0,1
0,2,1985,0,1232,753,0,0,160,100,0,0,0,0,0,0,0
0,2,2573,493,2080,0,0,77,299,0,0,0,1,0,1,0,0
0,2,2549,493,2056,0,0,77,296,0,0,0,1,0,1,0,0
0,5,2664,717,1185,296,466,120,170,44,67,0,1,0,1,1,0
0,4,1417,491,629,297,0,70,94,31,0,0,1,1,1,1,0
0,4,2403,493,1910,0,0,77,289,0,0,0,1,0,1,0,0
0,3,3839,0,3839,0,0,0,535,0,0,0,0,0,0,0,0
0,0,1799,690,565,249,295,106,88,38,40,0,1,1,1,0,1
0,0,1810,690,566,249,305,106,88,38,41,0,1,0,1,0,1
1,5,352,0,325,0,27,0,52,0,4,0,0,0,0,0,0
1,4,2458,780,675,1003,0,122,81,101,0,0,1,0,1,1,0
0,4,2342,0,1945,397,0,0,259,47,0,1,0,0,0,1,0
0,4,2581,586,1995,0,0,82,332,0,0,0,1,0,1,1,0
0,0,7997,2676,1882,2124,1315,392,143,137,51,0,1,0,1,1,0
0,5,1388,228,1160,0,0,32,149,0,0,0,1,0,0,0,0
0,1,2264,603,501,1134,26,94,87,126,3,0,1,0,1,1,0
0,1,2202,879,188,1097,38,141,31,161,5,0,1,0,1,1,0
0,0,5590,1286,1657,1231,1416,153,266,177,247,1,1,0,1,1,0
0,5,2578,0,2578,0,0,0,349,0,0,0,0,0,0,0,0
0,2,2745,586,2159,0,0,82,312,0,0,0,1,0,1,1,0
0,2,4752,600,1258,1204,1690,86,173,148,277,1,1,0,1,1,0
0,5,1134,228,906,0,0,32,156,0,0,0,1,0,0,0,0
0,0,4683,694,2089,1749,151,105,315,260,19,0,1,0,1,1,0
1,3,3860,780,1681,1399,0,122,188,142,0,0,1,0,1,1,0
0,0,1203,143,443,594,23,28,73,84,3,0,1,0,1,1,0
0,2,3246,509,1825,603,309,79,268,79,40,0,1,0,1,0,0
0,2,1083,0,497,313,273,0,72,38,37,0,0,0,1,1,0
1,3,3867,780,1681,1406,0,122,188,142,0,0,1,0,1,1,0
0,3,871,175,597,0,99,29,89,0,10,0,1,0,1,1,0
0,1,1400,404,466,530,0,65,61,62,0,0,1,0,1,0,0
0,4,3402,865,2537,0,0,124,300,0,0,0,1,0,1,0,0
0,1,965,0,383,455,127,0,48,76,25,1,0,0,0,1,1
0,6,2153,188,816,1149,0,25,104,159,0,0,1,0,1,0,0
1,1,2186,667,556,963,0,74,81,131,0,1,1,0,1,1,0
0,6,2244,527,1534,183,0,74,217,21,0,0,1,0,1,0,0
0,4,2224,996,662,361,205,158,98,41,26,1,1,0,1,1,0
0,1,5710,1708,2664,492,846,290,453,70,158,0,1,0,1,1,0
0,1,1394,244,403,249,498,32,57,38,84,0,1,0,1,1,0
0,1,1266,0,655,338,273,0,96,42,37,0,0,0,1,1,0
0,1,1641,198,1267,176,0,26,209,30,0,0,1,0,1,1,0
0,5,4875,1110,2027,396,1342,158,292,52,196,0,1,0,1,1,0
0,1,3714,898,1772,845,199,145,260,105,35,0,1,0,1,0,0
0,0,2570,717,1143,244,466,120,164,39,67,0,1,0,1,1,0
0,2,4383,1404,1445,1172,362,224,200,164,46,0,1,0,1,1,0
0,3,1966,785,549,632,0,111,77,88,0,0,1,0,1,1,0
0,1,1091,0,839,163,89,0,133,25,17,1,0,0,1,1,0
0,1,618,83,304,231,0,13,47,29,0,0,1,0,1,1,0
1,0,2589,333,819,1255,182,48,112,159,20,1,1,0,1,1,0
0,2,4040,2362,380,447,851,378,64,65,140,0,1,0,1,1,0
0,0,5277,543,4000,378,356,77,585,53,49,0,1,0,1,1,0
0,2,1200,0,727,446,27,0,112,66,5,0,0,0,0,0,0
0,0,4298,1503,1866,630,299,209,253,87,43,0,1,0,1,1,0
1,1,2538,0,446,2012,80,0,59,258,12,1,0,0,0,1,1
0,5,1115,244,382,277,212,32,57,41,31,0,1,0,1,1,0
0,0,5073,904,2262,1339,568,127,321,177,90,1,1,0,1,1,0
0,5,1965,244,921,284,516,32,124,42,80,0,1,0,1,0,0
0,0,6213,789,3031,1903,490,120,395,248,64,1,1,0,1,1,1
0,4,2346,560,1786,0,0,98,289,0,0,1,1,0,1,1,0
0,2,446,0,138,263,45,0,18,39,5,0,0,0,0,0,0
0,0,4537,725,2489,918,405,119,273,101,53,0,1,0,1,0,0
0,0,5609,725,2673,1429,782,119,347,176,97,0,1,0,1,0,0
0,2,832,0,525,307,0,0,65,38,0,0,0,1,0,1,0
0,4,1352,380,972,0,0,64,147,0,0,0,1,0,1,1,0
0,4,2224,310,1126,410,378,53,161,58,62,0,1,0,1,1,0
0,0,2585,1294,751,497,43,170,107,57,6,0,1,0,1,0,0
1,4,1311,527,580,0,204,59,79,0,35,0,1,1,1,1,0
0,2,4542,1786,1694,1062,0,232,214,130,0,0,1,0,1,1,0
0,1,2760,505,1536,719,0,79,235,95,0,0,1,0,1,1,0
0,5,1098,979,119,0,0,144,20,0,0,0,1,0,1,1,0
0,0,1523,686,318,257,262,98,52,36,37,1,1,0,1,1,0
0,3,2334,134,1214,476,510,20,182,58,74,0,1,0,1,1,0
0,3,2658,361,1977,320,0,57,288,48,0,1,1,0,1,0,0
0,0,886,462,329,48,47,68,44,7,8,0,1,0,1,0,0
0,2,2247,0,1307,892,48,0,168,118,7,0,0,0,0,1,0
0,5,2865,0,1693,958,214,0,222,121,27,0,0,0,0,1,0
0,2,2577,911,1666,0,0,128,250,0,0,0,1,0,1,0,0
0,0,4108,606,2028,468,1006,77,258,59,157,0,1,0,1,0,0
0,0,2160,473,982,529,176,70,135,87,26,0,1,0,1,1,0
0,4,1866,560,1306,0,0,98,199,0,0,0,1,0,1,0,0
0,2,1648,217,602,829,0,32,79,119,0,0,1,0,0,0,0
0,2,2123,525,1392,176,30,52,184,22,4,0,1,0,1,0,0
0,1,3587,913,1479,873,322,75,203,109,43,0,1,0,1,0,0
0,2,3238,1250,414,1574,0,161,56,171,0,0,1,0,1,1,0
0,1,3622,0,2173,1015,434,0,307,121,60,1,0,0,0,1,0
0,1,875,281,67,527,0,38,10,68,0,0,1,0,1,1,0
0,5,2207,958,1048,201,0,149,172,28,0,0,1,0,1,1,0
0,0,3197,764,490,756,1187,77,66,89,177,1,1,0,1,1,1
0,6,1818,252,572,994,0,41,80,112,0,0,1,0,1,0,0
0,1,2271,0,703,923,645,0,107,122,106,1,0,0,0,1,0
0,6,2843,0,2460,383,0,0,315,41,0,0,0,0,1,1,0
0,5,5025,228,2543,2254,0,32,305,287,0,0,1,0,0,0,0
1,0,1108,204,735,120,49,37,129,13,6,0,1,0,1,1,0
0,5,1979,0,305,1674,0,0,46,245,0,0,0,0,0,0,0
0,3,2009,181,773,998,57,22,114,150,10,1,1,0,0,0,0
0,4,3408,1786,1466,156,0,232,215,25,0,0,1,0,1,0,0
0,4,1536,181,1290,0,65,22,181,0,11,1,1,0,0,0,0
0,0,3289,717,739,1410,423,120,112,172,59,1,1,0,1,1,0
0,6,3343,0,2915,428,0,0,347,57,0,0,0,0,0,0,1
0,0,3000,243,1841,777,139,40,258,110,17,0,1,0,1,1,0
0,4,1341,0,789,552,0,0,105,73,0,0,0,0,0,1,0
0,3,619,0,167,452,0,0,26,60,0,0,0,0,0,1,0
0,1,522,53,314,136,19,10,23,18,3,0,1,0,1,1,0
0,0,7449,2676,2545,2033,195,392,217,135,28,0,1,0,1,1,0
0,6,1614,181,1352,0,81,22,194,0,12,1,1,0,0,0,0
0,2,2464,657,667,1140,0,108,90,171,0,0,1,0,1,1,0
0,0,3183,1441,1159,299,284,220,154,38,42,0,1,0,1,1,0
1,2,1519,0,618,901,0,0,77,121,0,1,0,0,0,1,0
0,1,2298,784,946,568,0,107,141,74,0,0,1,1,1,1,0
1,3,1413,0,1179,163,71,0,175,17,7,0,0,0,1,1,0
0,7,1500,659,841,0,0,103,129,0,0,0,1,0,1,1,0
0,5,3268,1786,283,1199,0,232,32,154,0,0,1,0,1,0,0
1,0,2660,333,1837,308,182,48,240,40,20,0,1,0,1,1,0
0,1,2788,789,1495,504,0,107,215,76,0,0,1,0,1,1,0
0,1,654,0,431,178,45,0,65,25,6,1,0,0,0,0,0
0,0,8218,1981,1288,520,4429,287,177,69,694,1,1,0,0,0,0
0,0,2312,635,354,476,847,78,51,66,120,0,1,0,1,1,0
0,0,3422,635,645,697,1445,78,92,101,227,0,1,0,1,1,0
0,6,4373,0,3291,1082,0,0,411,132,0,0,0,0,0,0,1
0,0,1326,306,491,399,130,42,67,47,14,0,1,0,1,1,1
0,1,3924,850,1220,618,1236,146,174,81,207,0,1,0,1,0,0
0,0,6189,1344,3072,1684,89,222,448,221,12,1,1,0,1,0,0
0,1,9286,2676,2056,3241,1313,392,159,165,47,0,1,0,1,1,0
0,1,2897,1022,1085,790,0,138,155,106,0,0,1,0,1,0,0
0,4,1521,281,699,541,0,33,91,76,0,0,1,0,1,1,0
0,3,2048,635,997,416,0,97,138,54,0,0,1,0,1,1,0
0,6,4324,1786,2538,0,0,232,351,0,0,0,1,0,1,0,0
0,0,4592,603,1958,1094,937,101,259,149,128,0,1,0,1,1,0
0,1,2472,952,718,499,303,155,101,67,40,0,1,0,1,1,0
0,5,1245,244,473,304,224,32,68,53,29,0,1,0,1,0,0
0,0,4267,2065,1845,177,180,333,281,26,21,0,1,0,1,1,0
0,1,2343,991,551,478,323,152,96,66,41,0,1,0,1,0,0
0,2,3312,558,1431,384,939,84,217,59,123,0,1,0,1,0,0
0,1,1694,0,1167,364,163,0,176,31,27,1,0,0,0,0,0
0,0,3831,649,1510,522,1150,100,218,74,193,0,1,0,1,1,0
0,2,2128,0,1229,851,48,0,162,97,5,1,0,0,0,1,0
0,1,2953,748,1727,478,0,116,248,59,0,0,1,0,1,1,0
0,3,2287,557,524,466,740,78,80,79,115,0,1,0,1,1,0
0,4,812,0,705,107,0,0,104,21,0,0,0,0,0,0,0
0,4,1811,557,473,518,263,78,60,62,35,0,1,0,1,1,0
0,1,2621,684,1223,714,0,86,150,86,0,0,1,0,1,0,0
0,1,2640,789,1300,551,0,107,189,81,0,0,1,0,1,1,0
0,1,2880,108,572,2200,0,16,87,279,0,0,1,0,1,1,0
0,6,2102,0,1714,388,0,0,203,49,0,0,0,0,0,0,1
1,0,1274,875,336,33,30,130,42,5,3,1,1,0,1,0,0
0,1,2943,108,1833,1002,0,16,245,133,0,0,1,0,1,1,0
0,2,2959,108,1839,1012,0,16,245,135,0,0,1,0,1,1,0
0,2,4265,1419,2243,603,0,206,313,80,0,0,1,0,1,1,0
0,2,1737,522,600,615,0,95,90,99,0,0,1,0,1,0,0
0,2,1940,0,591,1349,0,0,71,184,0,0,0,0,0,1,0
0,4,2345,1294,645,363,43,170,88,44,6,0,1,0,1,1,0
0,6,4688,904,1010,2774,0,124,130,324,0,0,1,0,1,0,0
0,0,4578,606,3332,454,186,75,365,47,26,0,1,0,1,1,0
0,4,752,174,364,139,75,29,65,22,10,1,1,0,1,1,0
0,0,2756,489,1322,831,114,76,194,105,18,0,1,0,1,1,0
0,7,595,0,294,301,0,0,48,36,0,0,0,0,1,1,0
0,1,3563,0,2299,607,657,0,334,91,109,1,0,0,0,0,0
0,1,5118,1708,2181,608,621,290,356,79,115,0,1,0,1,1,0
0,5,3331,629,2030,548,124,80,293,66,13,0,1,0,1,1,0
0,0,2036,340,637,415,644,58,85,53,115,0,1,0,1,1,0
0,0,1931,340,348,599,644,58,60,71,115,0,1,0,1,1,0
0,0,2618,1068,300,182,1068,136,46,29,136,1,1,0,1,0,0
0,8,3535,0,3535,0,0,0,507,0,0,0,0,0,0,0,0
0,0,3915,1042,1465,712,696,178,223,95,111,0,1,0,1,1,0
0,0,2927,1126,1087,571,143,163,143,74,20,0,1,0,1,1,0
0,3,2238,0,1443,795,0,0,185,105,0,0,0,0,0,0,0
0,4,3368,0,2113,607,648,0,338,91,109,0,0,0,0,0,0
1,2,1959,1545,414,0,0,226,65,0,0,0,1,0,1,0,0
0,0,1403,202,737,393,71,34,110,44,11,1,1,0,0,1,0
0,0,2003,340,688,331,644,58,99,46,115,0,1,0,1,1,0
0,5,866,70,796,0,0,1,119,0,0,0,1,0,1,0,0
0,1,2486,630,1070,786,0,97,157,116,0,0,1,0,1,1,0
0,0,2027,942,622,410,53,122,74,37,7,1,1,0,1,1,0
0,0,3901,368,1798,1414,321,53,241,205,51,1,1,0,1,1,0
0,4,3893,1786,1852,255,0,232,248,33,0,0,1,0,1,1,0
0,3,1623,0,881,385,357,0,126,63,54,1,0,0,0,0,1
0,1,3028,1092,1086,850,0,168,165,124,0,1,1,0,1,1,0
0,1,2216,692,1380,144,0,115,187,19,0,0,1,0,1,1,0
0,1,2299,1008,1095,196,0,151,141,32,0,0,1,0,1,1,0
0,4,998,737,261,0,0,93,38,0,0,0,1,0,1,0,0
1,7,661,0,661,0,0,0,100,0,0,0,0,0,0,0,0
0,1,1419,692,577,150,0,115,78,20,0,0,1,0,1,0,0
0,1,1154,692,326,136,0,115,43,19,0,0,1,0,1,0,0
0,6,8719,1419,5401,1899,0,206,746,244,0,0,1,0,1,1,0
0,0,6115,1508,1409,3089,109,239,207,405,11,0,1,0,1,1,0
0,6,518,0,329,171,18,0,46,23,3,0,0,0,0,1,0
0,0,4228,1230,1957,579,462,181,273,80,64,0,1,0,1,1,0
0,2,1305,0,758,547,0,0,98,25,0,0,0,0,0,1,0
0,0,3049,1200,963,542,344,188,163,87,65,0,1,0,1,1,0
0,6,3074,574,380,2120,0,86,57,272,0,0,1,0,1,1,0
0,5,932,0,932,0,0,0,110,0,0,0,0,0,0,0,1
0,4,4178,368,1975,1405,430,53,277,183,64,1,1,0,1,1,0
0,5,932,0,932,0,0,0,110,0,0,0,0,0,0,0,1
0,4,2953,228,622,2103,0,32,77,276,0,0,1,0,0,0,0
0,7,711,0,294,417,0,0,48,45,0,0,0,0,1,1,0
0,7,1989,0,1030,959,0,0,148,113,0,0,0,0,1,1,0
0,2,470,0,333,137,0,0,51,24,0,0,0,0,0,1,0
0,1,3313,0,697,1705,911,0,97,216,109,0,0,1,0,1,0
0,1,2484,684,1086,714,0,86,141,86,0,0,1,0,1,0,0
0,0,554,53,324,158,19,10,25,21,3,0,1,0,1,1,0
0,1,2293,692,1458,143,0,115,212,19,0,0,1,0,1,1,0
0,6,3432,134,1904,1394,0,20,275,175,0,0,1,0,1,1,0
0,0,2465,979,291,861,334,144,42,101,52,1,1,0,1,1,0
0,0,2689,1042,663,515,469,178,93,87,78,0,1,0,1,0,0
0,0,4061,910,2437,666,48,141,336,72,5,0,1,0,1,1,0
0,6,1823,349,1044,430,0,56,153,67,0,0,1,0,1,1,0
0,1,1862,684,554,624,0,86,70,75,0,0,1,0,1,0,0
0,4,2348,885,1161,302,0,141,194,45,0,0,1,1,1,1,0
1,0,2856,76,1887,427,466,14,299,74,79,0,1,0,1,1,0
0,1,1954,0,1591,228,135,0,260,38,20,1,0,0,0,0,0
0,0,4579,606,3333,477,163,75,371,48,28,0,1,0,1,1,0
0,0,3207,726,852,732,897,83,123,108,117,0,1,0,1,0,0
0,3,3235,0,2743,492,0,0,334,63,0,1,0,0,0,0,0
0,5,1671,0,1671,0,0,0,215,0,0,0,0,0,0,0,0
0,2,1234,0,591,643,0,0,71,83,0,0,0,0,0,1,0
0,1,3018,0,1700,641,677,0,241,98,109,0,0,0,1,1,0
0,0,465,53,235,158,19,10,37,21,3,0,1,0,1,1,0
0,5,2699,503,1008,1051,137,78,166,173,18,0,1,0,0,0,0
0,1,2689,755,1602,332,0,104,222,41,0,0,1,0,1,1,0
0,5,4068,228,1465,2375,0,32,163,299,0,0,1,0,0,0,0
0,0,2917,726,862,431,898,83,130,63,118,0,1,0,1,0,0
0,3,891,0,891,0,0,0,153,0,0,1,0,0,0,1,0
0,4,1406,0,648,758,0,0,91,107,0,0,0,0,0,1,0
0,2,1402,175,1109,0,118,29,168,0,10,0,1,0,1,1,0
0,2,2386,0,836,1550,0,0,126,211,0,0,0,0,0,1,0
0,1,4215,692,3411,112,0,115,472,10,0,0,1,0,1,0,0
0,1,1285,692,419,174,0,115,67,21,0,0,1,0,1,0,0
0,5,1423,153,301,792,177,25,50,104,19,0,1,0,1,1,0
0,3,2491,651,845,414,581,107,119,57,89,0,1,0,1,0,0
1,0,972,54,487,304,127,8,90,37,18,0,1,0,1,1,0
0,0,3374,888,951,647,888,136,138,92,140,0,1,0,1,0,0
0,2,1351,217,515,619,0,32,63,91,0,0,1,0,0,1,0
0,0,554,53,324,158,19,10,25,21,3,0,1,0,1,1,0
0,0,4542,614,2555,460,913,85,340,56,116,0,1,0,1,0,0
0,0,1026,243,495,134,154,34,66,13,20,1,1,0,1,1,0
0,3,2153,798,1355,0,0,131,172,0,0,0,1,0,1,1,0
0,0,4636,606,2679,487,864,77,359,56,148,0,1,0,1,0,0
0,2,7467,746,3420,2142,1159,127,291,113,57,0,1,0,1,1,0
0,2,3698,779,2188,731,0,134,311,101,0,0,1,0,1,1,0
0,1,1197,692,315,190,0,115,58,20,0,0,1,0,1,0,0
1,0,4243,537,3405,198,103,78,482,29,14,1,1,0,1,1,0
0,0,3036,1050,1299,444,243,155,179,62,30,0,1,0,1,1,0
0,2,2164,310,725,831,298,53,112,123,54,0,1,0,1,0,0
0,2,321,0,115,206,0,0,22,24,0,0,0,0,0,0,0
0,0,554,53,324,158,19,10,25,21,3,0,1,0,1,1,0
0,6,4885,0,4885,0,0,0,689,0,0,0,0,1,0,0,0
0,4,4090,1450,1074,1566,0,215,134,194,0,0,1,0,1,0,0
0,5,2092,0,2092,0,0,0,336,0,0,0,0,0,0,0,0
0,0,3148,1194,1875,68,11,186,280,9,2,1,1,0,1,1,0
0,5,4783,0,3278,132,1373,0,435,16,195,0,0,0,0,1,0
0,1,492,0,242,231,19,0,34,26,4,0,0,0,0,1,0
0,0,554,53,324,158,19,10,25,21,3,0,1,0,1,1,0
0,0,2012,1050,612,229,121,155,84,35,19,0,1,0,1,1,0
0,3,871,175,597,0,99,29,89,0,10,0,1,0,1,1,0
0,1,2659,535,1356,533,235,73,186,60,32,0,1,0,1,0,0
0,5,3114,228,1521,1365,0,32,198,172,0,0,1,0,0,0,0
0,0,2183,1050,604,349,180,155,89,48,32,0,1,0,1,1,0
0,1,2736,867,948,539,382,141,123,59,49,0,1,0,1,0,0
0,4,683,0,683,0,0,0,107,0,0,0,0,0,0,0,0
0,3,1794,879,558,357,0,141,73,46,0,0,1,0,1,1,0
0,2,583,53,381,130,19,10,33,18,3,0,1,0,1,1,0
0,2,2683,460,600,776,847,76,93,124,134,0,1,0,1,0,0
0,5,1043,401,353,139,150,33,51,16,22,0,1,0,1,1,0
0,1,5822,1208,4419,0,195,155,640,0,26,0,1,0,1,1,0
0,6,1555,310,290,955,0,53,45,121,0,0,1,0,1,1,0
0,1,3426,558,1555,374,939,84,235,58,123,0,1,0,1,0,0
0,0,2403,352,836,846,369,57,128,116,55,1,1,0,1,1,0
0,2,583,53,381,130,19,10,33,18,3,0,1,0,1,1,0
0,2,1311,0,398,785,128,0,63,102,17,0,0,0,0,1,0
0,6,1361,52,661,648,0,7,88,84,0,0,1,0,0,1,0
1,3,580,0,580,0,0,0,73,0,0,0,0,0,0,0,0
0,2,771,429,342,0,0,56,41,0,0,1,1,0,1,1,0
0,2,1490,0,404,1086,0,0,57,123,0,0,0,0,0,1,0
0,2,1314,0,319,995,0,0,58,117,0,0,0,0,0,1,0
0,2,3107,638,784,1515,170,107,112,219,20,0,1,0,1,0,0
0,3,1453,511,612,330,0,73,80,47,0,0,1,0,1,1,0
0,3,3035,0,1757,1278,0,0,280,179,0,0,0,0,0,1,0
0,5,4125,1309,1561,637,618,208,271,97,106,0,1,0,1,1,0
0,3,940,175,637,0,128,29,90,0,13,0,1,0,1,1,0
0,2,768,336,220,194,18,51,32,31,3,0,1,0,1,1,0
0,4,2702,228,949,1525,0,32,114,178,0,0,1,0,0,0,0
0,4,4541,908,2200,691,742,136,345,111,131,0,1,0,1,1,0
0,0,4776,1025,2635,580,536,148,348,74,81,0,1,0,1,0,0
0,2,2359,447,1912,0,0,72,282,0,0,0,1,0,1,0,0
0,0,2248,433,523,657,635,63,85,106,98,0,1,0,1,1,0
0,6,3905,1208,2502,0,195,155,363,0,26,0,1,0,1,0,0
0,0,3983,1568,1720,414,281,232,237,52,41,1,1,0,1,1,0
0,3,1638,331,846,316,145,49,121,41,18,0,1,0,1,1,0
0,1,1016,695,307,14,0,109,39,3,0,0,1,0,1,1,0
0,3,1945,331,886,583,145,49,125,73,18,0,1,0,1,1,0
0,2,1179,0,139,1040,0,0,18,130,0,1,0,0,0,0,0
0,0,2406,1050,531,582,243,155,71,74,30,0,1,0,1,1,0
0,3,1888,587,1301,0,0,96,179,0,0,1,1,0,1,0,0
0,0,2817,865,1045,534,373,137,148,71,64,1,1,0,1,1,0
0,0,3248,746,1884,258,360,127,305,37,49,0,1,0,1,1,0
0,1,3009,573,2021,415,0,92,289,49,0,1,1,0,1,1,0
0,2,2512,479,1465,568,0,63,196,70,0,0,1,0,1,1,0
0,0,3268,532,1793,902,41,92,257,104,6,0,1,0,1,1,0
0,8,5224,0,5224,0,0,0,791,0,0,0,0,0,0,1,0
0,8,5225,0,5225,0,0,0,791,0,0,0,0,0,0,1,0
0,1,2776,263,2449,0,64,35,305,0,8,0,1,0,1,1,0
0,2,1156,0,655,412,89,0,116,59,14,0,0,0,0,0,0
0,0,2042,717,544,510,271,120,73,58,41,0,1,0,1,1,0
0,0,4239,1611,1809,518,301,251,264,62,41,1,1,0,1,1,0
0,2,583,53,381,130,19,10,33,18,3,0,1,0,1,1,0
1,1,1809,0,498,1002,309,0,75,118,40,1,0,0,0,0,1
0,1,1809,0,498,1002,309,0,75,118,40,1,0,0,0,0,1
0,1,1809,0,498,1002,309,0,75,118,40,1,0,0,0,0,1
0,0,3171,1126,648,1254,143,163,81,161,20,0,1,0,1,1,0
0,5,1446,228,1218,0,0,32,155,0,0,0,1,0,0,0,0
0,1,2343,530,728,329,756,76,102,46,89,0,1,0,1,0,0
0,1,1668,349,823,380,116,56,130,64,16,0,1,0,1,1,0
0,2,583,53,381,130,19,10,33,18,3,0,1,0,1,1,0
0,1,2871,684,1195,992,0,86,158,127,0,0,1,0,1,0,0
1,2,3592,548,1697,791,556,82,241,110,80,0,1,0,1,1,0
0,2,1469,404,830,235,0,45,115,30,0,0,1,0,1,1,0
0,2,3213,452,1991,323,447,67,269,43,49,0,1,0,1,1,0
0,1,3007,1686,791,530,0,244,108,68,0,0,1,0,1,1,0
0,7,1865,1686,179,0,0,244,36,0,0,0,1,1,1,0,0
0,1,2083,537,1091,300,155,78,142,41,27,1,1,0,1,1,0
0,0,3412,1208,1471,552,181,155,218,72,17,0,1,0,1,1,0
0,2,1606,829,690,70,17,131,110,10,2,0,1,0,1,1,0
1,1,4215,548,2340,762,565,82,327,103,80,0,1,0,1,1,0
0,6,3581,0,3149,432,0,0,489,61,0,0,0,0,0,1,0
0,0,2274,758,619,546,351,112,82,75,48,0,1,0,1,1,0
0,1,2206,477,1273,367,89,63,174,44,12,0,1,0,1,1,0
0,1,2707,0,812,585,1310,0,93,77,208,0,0,0,0,1,0
0,3,3423,1025,2242,0,156,148,261,0,24,0,1,0,1,0,0
0,6,1205,372,551,282,0,56,81,41,0,0,1,0,1,0,0
0,0,2714,1285,810,327,292,194,103,44,52,1,1,0,1,1,0
0,1,1200,255,696,211,38,39,115,34,6,1,1,0,1,1,0
0,0,3920,1461,1281,918,260,211,183,126,27,1,1,0,1,1,0
0,0,3246,1461,999,562,224,211,156,86,22,1,1,0,1,1,0
0,2,3342,549,1468,1157,168,87,223,161,21,0,1,0,1,1,0
0,2,2379,885,917,577,0,141,135,80,0,0,1,0,1,1,0
0,5,4002,503,2590,778,131,78,370,105,17,0,1,0,0,0,0
0,5,2032,0,1603,429,0,0,226,52,0,0,0,0,0,0,1
0,0,2800,1068,332,332,1068,136,48,48,136,1,1,0,1,0,0
0,2,3050,263,2467,0,320,38,400,0,52,1,1,0,1,0,0
0,8,450,0,450,0,0,0,73,0,0,0,0,0,0,0,0
0,4,3482,717,1968,331,466,120,262,35,67,0,1,0,1,1,0
0,2,3445,1385,1422,638,0,216,195,91,0,0,1,0,1,1,0
0,2,1207,0,1098,109,0,0,157,9,0,1,0,0,0,1,0
0,0,973,133,558,205,77,19,86,30,13,1,1,0,1,0,0
0,3,2117,553,985,431,148,72,143,55,16,0,1,0,1,1,0
0,0,5659,2676,1502,1242,239,392,195,153,33,0,1,0,1,1,0
0,5,941,228,713,0,0,32,104,0,0,0,1,0,0,0,0
0,1,788,0,187,502,99,0,27,75,13,0,0,0,0,1,0
0,0,6064,2301,2143,764,856,320,283,99,125,0,1,0,1,1,0
0,5,1569,0,1569,0,0,0,209,0,0,0,0,0,0,0,0
0,2,836,0,805,31,0,0,99,4,0,1,0,0,0,1,0
0,0,2264,678,926,614,46,100,125,84,7,0,1,0,1,1,0
0,3,871,175,597,0,99,29,89,0,10,0,1,0,1,1,0
0,3,2446,1504,121,821,0,226,18,86,0,0,1,0,1,1,0
0,2,2237,0,747,1021,469,0,118,130,66,0,0,0,0,1,0
0,0,1550,198,1276,17,59,26,200,2,9,0,1,0,1,0,0
0,0,2543,351,1465,691,36,48,223,83,5,0,1,0,1,1,0
0,3,935,0,98,837,0,0,11,100,0,1,0,0,0,1,0
1,4,2480,472,1501,507,0,70,232,55,0,1,1,0,1,1,0
0,1,2101,0,903,884,314,0,122,91,42,0,0,0,0,0,1
0,4,514,0,222,292,0,0,34,45,0,1,0,0,0,0,0
0,2,3248,405,582,1603,658,65,90,213,107,0,1,0,1,1,0
0,1,1678,518,597,0,563,72,62,0,65,0,1,0,1,0,0
0,2,1115,0,745,370,0,0,122,51,0,1,0,0,0,1,0
0,2,2369,0,1696,673,0,0,222,91,0,0,0,0,0,1,0
0,5,1094,228,866,0,0,32,123,0,0,0,1,0,0,0,0
1,7,1344,0,686,658,0,0,117,92,0,0,0,0,1,1,0
0,5,2361,0,1436,925,0,0,183,116,0,0,0,0,0,0,0
0,1,1719,555,996,168,0,80,132,20,0,1,1,0,1,1,0
0,6,2566,228,2338,0,0,32,299,0,0,0,1,0,0,0,0
0,6,2712,228,2484,0,0,32,313,0,0,0,1,0,0,0,0
0,1,2369,573,1193,603,0,92,179,85,0,1,1,0,1,1,0
0,2,10316,2676,3046,3258,1336,392,155,170,55,0,1,0,1,0,0
0,5,2197,996,927,267,7,158,146,34,1,0,1,0,1,0,0
0,0,4601,537,3689,245,130,78,485,29,18,1,1,0,1,1,0
0,2,3090,678,900,1466,46,100,127,199,6,0,1,0,1,1,0
0,1,1238,236,367,629,6,35,56,89,1,0,1,0,1,1,0
0,3,1038,0,1038,0,0,0,141,0,0,0,0,0,0,0,1
0,1,1736,442,930,274,90,75,145,43,11,0,1,0,1,1,0
0,2,2754,487,2267,0,0,67,319,0,0,0,1,0,1,0,0
0,1,2694,537,1651,351,155,78,219,46,27,1,1,0,1,1,0
0,1,1845,0,917,600,328,0,124,87,50,0,0,0,0,1,0
0,2,2629,0,1765,657,207,0,269,77,25,0,0,0,0,1,0
0,3,1958,798,1160,0,0,131,161,0,0,0,1,0,1,1,0
0,2,2142,879,605,476,182,141,76,60,19,0,1,0,1,1,0
0,4,779,259,148,372,0,37,18,49,0,0,1,0,1,0,0
0,0,3969,1042,1433,798,696,178,216,117,111,0,1,0,1,1,0
0,3,3360,310,1495,1092,463,53,204,146,80,0,1,0,1,1,0
0,0,2592,1376,230,663,323,226,35,77,32,0,1,0,1,1,0
0,3,3029,0,1634,1395,0,0,224,172,0,0,0,0,0,1,0
0,0,5384,1503,1301,2440,140,209,189,310,21,0,1,0,1,1,0
0,0,1166,729,101,150,186,109,18,16,23,0,1,0,1,1,0
0,0,2827,134,1213,1003,477,20,174,144,64,1,1,0,1,1,0
0,3,810,0,711,99,0,0,97,16,0,0,0,0,0,0,1
0,6,3650,0,2432,1218,0,0,273,136,0,0,0,0,0,0,1
0,0,3300,958,1496,549,297,154,223,67,39,0,1,0,1,1,0
0,0,7029,1402,3261,2129,237,182,430,274,41,0,1,0,1,0,0
0,5,3869,996,2561,164,148,158,390,24,21,0,1,0,1,1,0
0,0,5940,1298,1899,1024,1719,201,283,126,256,1,1,0,1,1,0
0,0,3963,332,2229,1182,220,41,297,157,29,0,1,0,1,1,0
0,2,2587,0,2474,0,113,0,284,0,11,1,0,0,0,0,0
0,3,3339,1100,1377,561,301,180,221,74,55,0,1,0,1,1,0
0,2,5213,0,1515,3698,0,0,227,552,0,1,0,0,0,1,0
0,1,1932,349,1058,347,178,56,160,45,23,0,1,0,1,1,0
0,1,1979,505,264,1210,0,79,49,168,0,0,1,0,1,1,0
0,3,2717,1100,900,416,301,180,142,48,55,0,1,0,1,1,0
0,3,4593,1100,2397,932,164,180,368,119,34,0,1,0,1,1,0
0,7,1546,1369,177,0,0,218,26,0,0,0,1,1,1,0,0
0,5,2623,1100,363,673,487,180,53,90,66,0,1,0,1,0,0
0,1,685,0,547,115,23,0,92,16,3,0,0,0,0,1,0
0,2,903,0,516,310,77,0,79,45,13,1,0,0,0,1,0
0,0,9518,2690,1466,2801,2561,413,188,386,359,0,1,0,1,1,0
0,0,4891,2676,1135,817,263,392,150,104,39,0,1,0,1,1,0
0,0,2744,1194,1495,33,22,186,233,3,2,1,1,0,1,1,0
0,1,1803,536,679,462,126,72,106,60,19,0,1,0,1,1,0
0,0,1240,204,148,511,377,37,18,95,69,0,1,0,1,1,0
0,2,5647,298,3306,1758,285,42,459,216,42,0,1,0,1,1,0
0,1,1338,0,724,502,112,0,102,70,16,0,0,1,0,1,0
0,4,2797,538,1785,302,172,72,238,38,21,0,1,0,1,0,0
0,0,3752,1568,1552,464,168,232,207,56,22,1,1,0,1,1,0
0,1,2146,362,1588,196,0,53,250,29,0,0,1,0,1,1,0
0,0,2568,1371,990,190,17,220,115,20,3,0,1,0,1,1,1
0,0,1819,402,556,578,283,62,59,80,26,1,1,0,1,0,0
0,2,2950,0,1310,941,699,0,173,124,109,0,0,0,1,1,0
0,3,3412,1970,1442,0,0,312,196,0,0,0,1,0,1,0,0
1,7,1344,0,686,658,0,0,117,92,0,0,0,0,1,0,0
0,0,4072,717,2212,872,271,120,291,109,41,0,1,0,1,1,0
0,7,2119,778,1341,0,0,128,187,0,0,0,1,0,1,1,0
0,4,4002,741,2186,925,150,111,336,117,17,0,1,0,1,1,0
0,1,2540,1556,566,418,0,210,78,66,0,0,1,0,1,1,0
0,2,3282,745,884,1653,0,103,125,232,0,0,1,0,1,1,0
0,3,4982,1594,3388,0,0,270,570,0,0,0,1,0,1,1,0
0,0,2879,553,1672,369,285,72,209,34,30,0,1,0,1,1,0
1,2,1836,138,863,558,277,22,134,87,41,0,1,0,1,1,0
0,1,2463,649,724,1090,0,98,110,150,0,0,1,0,1,1,0
0,0,4564,1025,2543,419,577,148,330,48,89,0,1,0,1,1,0
1,1,2158,317,1370,304,167,52,196,38,23,0,1,0,1,1,0
0,2,583,53,381,130,19,10,33,18,3,0,1,0,1,1,0
0,7,3680,1298,2382,0,0,203,369,0,0,0,1,0,1,0,0
0,1,2364,888,746,730,0,136,103,97,0,0,1,0,1,0,0
0,0,3653,1568,1583,285,217,232,222,39,30,1,1,0,1,1,0
0,2,1599,0,599,1000,0,0,59,123,0,1,0,0,0,1,0
1,3,780,0,625,155,0,0,91,22,0,1,0,0,1,0,0
0,0,2638,1126,961,439,112,163,139,46,17,0,1,0,1,1,0
0,5,3802,1025,1971,219,587,154,284,24,96,0,1,0,1,0,0
0,1,8847,2419,2259,4169,0,377,341,556,0,1,1,0,1,0,0
0,3,1254,244,451,520,39,32,57,56,4,0,1,0,1,0,0
0,6,2714,879,1360,475,0,141,170,67,0,0,1,0,1,0,0
0,0,2163,237,667,873,386,36,87,123,64,0,1,0,1,1,0
0,0,2050,844,663,411,132,125,90,58,17,0,1,0,1,1,0
0,3,1799,489,513,700,97,76,72,81,14,0,1,0,1,1,0
0,0,3747,1371,436,1173,767,220,65,142,116,0,1,0,1,1,1
0,0,2178,844,818,384,132,125,107,48,17,0,1,0,1,1,0
0,2,1455,802,77,576,0,140,13,78,0,0,1,0,1,1,0
0,6,2114,0,2114,0,0,0,267,0,0,0,0,0,0,0,1
0,2,1421,844,214,231,132,125,31,26,17,0,1,0,1,1,0
0,2,4736,0,2968,874,894,0,438,103,122,0,0,0,1,0,0
0,2,4549,2206,1209,478,656,350,181,66,110,0,1,0,1,1,0
0,2,3621,797,2824,0,0,105,396,0,0,0,1,0,1,1,0
0,5,1473,228,1245,0,0,32,176,0,0,0,1,0,0,0,0
1,5,1343,0,685,658,0,0,117,92,0,0,0,0,1,0,0
0,1,2546,958,506,1082,0,149,81,174,0,0,1,0,1,1,0
0,2,1901,829,1020,31,21,131,142,5,4,0,1,0,1,1,0
0,1,2776,917,1567,142,150,148,223,20,17,0,1,0,1,1,0
0,2,4078,1419,2256,403,0,206,334,56,0,0,1,0,1,1,0
0,0,5009,498,3737,692,82,65,581,81,13,0,1,0,1,1,0
0,3,3999,1042,1471,790,696,178,196,113,111,0,1,0,1,0,0
0,3,2342,549,1503,290,0,87,209,35,0,1,1,0,1,1,0
0,0,465,53,235,158,19,10,37,21,3,0,1,0,1,1,0
1,0,2236,564,524,584,564,82,92,71,82,1,1,0,1,1,0
0,1,2623,994,1316,250,63,135,173,34,7,0,1,0,1,0,0
0,4,2882,635,1985,262,0,97,276,34,0,0,1,0,1,1,0
0,1,1596,558,475,219,344,84,60,33,57,0,1,0,1,0,0
0,0,3541,1126,1198,1074,143,163,155,140,20,0,1,0,1,1,0
0,2,1654,0,1000,575,79,0,147,78,10,0,0,0,0,0,0
0,0,3299,341,1404,1362,192,58,232,213,26,1,1,0,1,1,0
0,1,2197,530,704,390,573,76,100,54,80,0,1,0,1,0,0
0,2,814,0,303,511,0,0,49,62,0,1,0,0,0,1,0
0,0,2542,717,1173,381,271,120,172,55,41,0,1,0,1,1,0
0,5,1367,0,1183,184,0,0,176,31,0,0,0,0,0,1,1
0,7,1251,0,1052,199,0,0,155,33,0,0,0,0,0,1,1
0,1,2136,530,704,329,573,76,100,46,80,0,1,0,1,0,0
0,1,2328,1564,239,441,84,182,28,61,13,1,1,0,1,0,0
0,2,583,53,381,130,19,10,33,18,3,0,1,0,1,1,0
0,1,2616,684,1218,714,0,86,150,86,0,0,1,0,1,0,0
0,0,1932,609,526,645,152,95,81,96,17,0,1,0,0,1,0
0,4,4986,0,2296,2690,0,0,287,350,0,0,0,0,0,0,1
0,0,4925,2676,1508,536,205,392,204,64,32,0,1,0,1,1,0
0,1,1575,911,564,100,0,134,81,14,0,0,1,0,1,1,0
0,1,1275,0,992,187,96,0,175,36,14,1,0,0,0,1,0
0,2,1359,0,936,247,176,0,130,31,19,1,0,0,1,1,0
0,1,4580,1708,1188,821,863,290,185,121,162,0,1,0,1,1,0
0,7,1064,0,297,767,0,0,43,94,0,0,0,0,0,1,0
0,1,1824,0,946,325,553,0,137,38,78,0,0,0,0,0,0
0,1,479,0,275,145,59,0,31,14,4,0,0,0,0,0,0
0,0,4161,870,1943,1083,265,140,306,137,34,0,1,0,1,1,0
0,7,3603,516,3087,0,0,76,398,0,0,0,1,0,1,0,0
0,1,2894,0,2005,656,233,0,241,74,21,1,0,0,0,0,0
0,1,2924,0,1556,896,472,0,203,108,56,0,0,0,0,0,0
0,1,4854,0,1243,2634,977,0,174,337,151,1,0,0,0,0,0
0,4,3089,476,1308,977,328,74,169,130,28,0,1,0,1,0,0
0,3,2119,885,584,650,0,141,96,103,0,0,1,0,1,1,0
0,0,1850,788,575,390,97,119,76,48,12,0,1,0,1,0,0
0,6,1061,0,335,726,0,0,47,92,0,0,0,0,0,1,0
0,0,3822,1025,1870,443,484,148,234,60,73,0,1,0,1,1,0
0,4,3537,723,1831,508,475,118,246,76,78,0,1,0,1,0,0
0,0,2878,635,850,675,718,82,124,106,95,1,1,0,1,0,0
0,2,1375,133,1116,0,126,26,148,0,19,0,1,0,0,0,0
0,5,1924,228,1696,0,0,32,206,0,0,0,1,0,0,0,0
0,6,2352,157,1682,513,0,23,277,71,0,0,1,0,1,1,0
0,0,5014,1025,2989,584,416,148,374,70,63,0,1,0,1,1,0
0,1,2900,684,1530,686,0,86,207,88,0,0,1,0,1,0,0
0,1,687,92,218,377,0,13,38,48,0,0,1,0,1,1,0
0,1,4681,931,373,3308,69,142,51,422,9,0,1,0,1,1,0
1,5,3399,564,2236,599,0,79,343,82,0,0,1,0,1,0,0
0,1,909,0,362,403,144,0,50,51,23,0,0,0,0,0,0
0,1,1325,183,477,665,0,37,84,102,0,0,1,0,1,0,0
0,2,2196,415,1126,381,274,54,142,48,34,0,1,0,1,0,0
0,0,2963,1091,1401,286,185,175,226,34,25,0,1,0,1,1,0
0,1,895,79,803,13,0,12,139,2,0,0,1,0,1,0,0
0,0,4310,1025,2318,482,485,148,302,58,73,0,1,0,1,1,0
0,2,3543,1484,1495,564,0,240,217,95,0,1,1,0,1,0,0
0,1,757,0,252,448,57,0,37,67,8,0,0,0,0,1,0
0,0,3842,825,1188,1079,750,147,197,151,111,1,1,0,1,1,0
0,0,3848,651,1720,936,541,107,236,115,79,0,1,0,1,1,0
0,7,2095,433,1662,0,0,48,244,0,0,0,1,1,1,1,0
0,0,3748,1025,1763,424,536,148,236,60,81,0,1,0,1,0,0
0,6,524,0,524,0,0,0,86,0,0,1,0,0,0,0,0
0,2,1585,651,245,277,412,107,31,34,60,0,1,0,1,1,0
0,5,3458,0,705,0,2753,0,89,0,344,0,0,0,0,0,0
0,0,554,53,324,158,19,10,25,21,3,0,1,0,1,1,0
0,7,1232,433,799,0,0,48,96,0,0,0,1,1,1,1,0
0,4,1784,699,680,158,247,100,95,20,32,0,1,0,1,1,0
0,1,4430,684,2644,1102,0,86,363,136,0,0,1,0,1,0,0
0,6,3475,0,1911,1554,10,0,240,171,1,0,0,0,0,0,1
0,0,3209,726,843,794,846,83,124,97,109,0,1,0,1,0,0
0,3,3133,0,2700,195,238,0,383,24,36,0,0,0,0,0,1
0,0,2667,1126,1047,444,50,163,126,51,6,0,1,0,1,1,0
0,2,3835,996,2240,599,0,158,321,81,0,1,1,0,1,0,0
0,5,1119,333,489,297,0,47,77,39,0,0,1,0,1,0,0
0,5,6581,1576,164,4841,0,243,23,621,0,0,1,0,1,1,0
0,0,3900,1043,1274,840,743,175,197,123,105,1,1,0,1,1,0
0,2,706,0,432,274,0,0,74,41,0,0,0,0,0,1,0
0,3,1167,0,612,348,207,0,110,33,20,1,0,0,0,0,0
0,3,1695,408,1287,0,0,65,195,0,0,0,1,0,1,0,0
0,7,1084,838,246,0,0,131,43,0,0,0,1,1,1,1,0
0,1,1541,829,625,70,17,131,99,10,2,0,1,0,1,1,0
0,1,9915,1545,4611,3759,0,226,662,500,0,0,1,0,1,1,0
0,0,2563,695,1112,377,379,120,176,63,66,0,1,0,1,1,0
0,1,1301,267,626,352,56,49,82,54,10,0,1,0,1,1,0
0,4,6019,0,5318,463,238,0,740,56,36,0,0,0,0,0,1
0,0,554,53,324,158,19,10,25,21,3,0,1,0,1,1,0
0,6,2467,349,1320,798,0,56,208,131,0,0,1,0,1,1,0
1,0,1863,1192,237,311,123,165,35,38,13,0,1,0,1,0,0
0,0,2635,736,1249,588,62,115,177,71,9,0,1,0,1,1,0
0,0,4049,1025,2240,248,536,148,255,28,81,0,1,0,1,0,0
0,5,3009,0,1419,603,987,0,215,71,131,0,0,0,0,1,0
0,0,4416,1025,2631,358,402,148,347,41,62,0,1,0,1,1,0
0,1,784,0,635,107,42,0,69,12,2,0,0,0,0,0,0
0,0,2096,352,604,638,502,57,83,95,87,0,1,0,1,1,0
0,0,2919,968,1248,636,67,130,170,78,7,0,1,0,1,0,0
0,1,3920,667,2431,738,84,111,368,88,14,0,1,0,1,1,0
0,0,3071,404,1697,854,116,45,228,103,16,1,1,0,1,1,0
0,1,2898,1441,1052,405,0,220,142,55,0,0,1,0,1,1,0
0,5,822,606,134,63,19,84,22,12,3,0,1,0,1,0,0
0,7,1534,829,705,0,0,131,98,0,0,0,1,0,1,0,0
0,5,5334,1110,2224,658,1342,158,321,84,196,0,1,0,1,1,0
0,8,1139,0,1139,0,0,0,164,0,0,0,0,0,0,0,0
0,1,4962,2676,1152,894,240,392,150,112,36,0,1,0,1,1,0
0,7,117,0,54,63,0,0,9,12,0,0,0,0,1,1,0
0,8,311,0,311,0,0,0,47,0,0,0,0,0,0,0,0
0,1,2336,1050,701,585,0,155,97,79,0,0,1,0,1,1,0
0,2,3271,1390,463,1418,0,196,62,176,0,0,1,0,0,1,0
0,6,3412,601,2811,0,0,91,377,0,0,0,1,0,1,0,0
0,0,1993,489,706,583,215,76,114,73,32,0,1,0,1,0,0
0,5,5187,1594,3593,0,0,270,547,0,0,0,1,0,1,1,0
0,0,405,53,175,158,19,10,25,21,3,0,1,0,1,1,0
0,3,4564,472,2639,1453,0,59,332,177,0,0,1,0,0,0,0
0,0,3404,758,1349,1042,255,112,173,134,33,0,1,0,1,1,0
0,0,3362,1527,1233,564,38,247,187,78,6,0,1,0,1,1,0
0,3,3300,1390,254,1656,0,196,35,218,0,0,1,0,0,1,0
0,1,2518,684,1120,714,0,86,136,86,0,0,1,0,1,0,0
0,0,1805,388,1236,129,52,61,164,17,5,1,1,0,1,0,1
0,1,4508,1863,1563,490,592,324,239,74,88,0,1,0,1,1,0
0,3,2371,1390,192,789,0,196,26,104,0,0,1,0,0,1,0
0,5,2322,1390,906,26,0,196,141,4,0,0,1,0,0,0,0
0,2,2231,1390,258,425,158,196,31,46,17,0,1,0,0,1,0
1,3,935,0,935,0,0,0,121,0,0,0,0,0,0,0,0
1,3,1083,0,1083,0,0,0,142,0,0,0,0,0,0,0,0
0,5,3179,1390,778,1011,0,196,98,127,0,0,1,0,0,0,0
0,5,4340,1390,1276,1674,0,196,161,208,0,0,1,0,0,0,0
0,6,2015,1390,625,0,0,196,69,0,0,0,1,0,0,0,0
0,1,3603,300,1310,1896,97,44,186,260,12,0,1,0,1,1,0
0,1,3172,726,789,761,896,83,122,107,116,0,1,0,1,0,0
0,4,3305,1025,755,904,621,154,126,146,102,0,1,0,1,0,0
0,5,582,485,91,6,0,82,12,1,0,0,1,0,0,0,0
0,6,2776,1390,1386,0,0,196,214,0,0,0,1,0,0,0,0
0,4,2578,1294,1144,91,49,170,168,16,7,0,1,0,1,1,0
0,2,4954,971,812,2126,1045,150,123,269,151,0,1,0,1,1,0
0,3,1974,0,1498,408,68,0,204,43,11,0,0,0,1,1,0
0,0,1740,829,855,34,22,131,134,5,3,0,1,0,1,1,0
0,4,2557,0,2557,0,0,0,383,0,0,0,0,0,0,1,0
0,1,2036,0,410,1143,483,0,61,146,48,0,0,0,0,0,0
0,1,3067,0,1657,1379,31,0,242,189,2,0,0,0,0,1,0
0,0,4056,2130,1038,575,313,331,136,71,40,0,1,0,1,1,0
1,2,3344,548,1702,834,260,82,241,120,27,0,1,0,1,1,0
0,2,2479,606,1356,517,0,88,191,82,0,0,1,0,1,1,0
0,1,4528,673,2156,1699,0,97,318,220,0,0,1,0,1,0,0
0,7,1696,0,807,889,0,0,104,118,0,0,0,0,0,0,0
0,0,1587,204,963,203,217,37,152,21,40,0,1,0,1,1,0
0,2,1327,134,638,332,223,20,101,58,37,0,1,0,1,1,0
0,0,2270,589,1424,225,32,80,202,27,4,1,1,0,1,1,0
0,2,2635,0,1904,731,0,0,231,90,0,1,0,0,0,1,1
0,0,1588,204,963,203,218,37,152,21,40,0,1,0,1,1,0
0,4,1250,0,809,441,0,0,110,53,0,0,0,0,0,1,0
0,1,2486,0,1472,899,115,0,223,149,23,1,0,0,0,1,0
0,4,1990,134,1059,600,197,20,163,87,29,0,1,0,1,0,0
0,2,2709,1317,726,459,207,210,119,56,28,0,1,0,1,0,0
0,7,2075,0,1214,861,0,0,186,122,0,0,0,0,0,1,0
0,5,4654,1576,150,2928,0,243,18,390,0,0,1,0,1,1,0
0,3,5020,2289,1206,1525,0,319,184,222,0,0,1,0,1,0,0
0,4,3790,2289,1155,346,0,319,121,25,0,0,1,0,1,0,0
0,0,4090,404,2075,1459,152,45,169,79,20,0,1,0,1,1,0
0,2,569,0,143,426,0,0,25,55,0,1,0,0,1,1,1
0,2,4526,0,3760,766,0,0,500,98,0,0,0,0,0,0,1
0,0,3382,1042,1187,457,696,178,175,57,111,0,1,0,1,1,0
0,5,3398,716,1972,563,147,89,204,67,16,0,1,0,1,1,0
0,6,2466,570,1285,611,0,77,193,80,0,0,1,0,1,0,0
0,5,2338,1390,599,349,0,196,80,37,0,0,1,0,0,0,0
0,0,2517,530,697,579,711,93,122,78,128,0,1,0,1,0,0
0,6,4346,2289,1928,129,0,319,292,9,0,0,1,0,1,1,0
0,6,2336,1390,946,0,0,196,119,0,0,0,1,0,0,0,0
0,0,2945,717,1242,520,466,120,164,61,67,0,1,0,1,1,0
0,2,1591,0,391,1046,154,0,63,128,18,1,0,0,0,1,0
0,2,1525,1181,206,138,0,184,30,17,0,1,1,0,1,1,0
0,4,4314,0,3060,1254,0,0,432,153,0,0,0,0,0,0,1
0,7,914,734,180,0,0,119,34,0,0,0,1,1,1,0,0
0,6,4931,2289,1552,1090,0,319,231,153,0,0,1,0,1,0,0
0,0,3192,726,889,681,896,83,129,90,117,0,1,0,1,0,0
0,7,886,734,152,0,0,119,30,0,0,0,1,1,1,0,0
0,6,283,0,220,63,0,0,32,9,0,0,0,0,1,1,0
0,6,4977,2289,1456,1232,0,319,190,171,0,0,1,0,1,0,0
0,2,2371,0,1472,899,0,0,223,149,0,1,0,0,0,1,0
0,6,2385,1390,995,0,0,196,117,0,0,0,1,0,0,0,0
0,0,465,53,235,158,19,10,37,21,3,0,1,0,1,1,0
0,3,3151,0,2705,446,0,0,395,63,0,0,0,0,1,1,0
0,7,3621,797,2824,0,0,105,396,0,0,0,1,0,1,0,0
0,1,1385,175,1092,0,118,29,162,0,10,0,1,0,1,1,0
0,0,562,53,332,158,19,10,27,21,3,0,1,0,1,1,0
0,1,1321,0,370,909,42,0,53,125,6,0,0,0,0,1,0
0,0,562,53,332,158,19,10,27,21,3,0,1,0,1,1,0
0,2,2040,635,1003,402,0,97,139,54,0,0,1,0,1,1,0
0,1,2055,673,1065,317,0,97,164,47,0,0,1,0,1,1,0
0,5,2488,153,1400,486,449,25,220,74,65,0,1,0,1,1,0
0,1,2831,684,1272,875,0,86,159,104,0,0,1,0,1,0,0
0,1,1888,695,730,463,0,106,96,53,0,1,1,0,1,1,0
0,4,8480,1110,4160,2596,614,158,557,342,77,0,1,0,1,1,0
0,1,2812,528,1163,1121,0,78,162,139,0,0,1,0,1,0,0
0,0,4596,657,2832,716,391,100,397,92,54,0,1,0,1,0,0
0,0,2402,931,1229,209,33,142,179,27,3,0,1,0,1,0,0
0,7,2165,231,1934,0,0,30,264,0,0,0,1,0,1,1,0
0,4,2891,0,1796,857,238,0,244,110,36,0,0,0,0,0,1
0,2,883,0,713,170,0,0,116,25,0,1,0,0,0,1,0
0,0,3796,1126,1549,962,159,163,205,128,20,0,1,0,1,1,0
0,2,728,0,483,245,0,0,65,32,0,0,0,0,0,1,0
0,1,1659,0,972,646,41,0,129,80,4,0,0,0,0,0,0
0,0,2508,860,458,917,273,121,63,122,42,0,1,0,1,0,0
0,0,5208,1025,3232,549,402,148,411,69,62,0,1,0,1,1,0
0,6,245,0,245,0,0,0,41,0,0,0,0,0,0,0,0
0,5,5586,1576,232,3778,0,243,36,519,0,0,1,0,1,1,0
0,0,4243,1208,2329,496,210,155,352,63,21,0,1,0,1,1,0
0,6,5155,2289,2857,9,0,319,389,1,0,0,1,0,1,1,0
0,2,1531,0,346,1000,185,0,57,129,28,0,0,0,1,1,0
0,1,4818,1050,2926,842,0,155,404,117,0,0,1,0,1,1,0
0,0,3411,904,999,665,843,127,136,105,118,1,1,0,1,0,0
0,1,2565,589,304,1672,0,80,49,247,0,1,1,0,1,0,0
0,7,4116,2289,1827,0,0,319,239,0,0,0,1,0,1,0,0
0,0,4626,1208,2703,607,108,155,379,75,17,0,1,0,1,1,0
0,1,559,53,317,170,19,10,24,22,3,0,1,0,1,1,0
0,4,2139,0,2139,0,0,0,312,0,0,0,0,0,0,1,0
0,6,3663,2289,1089,285,0,319,156,35,0,0,1,0,1,1,0
0,8,3536,0,3536,0,0,0,502,0,0,0,0,0,0,0,0
0,6,1412,228,1184,0,0,32,147,0,0,0,1,0,0,0,0
0,1,1072,281,73,718,0,38,9,103,0,0,1,0,1,1,0
0,1,424,281,61,82,0,38,9,10,0,0,1,0,1,1,0
0,8,3567,0,3567,0,0,0,493,0,0,0,0,0,0,0,0
0,7,1466,153,1313,0,0,25,134,0,0,0,1,1,1,1,0
0,1,2598,1204,740,654,0,169,88,80,0,1,1,0,1,1,0
0,0,2946,726,864,460,896,83,126,68,117,0,1,0,1,0,0
0,6,2143,157,1715,271,0,23,272,33,0,0,1,0,1,0,0
0,3,3315,0,3315,0,0,0,396,0,0,1,0,0,0,0,0
0,4,2039,0,1221,818,0,0,173,96,0,0,0,0,0,0,0
0,7,1454,153,1301,0,0,25,209,0,0,0,1,1,1,1,0
0,7,973,153,820,0,0,25,87,0,0,0,1,1,1,1,0
0,2,2729,1317,725,480,207,210,111,61,28,0,1,0,1,0,0
0,7,1445,153,1292,0,0,25,209,0,0,0,1,1,1,1,0
0,7,1800,866,934,0,0,123,134,0,0,0,1,0,1,0,0
0,2,1276,829,360,70,17,131,61,10,2,0,1,0,1,1,0
0,2,3575,534,1284,1757,0,78,173,274,0,0,1,0,1,1,0
0,0,1880,198,860,706,116,26,109,99,14,1,1,0,1,1,0
0,1,1890,0,446,1426,18,0,59,176,2,1,0,0,0,0,0
0,1,2749,530,541,1131,547,93,96,162,97,0,1,0,1,0,0
0,1,1482,0,990,349,143,0,159,59,20,0,0,0,1,1,0
0,4,1388,0,931,411,46,0,126,49,5,0,0,0,1,1,0
1,1,1748,616,616,260,256,112,112,34,33,0,1,0,1,0,0
0,2,3209,708,1030,1052,419,117,157,167,61,0,1,0,1,1,0
0,4,4442,230,3361,851,0,36,462,104,0,1,1,0,1,0,0
0,1,3107,0,1186,569,1352,0,173,85,204,0,0,0,1,0,0
0,4,1884,310,708,432,434,53,107,65,74,0,1,0,1,1,0
0,1,3080,685,990,587,818,101,135,75,111,0,1,0,1,1,0
0,1,2569,1356,305,660,248,207,42,83,40,0,1,0,1,0,0
0,1,522,281,81,160,0,38,12,24,0,0,1,0,1,1,0
0,2,1766,175,1445,146,0,29,182,18,0,0,1,0,1,1,0
1,4,1437,660,590,0,187,91,79,0,24,0,1,1,1,1,0
0,0,562,53,332,158,19,10,27,21,3,0,1,0,1,1,0
0,2,2104,334,1136,173,461,42,171,27,59,0,1,0,1,0,0
0,0,3126,726,933,570,897,83,135,71,117,0,1,0,1,0,0
0,1,522,53,314,136,19,10,23,18,3,0,1,0,1,1,0
0,1,2132,0,1019,463,650,0,161,58,115,1,0,0,0,1,0
0,0,562,53,332,158,19,10,27,21,3,0,1,0,1,1,0
0,6,2245,684,1561,0,0,87,220,0,0,0,1,0,1,0,0
0,0,1395,305,686,274,130,37,108,31,18,0,1,0,1,0,0
0,4,5435,349,5086,0,0,56,718,0,0,1,1,1,1,1,0
0,6,1631,0,952,489,190,0,159,75,24,0,0,0,1,1,0
0,3,998,0,403,595,0,0,54,71,0,0,0,0,0,0,0
0,3,3060,699,1190,977,194,100,190,135,25,0,1,0,1,0,0
0,1,4440,2206,1362,241,631,350,208,26,105,0,1,0,1,1,0
0,2,4156,694,2518,751,193,105,380,98,27,0,1,0,1,1,0
0,0,4553,1025,2432,560,536,148,313,70,81,0,1,0,1,0,0
0,0,562,53,332,158,19,10,27,21,3,0,1,0,1,1,0
0,1,1663,829,747,70,17,131,116,10,2,0,1,0,1,1,0
0,3,1076,882,194,0,0,134,25,0,0,1,1,0,1,0,0
0,2,2288,979,841,468,0,144,110,60,0,0,1,0,1,1,0
0,5,1834,0,1541,146,147,0,213,18,24,0,0,0,0,1,1
0,1,3498,1557,869,501,571,230,128,69,92,0,1,0,1,0,0
0,2,3142,684,2458,0,0,108,351,0,0,0,1,0,1,1,0
0,0,3078,579,641,1368,490,87,97,182,55,0,1,0,1,1,0
0,0,562,53,332,158,19,10,27,21,3,0,1,0,1,1,0
0,3,2404,549,942,616,297,87,134,82,44,0,1,0,1,1,0
0,1,2819,1017,1709,0,93,124,101,0,12,0,1,0,1,0,0
0,4,3623,228,1820,1575,0,32,238,189,0,0,1,0,0,0,0
0,2,1097,0,1091,6,0,0,171,1,0,0,0,0,0,1,0
0,0,562,53,332,158,19,10,27,21,3,0,1,0,1,1,0
0,0,4617,736,2899,920,62,115,386,113,9,0,1,0,1,1,0
0,0,5831,4007,697,993,134,588,101,150,11,0,1,0,1,0,0
0,0,2373,615,844,600,314,83,146,84,47,0,1,0,1,1,0
0,8,366,0,366,0,0,0,55,0,0,0,0,0,0,0,0
0,4,2870,333,1182,1154,201,50,171,149,35,0,1,0,1,1,0
0,0,2630,532,1569,505,24,92,210,61,3,1,1,0,1,1,0
0,0,2724,392,1714,383,235,61,227,48,32,1,1,0,1,1,1
0,2,4636,879,2842,915,0,141,342,120,0,1,1,0,1,1,0
0,4,3056,362,1484,349,861,59,220,42,142,0,1,0,1,1,0
0,2,3487,384,3103,0,0,70,468,0,0,0,1,0,1,1,0
0,0,562,53,332,158,19,10,27,21,3,0,1,0,1,1,0
0,0,2358,392,981,968,17,61,140,149,2,1,1,0,1,1,1
0,2,3000,879,2121,0,0,127,262,0,0,0,1,0,1,0,0
0,1,2464,0,1462,899,103,0,221,149,18,1,0,0,0,1,0
0,1,3537,532,1897,1108,0,92,246,139,0,0,1,0,1,1,0
0,4,1523,1050,223,0,250,155,37,0,37,0,1,0,1,1,0
0,4,1686,441,752,290,203,74,131,36,28,1,1,0,1,1,0
0,0,562,53,332,158,19,10,27,21,3,0,1,0,1,1,0
0,5,1324,0,1324,0,0,0,237,0,0,0,0,0,0,0,0
0,2,4263,0,3300,666,297,0,444,100,45,0,0,0,0,0,0
0,1,3531,890,1039,944,658,141,157,113,90,0,1,0,1,0,0
0,3,4124,785,3093,0,246,127,383,0,35,0,1,0,1,0,0
0,0,5928,521,1960,3332,115,64,308,423,18,1,1,0,0,1,0
0,0,1819,387,701,323,408,63,98,43,54,0,1,0,1,1,0
0,0,5061,392,2988,1658,23,61,409,245,4,1,1,0,1,1,1
0,0,6777,2676,2006,1855,240,392,269,226,36,0,1,0,1,1,0
0,1,1915,511,1019,385,0,73,173,52,0,0,1,0,1,1,0
0,0,1567,392,684,472,19,61,95,64,3,1,1,0,1,1,1
0,0,1280,315,763,115,87,41,116,18,13,0,1,0,1,0,0
0,2,2832,0,2511,321,0,0,396,39,0,0,0,0,1,1,0
0,7,2727,188,2539,0,0,25,321,0,0,0,1,0,1,0,0
0,8,431,0,431,0,0,0,54,0,0,0,0,0,0,1,0
0,6,998,575,75,0,348,86,13,0,51,0,1,0,1,0,0
0,0,1593,392,723,376,102,61,93,48,15,1,1,0,1,1,1
0,0,3241,392,1029,1374,446,61,127,172,50,1,1,0,1,1,1
0,3,2529,0,1004,1090,435,0,148,134,60,0,0,0,0,1,0
0,7,917,747,170,0,0,125,24,0,0,0,1,0,1,0,0
0,1,2514,0,1005,1467,42,0,148,195,8,1,0,0,0,1,0
0,7,529,0,476,53,0,0,65,9,0,0,0,0,1,0,0
0,7,371,310,61,0,0,53,9,0,0,0,1,0,1,0,0
0,3,1278,0,964,314,0,0,131,37,0,0,0,0,0,1,0
0,1,1811,281,957,573,0,38,126,72,0,0,1,0,1,1,0
0,0,6155,2676,1651,1588,240,392,206,202,36,0,1,0,1,1,0
0,0,2098,758,610,379,351,112,85,55,48,0,1,0,1,1,0
0,0,5146,1025,2955,610,556,148,370,70,82,0,1,0,1,1,0
0,4,911,0,542,369,0,0,80,51,0,0,0,0,0,0,0
0,4,963,0,913,50,0,0,102,6,0,0,0,0,0,1,0
1,6,1080,349,115,616,0,56,16,77,0,0,1,0,1,1,0
0,7,3532,684,2848,0,0,108,382,0,0,0,1,0,1,0,0
0,2,3810,342,2251,906,311,47,342,110,47,0,1,0,1,0,0
0,1,2116,0,1612,464,40,0,195,58,2,0,0,0,1,0,0
0,2,3733,0,652,2187,894,0,92,307,132,1,0,0,1,1,0
0,0,1507,392,539,274,302,61,72,40,45,1,1,0,1,1,1
0,0,3358,730,1086,289,1253,116,158,38,200,0,1,0,1,1,0
0,0,1107,132,463,408,104,24,63,48,13,0,1,0,1,1,0
0,8,3009,0,3009,0,0,0,532,0,0,0,0,0,0,0,1
0,0,2377,789,948,531,109,120,141,72,14,1,1,0,1,1,1
0,3,1896,0,1407,489,0,0,191,56,0,1,0,0,0,1,0
0,5,1092,0,1092,0,0,0,169,0,0,0,0,0,0,0,1
0,2,3394,970,1337,901,186,134,183,133,25,0,1,0,1,1,0
0,5,1209,0,533,676,0,0,72,86,0,0,0,0,1,0,0
0,2,583,53,381,130,19,10,33,18,3,0,1,0,1,1,0
0,5,1834,0,1541,146,147,0,213,18,24,0,0,0,0,1,1
0,3,950,0,554,267,129,0,72,32,18,0,0,0,0,0,1
0,1,1072,0,212,793,67,0,29,111,10,0,0,0,0,1,0
0,4,785,0,573,0,212,0,78,0,37,0,0,0,0,0,1
0,3,845,0,414,300,131,0,47,35,19,0,0,0,0,0,1
0,4,1965,0,868,1097,0,0,124,97,0,0,0,0,0,0,0
0,1,3356,0,2160,715,481,0,310,101,75,0,0,0,0,1,0
0,6,1990,0,825,1127,38,0,128,140,5,0,0,0,0,0,0
0,0,2089,789,1215,54,31,120,149,7,5,1,1,0,1,1,1
0,0,1842,789,637,267,149,120,94,29,21,1,1,0,1,1,1
0,0,2962,789,1684,234,255,120,232,31,30,1,1,0,1,1,1
0,5,5401,0,4683,718,0,0,645,102,0,0,0,0,1,0,0
0,0,2154,789,874,472,19,120,112,58,3,1,1,0,1,1,1
0,4,1360,0,657,703,0,0,87,90,0,0,0,0,0,1,0
0,8,722,0,722,0,0,0,72,0,0,0,0,0,0,0,0
0,3,3132,271,316,2545,0,39,52,347,0,1,1,0,1,0,0
0,1,1307,0,659,334,314,0,74,41,49,0,0,0,0,1,0
0,1,1819,996,616,175,32,158,88,22,4,0,1,0,1,1,0
0,2,208,0,122,42,44,0,8,5,7,0,0,0,0,1,1
0,4,9718,0,8578,902,238,0,1183,116,36,0,0,0,0,0,1
0,0,562,53,332,158,19,10,27,21,3,0,1,0,1,1,0
0,5,854,0,479,375,0,0,83,62,0,0,0,0,0,0,0
0,6,2464,0,2464,0,0,0,405,0,0,0,0,0,1,0,0
0,1,4841,0,3820,967,54,0,531,118,4,0,0,0,0,1,0
0,5,1829,0,616,1213,0,0,78,165,0,0,0,0,0,0,0
0,1,3186,598,1203,862,523,80,209,122,98,0,1,0,1,1,0
0,5,1317,0,1317,0,0,0,148,0,0,0,0,0,0,0,0
0,6,1521,829,692,0,0,131,106,0,0,0,1,0,1,0,0
0,0,3038,1050,1305,440,243,155,180,61,30,0,1,0,1,1,0
0,1,2223,236,1332,655,0,32,163,90,0,1,1,0,1,1,0
0,4,2671,836,825,907,103,117,108,110,10,0,1,0,1,0,0
0,1,2042,530,920,573,19,78,103,77,4,0,1,0,1,0,0
0,6,952,228,724,0,0,32,90,0,0,0,1,0,0,0,0
0,0,4711,1376,719,1636,980,226,109,232,148,0,1,0,1,1,0
0,1,3188,332,1850,885,121,50,257,113,17,0,1,0,1,1,0
0,2,3336,1025,1307,248,756,148,159,28,98,0,1,0,1,0,0
0,1,1321,0,843,329,149,0,120,43,25,1,0,0,0,1,0
1,0,4987,1944,1698,1092,253,278,261,166,35,0,1,0,1,1,0
0,4,1068,0,1068,0,0,0,154,0,0,0,0,0,0,0,0
0,2,3143,702,1293,914,234,110,177,127,27,0,1,0,1,0,0
0,0,3062,717,1421,458,466,120,186,54,67,0,1,0,1,1,0
0,5,2448,0,2448,0,0,0,397,0,0,1,0,0,0,0,0
0,0,4903,2676,1508,536,183,392,204,64,29,0,1,0,1,1,0
0,7,2004,231,1773,0,0,30,219,0,0,0,1,0,1,1,0
0,0,2895,746,1566,291,292,127,253,47,35,0,1,0,1,1,0
0,3,1866,747,608,511,0,125,86,75,0,0,1,0,1,1,0
0,7,1877,231,1646,0,0,30,225,0,0,0,1,0,1,1,0
0,1,2650,854,1386,410,0,141,220,55,0,1,1,0,1,0,0
0,4,735,115,593,27,0,15,90,3,0,0,1,0,1,0,0
0,1,4735,1708,1503,544,980,290,250,64,177,0,1,0,1,1,0
0,0,3123,726,946,554,897,83,136,75,117,0,1,0,1,0,0
0,2,1353,0,824,529,0,0,112,60,0,0,0,0,0,1,0
0,0,2171,186,571,689,725,28,83,74,128,1,1,0,1,1,0
0,4,2465,231,2234,0,0,30,277,0,0,1,1,0,1,1,0
0,4,2783,717,1220,494,352,120,161,62,43,0,1,0,1,1,0
0,0,474,53,244,158,19,10,35,21,3,0,1,0,1,1,0
0,7,2234,231,2003,0,0,30,255,0,0,0,1,0,1,1,0
0,4,831,231,600,0,0,30,87,0,0,1,1,0,1,1,0
0,0,3682,1185,1494,443,560,140,191,67,102,0,1,0,1,1,0
0,2,2773,996,1777,0,0,158,248,0,0,0,1,0,1,0,0
0,3,1586,489,882,186,29,76,119,21,5,0,1,0,1,1,0
0,0,2732,537,1568,487,140,78,201,67,19,1,1,0,1,1,0
0,7,3951,684,3267,0,0,108,452,0,0,0,1,0,1,0,0
0,0,4356,532,2764,894,166,92,372,112,21,1,1,0,1,1,0
0,3,253,0,253,0,0,0,44,0,0,0,0,0,0,0,0
0,4,3245,0,2116,360,769,0,286,41,110,0,0,0,0,0,1
0,5,1414,153,652,455,154,25,98,67,18,0,1,1,1,1,0
0,0,2481,910,792,722,57,141,93,107,5,0,1,0,1,1,0
0,0,2794,910,1145,671,68,141,156,88,7,0,1,0,1,1,0
0,1,4149,910,2443,744,52,141,336,81,5,0,1,0,1,1,0
0,4,513,433,80,0,0,63,15,0,0,0,1,0,1,0,0
0,1,2142,345,422,702,673,53,60,71,104,0,1,0,1,0,0
0,1,1144,435,245,382,82,63,35,50,12,0,1,0,1,1,0
0,3,2306,516,853,791,146,76,94,97,20,0,1,0,1,1,0
0,0,3154,1050,1416,445,243,155,199,62,30,0,1,0,1,1,0
0,5,2303,720,1168,240,175,119,176,35,21,0,1,0,1,0,0
0,5,5228,735,4493,0,0,104,642,0,0,0,1,0,1,0,0
0,4,2382,310,1134,880,58,53,176,124,6,0,1,0,1,0,0
0,5,2049,228,420,1401,0,32,63,198,0,0,1,0,0,0,0
0,7,2969,0,2289,680,0,0,310,88,0,0,0,0,0,0,1
0,3,5155,1014,3673,468,0,167,506,59,0,0,1,0,1,1,0
0,0,4009,720,2544,593,152,126,332,70,19,0,1,0,1,1,0
0,7,2282,0,1423,859,0,0,183,109,0,0,0,1,1,0,0
0,0,4163,694,2305,1109,55,105,324,160,8,1,1,0,1,1,0
0,0,2526,694,1158,427,247,105,172,62,31,1,1,0,1,1,0
0,0,2092,1394,188,183,327,216,31,24,51,1,1,0,1,1,0
0,0,3455,694,1802,699,260,105,260,103,37,1,1,0,1,1,0
0,0,2519,694,1365,318,142,105,195,45,18,1,1,0,1,1,0
0,3,1333,0,507,638,188,0,82,90,27,0,0,0,0,0,0
0,3,2245,537,1196,394,118,78,156,49,16,1,1,0,1,1,0
0,0,1892,549,790,385,168,87,117,52,21,0,1,0,1,0,0
0,0,2469,694,1263,440,72,105,168,58,9,1,1,0,1,1,0
0,6,2892,441,705,1746,0,64,99,225,0,0,1,0,1,0,0
0,0,562,53,332,158,19,10,27,21,3,0,1,0,1,1,0
0,1,1797,175,1504,0,118,29,183,0,10,0,1,0,1,1,0
0,2,577,53,382,123,19,10,33,18,3,0,1,0,1,1,0
0,3,2131,1025,464,642,0,135,68,76,0,0,1,0,1,0,0
0,8,6239,0,6239,0,0,0,945,0,0,0,0,0,0,0,0
0,0,761,76,385,294,6,13,61,35,1,0,1,0,1,0,0
0,4,1751,228,136,1387,0,32,19,179,0,0,1,0,0,0,0
0,0,3543,405,671,1667,800,65,106,215,136,0,1,0,1,0,0
0,0,465,53,235,158,19,10,37,21,3,0,1,0,1,1,0
0,1,2335,0,1001,1139,195,0,138,150,33,1,0,0,0,0,0
0,4,3405,885,1356,1164,0,141,189,186,0,0,1,0,1,0,0
0,1,2900,0,2253,500,147,0,320,51,19,0,0,0,0,0,0
0,4,3230,2023,1207,0,0,282,155,0,0,0,1,0,1,0,0
0,0,2361,1394,509,131,327,216,79,21,51,1,1,0,1,1,0
0,0,2532,489,1384,486,173,74,227,66,24,0,1,0,1,1,0
0,0,2280,1394,429,130,327,216,66,14,51,1,1,0,1,1,0
0,5,1840,528,607,438,267,75,69,56,33,0,1,0,1,1,0
0,6,4125,1994,1954,177,0,236,274,27,0,0,1,0,1,0,0
0,1,718,115,580,23,0,15,91,3,0,0,1,0,1,0,0
0,5,1834,0,1541,146,147,0,213,18,24,0,0,0,0,1,1
0,0,2575,426,1214,883,52,62,185,119,11,0,1,0,1,1,0
0,5,1237,228,1009,0,0,32,126,0,0,0,1,0,0,0,0
0,3,430,0,430,0,0,0,58,0,0,0,0,0,0,0,0
0,5,4655,1576,151,2928,0,243,18,390,0,0,1,0,1,1,0
0,4,1300,426,286,418,170,58,41,57,19,0,1,1,1,1,0
0,2,337,0,85,163,89,0,11,23,12,0,0,0,0,0,0
0,2,3664,1491,2173,0,0,235,317,0,0,0,1,0,1,0,0
0,3,1156,66,282,808,0,8,31,90,0,0,1,0,1,0,0
0,2,2155,0,591,1564,0,0,71,214,0,0,0,0,0,1,0
0,1,2303,0,1134,516,653,0,185,71,97,0,0,0,0,0,0
0,0,5054,1252,2364,1133,305,198,280,147,40,0,1,0,1,1,0
0,6,2303,0,1134,516,653,0,185,71,97,0,0,0,0,0,0
0,0,3414,720,1838,702,154,126,252,87,20,0,1,0,1,1,0
0,0,3424,1565,1375,346,138,256,233,50,22,0,1,0,1,1,0
0,0,5342,1025,3232,549,536,148,411,69,81,0,1,0,1,1,0
0,6,2353,0,636,986,731,0,97,114,109,0,0,0,0,1,0
0,4,3164,0,2242,922,0,0,294,115,0,0,0,0,0,0,1
0,5,1314,228,1086,0,0,32,128,0,0,0,1,0,0,0,0
0,5,1834,0,1541,146,147,0,213,18,24,0,0,0,0,1,1
0,5,1834,0,1541,146,147,0,213,18,24,0,0,0,0,1,1
0,1,982,0,763,154,65,0,118,13,12,0,0,0,0,0,0
0,0,4087,392,3469,214,12,61,436,23,2,1,1,0,1,1,1
0,0,1574,361,942,202,69,57,143,31,10,1,1,0,1,1,0
0,4,2739,0,2201,538,0,0,294,73,0,0,0,0,0,0,1
0,5,1834,0,1541,146,147,0,213,18,24,0,0,0,0,1,1
0,0,5051,1251,837,954,2009,201,128,133,291,0,1,0,1,0,0
0,5,1834,0,1541,146,147,0,213,18,24,0,0,0,0,1,1
0,5,1834,0,1541,146,147,0,213,18,24,0,0,0,0,1,1
0,0,3654,613,1197,640,1204,100,183,84,197,0,1,0,1,1,0
0,4,1096,0,520,101,475,0,75,13,68,0,0,0,0,1,0
0,2,2565,0,611,1954,0,0,80,229,0,0,0,0,0,1,0
0,3,918,0,715,203,0,0,105,26,0,0,0,0,0,0,0
1,1,6890,1252,2576,2946,116,198,378,379,18,0,1,0,1,1,0
0,0,2235,720,858,503,154,126,106,62,20,0,1,0,1,1,0
0,0,2392,720,1212,306,154,126,155,29,20,0,1,0,1,1,0
0,3,4957,1014,3611,332,0,167,502,42,0,0,1,0,1,1,0
0,1,4739,684,2721,1334,0,86,357,174,0,0,1,0,1,0,0
0,0,2408,720,941,610,137,126,133,75,17,0,1,0,1,1,0
0,5,5990,1376,1917,2203,494,165,245,347,67,0,1,0,1,0,0
0,0,2001,720,637,490,154,126,78,57,20,0,1,0,1,1,0
0,2,583,53,381,130,19,10,33,18,3,0,1,0,1,1,0
0,2,3483,977,1207,925,374,128,153,131,32,0,1,0,0,0,0
0,1,3355,1818,571,966,0,297,84,147,0,0,1,0,1,1,0
0,0,4714,1078,2268,1329,39,137,296,164,5,0,1,0,1,1,0
1,0,5848,829,3100,1709,210,131,447,268,30,1,1,0,1,1,0
0,2,4492,1254,1184,1717,337,183,186,233,48,0,1,0,1,0,0
1,0,4285,1078,2539,631,37,137,346,78,5,0,1,0,1,1,0
0,2,583,53,381,130,19,10,33,18,3,0,1,0,1,1,0
0,0,4489,1078,2426,943,42,137,322,119,5,0,1,0,1,1,0
1,0,3346,1078,1599,632,37,137,208,79,5,0,1,0,1,1,0
0,1,2272,529,1150,458,135,80,173,59,18,0,1,0,1,1,0
0,7,3223,2023,1200,0,0,282,156,0,0,0,1,0,1,1,0
0,1,2981,1344,1103,369,165,222,161,53,25,1,1,0,1,0,0
0,1,2773,684,1541,548,0,86,204,72,0,0,1,0,1,0,0
0,7,3239,2023,1216,0,0,282,156,0,0,0,1,0,1,0,0
0,7,3206,2023,1183,0,0,282,153,0,0,0,1,0,1,0,0
0,2,2256,1025,1231,0,0,135,158,0,0,1,1,0,1,0,0
0,2,702,0,274,428,0,0,40,53,0,0,0,0,1,0,0
0,1,1730,1025,228,477,0,135,34,63,0,1,1,0,1,1,0
0,0,3868,720,2156,808,184,126,299,129,23,0,1,0,1,1,0
0,1,4853,1306,2101,686,760,175,291,79,100,1,1,0,1,1,0
0,1,1449,0,417,464,568,0,69,56,86,0,0,0,1,0,0
0,0,3796,1126,1549,962,159,163,205,128,20,0,1,0,1,1,0
0,0,1531,762,317,421,31,109,40,73,4,1,1,0,1,0,0
0,3,3602,1491,2111,0,0,235,328,0,0,0,1,0,1,0,0
0,2,3664,1491,2173,0,0,235,335,0,0,0,1,0,1,0,0
0,2,583,53,381,130,19,10,33,18,3,0,1,0,1,1,0
0,2,3104,1491,1613,0,0,235,245,0,0,0,1,0,1,0,0
0,0,2652,599,1396,561,96,93,193,73,15,0,1,0,1,0,0
0,7,4339,0,4339,0,0,0,557,0,0,0,0,0,0,0,1
0,4,2224,717,845,196,466,120,110,29,67,0,1,0,1,1,0
0,2,3621,797,2824,0,0,105,396,0,0,0,1,0,1,1,0
1,0,1364,787,441,88,48,112,69,14,6,1,1,0,1,0,0
0,1,398,0,154,181,63,0,18,17,5,0,0,0,0,1,0
1,3,3368,2197,644,250,277,319,94,30,42,0,1,0,1,1,0
0,2,3203,1491,1712,0,0,235,226,0,0,0,1,0,1,0,0
0,2,3211,1491,1720,0,0,235,226,0,0,0,1,0,1,0,0
0,1,2151,134,1275,742,0,20,175,86,0,1,1,0,1,1,0
1,0,1241,397,488,192,164,70,86,30,24,1,1,0,1,0,0
0,2,3350,1491,1859,0,0,235,271,0,0,0,1,0,1,0,0
0,0,562,53,332,158,19,10,27,21,3,0,1,0,1,1,0
0,0,4207,1078,1592,1495,42,137,206,183,5,0,1,0,1,1,0
0,1,97,0,43,38,16,0,8,5,2,1,0,0,0,1,0
0,5,2388,228,2160,0,0,32,284,0,0,0,1,0,0,0,0
0,1,3970,456,2665,359,490,69,404,50,92,0,1,0,1,1,0
1,0,3231,560,1413,767,491,72,199,89,72,0,1,0,1,1,0
0,0,3744,1025,1749,434,536,148,213,58,81,0,1,0,1,1,0
0,1,4644,298,2066,1995,285,42,265,264,42,0,1,0,1,1,0
0,0,1682,315,1045,147,175,45,165,23,19,1,1,0,1,1,0
0,7,838,0,838,0,0,0,135,0,0,0,0,0,1,0,0
0,1,892,281,84,527,0,38,13,68,0,0,1,0,1,1,0
1,1,1429,0,777,149,503,0,59,21,49,1,0,0,0,0,0
0,0,2695,575,909,591,620,97,138,87,95,0,1,0,1,0,0
0,7,4159,1410,2749,0,0,215,407,0,0,0,1,0,1,0,0
1,1,6202,1252,1945,2636,369,198,232,339,58,0,1,0,1,1,0
0,0,5313,2301,758,401,1853,320,99,51,272,0,1,0,1,1,0
0,0,4348,575,563,1063,2147,97,83,137,373,0,1,0,1,0,0
0,2,583,53,381,130,19,10,33,18,3,0,1,0,1,1,0
0,4,4849,2289,1740,820,0,319,245,114,0,0,1,0,1,0,0
0,0,4953,575,1034,1145,2199,97,169,162,383,0,1,0,1,0,0
0,5,6590,1576,173,4841,0,243,25,621,0,0,1,0,1,1,0
0,7,2490,0,821,1669,0,0,114,216,0,0,0,0,1,0,0
0,6,2352,157,1682,513,0,23,277,71,0,0,1,0,1,1,0
0,5,1287,0,734,553,0,0,94,69,0,0,0,0,1,0,0
0,2,2888,1099,970,819,0,147,142,114,0,0,1,0,1,1,1
0,0,1812,321,933,504,54,46,121,51,5,0,1,0,1,0,0
0,6,1129,0,292,837,0,0,40,100,0,0,0,0,0,1,0
0,0,3752,127,3053,238,334,20,506,35,40,1,1,0,1,1,0
0,2,1619,81,1538,0,0,14,222,0,0,0,1,0,0,0,0
0,3,4610,1708,1779,1123,0,290,321,186,0,0,1,0,1,1,0
0,0,3072,1230,839,624,379,181,127,90,56,0,1,0,1,1,0
0,0,3205,1068,770,299,1068,136,86,36,136,1,1,0,1,0,0
0,1,1239,0,618,150,471,0,83,17,64,0,0,0,0,0,0
0,0,3350,1068,691,523,1068,136,73,53,136,1,1,0,1,0,0
0,0,4067,1068,1241,690,1068,136,170,94,136,1,1,0,1,0,0
0,2,722,0,522,0,200,0,62,0,26,0,0,0,0,0,0
0,3,2130,89,1645,396,0,13,239,48,0,0,1,0,1,1,0
0,2,1566,0,976,514,76,0,131,53,5,0,0,0,1,0,0
0,2,4777,332,2327,2118,0,50,316,281,0,0,1,0,1,1,0
0,1,1481,829,546,90,16,131,75,15,2,0,1,0,1,0,0
1,0,1364,787,441,88,48,112,69,14,6,1,1,0,1,0,0
0,1,4486,1820,1600,711,355,327,250,109,54,0,1,0,1,1,0
0,0,2480,477,1277,645,81,63,162,85,11,0,1,0,1,1,0
0,4,1964,0,1964,0,0,0,287,0,0,0,0,0,1,1,0
0,1,4516,2206,1261,393,656,350,193,35,110,0,1,0,1,1,0
0,0,3930,1461,1340,905,224,211,189,110,22,1,1,0,1,1,0
0,6,2714,228,2486,0,0,32,314,0,0,0,1,0,0,0,0
0,1,946,0,202,710,34,0,32,106,5,0,0,0,0,1,0
0,0,7282,1063,4237,1790,192,164,582,263,30,0,1,0,1,0,0
0,1,3500,1686,1102,712,0,244,155,92,0,0,1,0,1,1,0
0,0,1805,388,1236,129,52,61,164,17,5,1,1,0,1,0,1
0,6,509,0,509,0,0,0,80,0,0,0,0,0,0,0,0
1,5,1924,1271,647,6,0,204,100,1,0,0,1,0,1,0,0
0,1,3748,1208,1583,771,186,155,221,112,25,0,1,0,1,1,0
0,5,1844,290,251,756,547,44,45,130,85,0,1,0,1,0,0
0,2,2808,964,1486,358,0,146,201,37,0,0,1,0,1,1,0
0,0,1500,651,260,320,269,107,34,40,38,0,1,0,1,1,0
0,3,2806,574,548,1684,0,86,79,219,0,0,1,0,1,1,0
0,7,2101,0,1017,1084,0,0,119,130,0,0,0,0,0,0,1
0,8,742,0,742,0,0,0,119,0,0,0,0,0,1,0,0
0,0,1910,1124,304,373,109,147,39,45,11,0,1,0,1,1,0
0,7,341,229,112,0,0,33,18,0,0,0,1,1,1,0,0
0,1,1077,692,191,194,0,115,14,20,0,0,1,0,1,0,0
0,1,4254,1562,1502,509,681,249,195,63,116,0,1,0,1,0,0
0,2,2007,377,1630,0,0,60,237,0,0,0,1,0,1,0,0
0,4,2613,532,887,1194,0,82,124,147,0,0,1,0,1,1,0
0,1,1786,0,1380,382,24,0,206,50,1,0,0,0,0,0,0
0,0,2942,651,1138,600,553,107,161,90,73,0,1,0,1,1,0
0,5,1146,228,918,0,0,32,124,0,0,0,1,0,0,0,0
0,0,1589,204,1111,121,153,37,181,13,24,0,1,0,1,1,0
0,0,2525,330,1336,620,239,51,183,79,32,0,1,0,1,1,0
0,5,778,0,641,137,0,0,95,14,0,0,0,0,0,0,0
0,0,2884,1297,1091,419,77,182,155,64,14,1,1,0,1,0,0
0,1,4507,1073,1331,1015,1088,154,199,160,169,0,1,0,1,1,0
0,1,645,53,456,117,19,10,50,15,3,0,1,0,1,1,0
1,0,1744,204,1338,122,80,37,216,14,10,0,1,0,1,1,0
0,0,990,204,148,511,127,37,18,95,20,0,1,0,1,1,0
0,1,3984,1344,2109,531,0,222,303,66,0,1,1,0,1,0,0
0,0,562,53,332,158,19,10,27,21,3,0,1,0,1,1,0
0,0,562,53,332,158,19,10,27,21,3,0,1,0,1,1,0
0,1,1504,0,891,581,32,0,133,78,6,1,0,0,0,1,0
0,0,474,53,244,158,19,10,35,21,3,0,1,0,1,1,0
1,1,1629,0,448,1064,117,0,63,147,19,1,0,0,0,1,0
0,0,2148,356,1396,297,99,46,185,47,14,1,1,0,1,1,0
0,4,2896,115,2781,0,0,18,424,0,0,1,1,0,1,1,0
0,0,1093,187,182,580,144,25,21,62,15,0,1,0,0,1,0
0,6,1906,0,1005,901,0,0,136,98,0,1,0,0,0,0,0
0,1,1308,603,483,142,80,94,67,12,12,0,1,0,1,0,0
1,2,2253,0,1458,539,256,0,234,69,43,0,0,0,0,0,0
0,1,2194,511,1054,629,0,73,140,73,0,0,1,0,1,1,0
0,6,4382,1208,2979,0,195,155,413,0,26,0,1,0,1,0,0
0,7,401,79,322,0,0,12,50,0,0,0,1,0,1,0,0
0,5,5774,1820,2270,1281,403,327,334,184,61,0,1,0,1,1,0
0,0,6724,579,4028,1627,490,87,562,207,55,0,1,0,1,1,0
0,6,3963,1994,1565,404,0,236,188,51,0,0,1,0,1,1,0
0,8,2153,0,2153,0,0,0,358,0,0,0,0,0,1,0,0
0,4,3231,0,2332,899,0,0,315,123,0,0,0,0,0,0,1
0,1,902,0,588,176,138,0,106,34,26,1,0,0,0,0,1
0,0,1857,549,422,218,668,87,67,31,112,0,1,0,1,0,0
0,0,2596,330,1323,744,199,51,179,103,27,0,1,0,1,1,0
0,2,583,53,381,130,19,10,33,18,3,0,1,0,1,1,0
0,5,4583,1594,2989,0,0,270,462,0,0,0,1,0,1,1,0
0,1,901,0,587,176,138,0,106,34,26,1,0,0,0,0,1
0,2,222,0,157,65,0,0,21,8,0,1,0,0,0,0,0
0,3,2224,0,454,1770,0,0,51,263,0,0,0,0,0,1,0
0,1,849,0,587,176,86,0,106,34,14,1,0,0,0,0,1
0,1,3178,1349,1082,747,0,206,169,99,0,0,1,0,1,1,0
0,0,3478,1068,732,610,1068,136,87,70,136,1,1,0,1,0,0
0,1,1461,515,308,611,27,63,38,77,5,0,1,0,0,1,0
0,7,2187,0,1215,972,0,0,167,116,0,0,0,0,0,1,0
0,8,2943,0,2943,0,0,0,415,0,0,0,0,0,1,0,0
0,0,2789,1068,406,247,1068,136,60,40,136,1,1,0,1,0,0
0,0,2985,1068,505,344,1068,136,63,42,136,1,1,0,1,0,0
0,4,2492,815,1225,452,0,121,171,61,0,0,1,0,1,1,0
0,1,5077,894,3465,718,0,130,408,83,0,0,1,0,0,1,0
0,2,5538,894,3868,776,0,130,466,88,0,0,1,0,0,1,0
0,0,3607,2662,270,500,175,379,42,71,19,0,1,0,1,1,0
0,6,1371,0,792,579,0,0,105,70,0,0,0,0,0,1,0
1,1,2774,0,1680,634,460,0,246,80,55,1,0,0,0,1,0
1,0,799,28,568,123,80,5,93,23,9,0,1,0,1,1,0
0,5,1588,0,1588,0,0,0,214,0,0,1,0,0,0,0,0
0,3,1682,119,803,530,230,18,110,76,34,0,1,0,0,0,0
0,0,2077,467,1396,140,74,64,175,20,10,0,1,0,1,1,0
1,3,2144,917,454,602,171,124,67,75,23,0,1,0,1,1,0
0,0,1250,729,102,172,247,109,20,28,32,0,1,0,1,1,0
0,4,1451,0,743,708,0,0,99,82,0,0,0,0,1,0,0
0,0,5498,614,2673,1429,782,85,347,176,97,0,1,0,1,0,0
0,4,1447,0,494,953,0,0,95,134,0,0,0,1,0,0,0
0,4,3496,0,3018,240,238,0,419,27,36,0,0,0,0,0,1
0,6,2704,228,2476,0,0,32,311,0,0,0,1,0,0,0,0
0,7,1227,0,675,552,0,0,83,63,0,0,0,0,0,1,1
0,7,2112,0,1132,980,0,0,138,124,0,0,0,0,0,1,1
0,7,1733,0,745,988,0,0,98,122,0,0,0,0,0,1,1
0,0,2671,717,1205,283,466,120,174,44,67,0,1,0,1,1,0
0,7,2476,0,1083,1393,0,0,136,182,0,0,0,0,0,1,1
0,1,3159,467,1475,1057,160,64,204,147,17,0,1,0,1,1,0
0,0,3055,1611,823,320,301,251,143,39,41,1,1,0,1,1,0
0,4,1541,244,437,654,206,32,75,109,38,0,1,1,1,0,0
0,1,2652,684,1289,679,0,86,165,87,0,0,1,0,1,0,0
0,4,1234,0,1234,0,0,0,203,0,0,0,0,0,1,0,0
0,1,288,0,79,145,64,0,12,17,5,0,0,0,0,1,0
0,1,3030,1557,571,763,139,230,69,99,13,0,1,0,1,1,0
0,0,4733,738,1576,2231,188,102,211,343,28,1,1,0,1,0,0
0,3,1172,695,444,33,0,106,66,6,0,0,1,0,1,0,0
0,2,1658,0,1140,518,0,0,163,67,0,0,0,0,0,0,0
0,1,3957,351,2183,1248,175,48,326,163,18,0,1,0,1,1,0
0,0,3213,1085,1243,811,74,163,187,118,10,1,1,0,1,0,0
0,0,4336,579,1773,1431,553,87,245,175,61,0,1,0,1,1,0
0,0,3031,751,830,1295,155,114,110,153,19,1,1,0,0,1,0
0,3,2194,0,2194,0,0,0,370,0,0,0,0,0,1,0,0
0,1,1917,555,845,517,0,80,122,77,0,1,1,0,1,0,0
0,0,4368,725,2543,695,405,119,253,74,53,0,1,0,1,0,0
0,3,539,229,310,0,0,33,56,0,0,0,1,0,1,1,0
0,0,2772,1068,441,195,1068,136,62,27,136,1,1,0,1,0,0
0,6,7122,1103,4183,1836,0,167,602,259,0,0,1,0,1,0,0
0,0,3858,2494,935,102,327,422,139,14,45,1,1,0,1,1,0
0,0,4999,1508,1208,2102,181,239,167,275,19,0,1,0,1,1,0
0,4,810,0,405,307,98,0,49,44,14,0,0,0,0,1,0
0,1,4182,2301,898,983,0,320,114,99,0,0,1,0,1,0,0
0,3,1247,0,679,270,298,0,92,39,35,0,0,0,1,1,0
0,2,583,53,381,130,19,10,33,18,3,0,1,0,1,1,0
0,1,3449,0,2168,636,645,0,282,80,106,1,0,0,0,1,0
0,0,3856,1264,1654,713,225,216,238,104,17,1,1,0,1,0,0
0,2,583,53,381,130,19,10,33,18,3,0,1,0,1,1,0
0,1,322,0,154,142,26,0,23,20,4,0,0,0,0,1,0
0,1,1651,555,855,241,0,80,112,33,0,1,1,0,1,1,0
0,0,2804,400,959,411,1034,59,127,64,153,1,1,0,1,1,0
1,5,3977,646,1986,357,988,101,319,54,152,0,1,0,1,1,0
0,0,2727,1068,336,255,1068,136,52,40,136,1,1,0,1,0,0
0,0,6097,1068,2807,1154,1068,136,379,149,136,1,1,0,1,0,0
0,1,522,0,185,267,70,0,27,35,8,0,0,0,0,1,0
0,1,603,0,373,205,25,0,62,29,4,0,0,0,0,1,0
0,5,1956,1014,561,381,0,167,80,44,0,0,1,0,1,1,0
0,2,4594,1419,2348,827,0,206,337,106,0,0,1,0,1,1,0
0,6,6026,1419,2983,1624,0,206,396,205,0,0,1,0,1,1,0
0,2,1144,139,743,262,0,21,99,32,0,0,1,0,1,0,0
1,5,1793,718,872,162,41,114,120,26,4,0,1,0,1,1,1
0,2,2602,200,2402,0,0,30,350,0,0,0,1,0,1,1,0
0,3,3087,1050,1327,460,250,155,173,65,37,0,1,0,1,1,0
0,6,4260,0,1420,1420,1420,0,194,194,194,0,0,0,0,0,1
0,2,2232,1439,561,232,0,212,81,26,0,1,1,0,1,0,0
0,0,2099,986,855,131,127,132,122,21,15,0,1,0,1,1,0
0,8,381,0,381,0,0,0,52,0,0,0,0,0,0,0,0
0,2,1234,0,930,304,0,0,146,41,0,1,0,0,1,1,0
0,3,2147,237,1037,873,0,37,140,108,0,0,1,0,1,1,0
0,0,5053,614,2137,1401,901,85,269,190,113,0,1,0,1,0,0
0,0,3757,1068,1036,585,1068,136,140,85,136,1,1,0,1,0,0
0,2,583,53,381,130,19,10,33,18,3,0,1,0,1,1,0
0,0,2923,1042,750,435,696,178,117,65,111,0,1,0,1,1,0
0,0,4794,1068,1935,723,1068,136,248,97,136,1,1,0,1,0,0
0,1,5549,341,3040,2168,0,51,405,275,0,0,1,0,1,0,0
0,4,3142,746,1770,257,369,127,252,38,48,0,1,0,1,1,0
0,0,477,53,247,158,19,10,37,21,3,0,1,0,1,1,0
0,0,4368,825,1974,1356,213,147,305,202,34,1,1,0,1,1,0
0,1,2224,225,1268,731,0,30,164,87,0,0,1,0,1,1,0
0,0,3078,606,2056,290,126,90,289,41,17,0,1,0,1,1,0
0,6,819,0,361,244,214,0,61,33,31,0,0,0,0,1,0
1,1,1487,73,683,134,597,10,99,19,99,1,1,0,1,1,0
0,0,4283,2559,584,1099,41,424,92,153,4,0,1,0,1,0,0
0,0,3643,1025,1999,403,216,148,256,47,31,0,1,0,1,0,0
0,7,596,384,212,0,0,70,37,0,0,0,1,0,1,0,0
0,2,3814,66,2500,1248,0,9,351,177,0,0,1,0,0,1,0
0,3,2071,879,853,339,0,141,118,47,0,0,1,0,1,1,0
0,1,3121,1134,1285,702,0,172,175,83,0,0,1,0,1,1,0
0,0,4105,1025,2209,335,536,148,289,44,81,0,1,0,1,1,0
0,6,2366,755,1099,512,0,104,154,70,0,0,1,1,1,0,0
0,0,1113,117,538,322,136,17,78,31,23,0,1,0,1,0,0
0,1,774,0,138,551,85,0,22,58,11,1,0,0,0,0,0
0,4,1110,254,420,209,227,38,56,30,33,1,1,0,1,1,0
0,4,2487,0,1542,524,421,0,205,68,66,0,0,0,0,0,0
0,0,2904,1068,384,384,1068,136,40,40,136,1,1,0,1,0,0
0,3,4791,406,2921,998,466,52,445,145,35,0,1,0,1,1,0
0,7,2001,0,806,1195,0,0,112,177,0,0,0,0,0,0,1
0,0,2105,298,529,1080,198,42,76,139,31,0,1,0,1,1,0
0,1,3992,1068,928,928,1068,136,105,105,136,1,1,0,1,0,0
0,1,645,53,456,117,19,10,50,15,3,0,1,0,1,1,0
0,6,2429,879,1116,434,0,141,146,57,0,0,1,0,1,0,0
0,1,1183,0,494,681,8,0,81,77,1,0,0,0,0,1,0
0,4,2411,0,2068,343,0,0,286,45,0,0,0,0,0,0,1
0,1,4108,1208,1521,982,397,155,242,136,49,0,1,0,1,1,0
0,1,1576,829,660,70,17,131,99,10,2,0,1,0,1,1,0
0,0,4091,300,1619,1638,534,44,241,193,83,1,1,0,1,1,0
0,1,2444,684,1154,606,0,86,158,77,0,0,1,0,1,0,0
0,0,2497,603,1560,141,193,101,225,22,24,0,1,0,1,1,0
0,6,2086,778,1066,242,0,128,180,33,0,0,1,0,1,1,0
0,4,2356,0,809,1547,0,0,104,198,0,0,0,0,0,0,1
0,2,583,53,381,130,19,10,33,18,3,0,1,0,1,1,0
0,1,2964,1095,1040,480,349,192,167,57,61,0,1,0,1,1,0
0,1,1221,351,642,228,0,48,93,20,0,0,1,0,1,1,0
0,2,582,53,383,127,19,10,33,18,3,0,1,0,1,1,0
0,1,5535,1473,1963,2099,0,198,258,272,0,0,1,0,0,0,0
0,3,3261,1879,941,441,0,222,121,60,0,0,1,0,1,0,0
0,0,4541,2559,540,1402,40,424,84,172,4,0,1,0,1,0,0
0,0,1545,829,629,70,17,131,96,10,2,0,1,0,1,1,0
0,6,1960,310,182,1468,0,53,21,214,0,0,1,0,1,1,0
0,4,6462,0,4983,1479,0,0,673,204,0,0,0,0,0,0,1
0,4,7077,0,6064,1013,0,0,852,141,0,0,0,0,0,0,1
0,2,1551,263,1288,0,0,35,165,0,0,0,1,0,1,1,0
0,5,2099,589,719,580,211,72,93,61,24,0,1,0,1,1,0
0,2,624,53,332,220,19,10,28,31,3,0,1,0,1,0,0
0,0,4592,874,1275,2303,140,155,184,292,21,0,1,0,1,1,0
0,0,3415,997,1348,593,477,157,203,75,58,1,1,0,1,0,0
0,1,2916,684,1204,1028,0,86,159,135,0,0,1,0,1,0,0
0,4,4787,0,3063,1724,0,0,419,200,0,0,0,0,0,0,1
0,0,3295,746,1803,452,294,127,296,71,37,0,1,0,1,1,0
0,6,1254,310,325,619,0,53,56,83,0,0,1,0,1,1,0
0,6,2905,0,2499,406,0,0,293,55,0,0,0,0,0,0,1
0,0,1927,408,835,595,89,53,113,80,14,1,1,0,1,1,0
0,2,1609,651,257,278,423,107,33,34,61,0,1,0,1,1,0
0,1,2195,573,996,626,0,79,145,80,0,1,1,0,1,0,0
0,0,3827,1126,1560,974,167,163,205,128,20,0,1,0,1,1,0
0,0,2253,1050,449,580,174,155,64,69,31,0,1,0,1,1,0
0,2,3083,799,1686,598,0,115,253,78,0,0,1,0,1,1,0
0,6,1036,0,876,160,0,0,110,23,0,0,0,0,0,0,1
0,3,1695,0,1695,0,0,0,244,0,0,0,0,0,0,0,0
0,0,3465,489,1957,784,235,76,271,104,33,1,1,0,1,1,0
0,2,3425,1492,1524,409,0,234,236,68,0,0,1,0,1,0,0
0,2,4641,1100,3541,0,0,180,510,0,0,1,1,0,1,1,0
0,0,1510,829,597,68,16,131,88,10,2,0,1,1,1,1,0
0,3,2560,0,1686,526,348,0,216,65,54,1,0,0,0,0,0
0,2,1869,410,691,768,0,67,113,108,0,0,1,0,1,0,0
0,1,2436,788,1023,423,202,89,155,71,32,0,1,0,1,1,0
0,0,2888,473,1529,736,150,70,243,99,26,0,1,0,1,0,0
0,0,3190,1408,1012,720,50,205,159,88,7,0,1,0,1,0,0
0,5,2704,635,775,503,791,78,125,69,95,0,1,0,1,1,0
0,0,1848,362,805,259,422,61,122,33,66,1,1,0,1,0,0
0,0,2591,598,726,710,557,80,119,119,103,0,1,0,1,1,0
0,4,2788,746,1664,257,121,127,240,38,16,0,1,0,1,1,0
1,2,3243,548,1705,737,253,82,241,100,27,0,1,0,1,1,0
0,2,3431,0,2236,1195,0,0,282,144,0,1,0,0,1,1,0
0,5,2393,0,2189,204,0,0,310,25,0,0,0,0,0,0,1
0,2,560,53,361,127,19,10,31,18,3,0,1,0,1,1,0
0,0,2730,1174,683,687,186,171,93,71,24,1,1,0,1,1,0
0,2,583,53,381,130,19,10,33,18,3,0,1,0,1,1,0
0,0,2235,758,651,475,351,112,88,61,48,0,1,0,1,1,0
0,6,2284,0,1215,774,295,0,175,98,28,0,0,0,0,1,0
0,5,1492,43,900,543,6,8,124,66,1,0,1,0,0,0,0
0,1,2217,598,942,408,269,80,158,57,48,0,1,0,1,1,0
0,2,2214,0,1011,1203,0,0,126,133,0,0,0,0,0,1,0
0,2,2194,803,1391,0,0,105,185,0,0,0,1,0,1,0,0
0,5,2158,244,1914,0,0,32,293,0,0,0,1,0,1,0,0
0,6,1289,0,852,172,265,0,103,21,23,0,0,0,0,1,0
0,1,2640,598,1092,428,522,80,190,64,98,0,1,0,1,1,0
0,6,3357,0,1667,852,838,0,242,119,105,0,0,0,0,1,0
0,7,2534,601,1933,0,0,91,271,0,0,0,1,0,1,0,0
0,0,768,281,65,392,30,38,9,47,5,0,1,0,1,1,0
0,0,2681,598,846,714,523,80,139,94,98,0,1,0,1,1,0
0,1,3964,1208,1841,729,186,155,263,108,25,0,1,0,1,1,0
0,7,2195,0,2195,0,0,0,361,0,0,0,0,0,1,1,0
0,7,1543,244,1299,0,0,32,202,0,0,0,1,0,1,0,0
0,6,1265,0,574,203,488,0,67,24,72,0,0,0,0,0,0
0,2,583,53,381,130,19,10,33,18,3,0,1,0,1,1,0
0,4,929,763,166,0,0,130,21,0,0,0,1,0,1,0,0
0,5,1495,0,1003,492,0,0,139,61,0,0,0,0,0,0,0
0,6,2662,1247,437,978,0,192,70,146,0,0,1,0,1,0,0
0,6,1788,480,854,454,0,69,110,58,0,0,1,0,1,1,0
0,0,2538,879,957,516,186,141,119,61,16,0,1,0,1,1,0
0,6,1163,0,432,731,0,0,56,98,0,0,0,0,0,0,0
0,0,7209,1417,3908,1376,508,173,558,169,66,0,1,0,1,1,1
1,2,3336,548,1702,833,253,82,241,115,27,0,1,0,1,1,0
0,0,2026,356,909,507,254,51,155,61,38,1,1,0,1,1,0
0,2,1688,536,212,940,0,73,32,130,0,0,1,0,1,1,0
0,6,1685,0,1431,254,0,0,187,29,0,0,0,0,0,0,0
0,0,645,53,456,117,19,10,50,15,3,0,1,0,1,1,0
0,1,2892,1207,1232,364,89,166,177,51,10,1,1,0,1,1,0
0,0,2138,356,891,630,261,51,153,77,39,1,1,0,1,1,0
0,6,1640,0,1363,277,0,0,162,34,0,0,0,0,0,0,0
0,2,1516,0,899,584,33,0,108,75,3,0,0,0,1,1,0
0,3,2044,387,837,563,257,63,132,88,43,0,1,0,1,0,0
0,5,3981,384,2315,998,284,70,317,120,37,0,1,0,1,1,0
0,4,5213,1014,3797,402,0,167,519,50,0,0,1,0,1,1,0
0,6,2433,1091,1013,329,0,175,124,38,0,0,1,0,1,1,0
0,2,583,53,381,130,19,10,33,18,3,0,1,0,1,1,0
0,0,2206,356,1003,586,261,51,164,73,39,1,1,0,1,1,0
0,0,4696,356,905,3175,260,51,155,418,39,1,1,0,1,1,0
0,1,2551,334,1364,499,354,49,207,66,53,0,1,0,1,1,0
0,0,2621,356,915,1097,253,51,153,142,38,1,1,0,1,1,0
0,0,2272,356,1089,574,253,51,168,73,38,1,1,0,1,1,0
0,0,2880,356,919,1352,253,51,155,177,38,1,1,0,1,1,0
0,0,2022,356,906,507,253,51,154,61,38,1,1,0,1,1,0
0,5,2537,228,2309,0,0,32,286,0,0,0,1,0,0,0,0
0,0,2186,356,899,678,253,51,151,80,38,1,1,0,1,1,0
0,3,1574,829,672,57,16,131,96,9,2,0,1,0,1,1,0
0,0,2211,356,895,707,253,51,151,89,38,1,1,0,1,1,0
0,0,2275,356,899,766,254,51,152,96,38,1,1,0,1,1,0
0,0,2830,356,928,1292,254,51,156,170,38,1,1,0,1,1,0
0,0,4049,1025,2240,248,536,148,255,28,81,0,1,0,1,0,0
0,6,1538,0,807,373,358,0,132,40,67,0,0,0,0,1,0
0,7,1534,829,705,0,0,131,98,0,0,0,1,0,1,0,0
0,1,3835,694,2283,627,231,105,346,84,30,0,1,0,1,1,0
0,0,2278,356,995,673,254,51,164,83,38,1,1,0,1,1,0
0,0,2180,356,919,651,254,51,156,87,38,1,1,0,1,1,0
0,0,4697,356,909,3178,254,51,156,422,38,1,1,0,1,1,0
0,4,3785,996,2416,225,148,158,373,35,21,0,1,0,1,1,0
0,0,2134,356,894,630,254,51,154,77,38,1,1,0,1,1,0
0,5,1925,228,1697,0,0,32,206,0,0,0,1,0,0,0,0
0,0,2273,356,1089,574,254,51,168,73,38,1,1,0,1,1,0
1,4,2540,780,675,1085,0,122,81,115,0,0,1,0,1,1,0
0,4,3434,574,1262,1598,0,86,170,217,0,0,1,0,1,1,0
0,0,2191,356,903,678,254,51,152,80,38,1,1,0,1,1,0
0,0,1971,356,932,429,254,51,156,51,38,1,1,0,1,1,0
0,2,1504,0,878,626,0,0,129,72,0,0,0,0,1,0,0
0,0,1911,356,905,396,254,51,152,51,38,1,1,0,1,1,0
1,4,2554,780,673,1101,0,122,81,118,0,0,1,0,1,1,0
0,2,2085,574,247,1264,0,86,40,158,0,0,1,0,1,1,0
0,1,1877,454,705,275,443,73,113,49,68,1,1,0,1,1,0
0,0,4911,2676,1514,537,184,392,205,65,29,0,1,0,1,0,0
0,2,4391,606,1853,940,992,77,230,113,156,0,1,0,1,0,0
0,0,5682,1025,3309,812,536,148,423,103,81,0,1,0,1,1,0
0,1,4188,574,2339,1275,0,86,313,164,0,0,1,0,1,1,0
1,4,2553,780,672,1101,0,122,81,118,0,0,1,0,1,1,0
0,0,5495,1508,1282,2596,109,239,182,324,11,0,1,0,1,1,0
0,0,1672,493,625,455,99,64,77,52,13,0,1,0,1,0,0
0,1,1521,249,740,532,0,26,104,88,0,0,1,0,1,1,0
0,4,3198,746,1847,257,348,127,270,38,47,0,1,0,1,1,0
0,4,2830,310,1741,401,378,53,264,56,62,0,1,0,1,1,0
0,0,3309,619,2053,372,265,64,251,53,34,1,1,0,1,1,0
0,2,583,53,381,130,19,10,33,18,3,0,1,0,1,1,0
1,0,6503,3244,2614,595,50,415,345,74,7,0,1,0,0,0,0
0,3,1833,493,675,383,282,64,71,47,33,0,1,0,1,0,0
0,1,1253,0,542,514,197,0,86,75,33,0,0,0,0,1,0
0,5,1638,228,1410,0,0,32,195,0,0,0,1,0,0,0,0
0,1,2662,1192,512,827,131,164,61,89,11,0,1,0,0,1,0
0,0,2997,1050,1142,562,243,155,144,85,30,0,1,0,1,1,0
0,3,5912,0,4286,942,684,0,599,126,77,0,0,0,0,0,0
0,1,399,0,94,272,33,0,14,30,4,0,0,0,0,0,0
0,7,609,0,609,0,0,0,91,0,0,0,0,0,0,0,0
0,5,97,0,82,15,0,0,15,3,0,0,0,0,0,0,0
0,1,2930,0,1660,913,357,0,246,128,60,0,0,0,1,1,0
0,0,3189,1230,873,725,361,181,141,114,40,1,1,0,1,1,0
0,0,4551,1025,2631,359,536,148,348,41,81,0,1,0,1,0,0
0,0,2468,305,1427,538,198,37,203,67,22,0,1,0,1,0,0
0,6,250,0,250,0,0,0,39,0,0,0,0,0,0,0,0
0,3,2460,320,944,954,242,52,148,116,44,0,1,0,1,0,0
0,1,1850,0,659,544,647,0,97,85,53,1,0,0,0,0,0
0,5,4995,1594,3401,0,0,270,568,0,0,0,1,0,1,1,0
0,4,3784,996,2501,139,148,158,391,20,21,0,1,0,1,1,0
0,3,964,0,438,490,36,0,63,72,7,1,0,0,0,1,0
0,0,1596,489,352,557,198,76,54,72,29,0,1,0,1,0,0
0,2,1675,298,780,478,119,42,108,71,19,0,1,0,1,0,0
0,1,2299,0,1224,429,646,0,188,65,53,1,0,0,0,0,0
0,0,1530,829,593,70,38,131,89,10,3,0,1,0,1,1,0
0,0,5002,1016,2102,992,892,130,248,117,78,1,1,0,1,1,1
0,0,2199,570,616,762,251,77,104,99,38,0,1,0,1,0,0
0,0,1784,204,1295,121,164,37,216,13,24,0,1,0,1,1,0
0,1,2441,684,1151,606,0,86,158,77,0,0,1,0,1,0,0
0,5,539,0,345,191,3,0,56,20,1,0,0,0,0,0,0
1,0,1322,875,328,33,86,130,39,5,12,1,1,0,1,0,0
0,3,1619,651,260,279,429,107,33,34,64,0,1,0,1,1,0
0,2,1660,829,724,91,16,131,100,15,2,0,1,0,1,1,0
0,1,6502,1505,3471,1526,0,215,439,178,0,0,1,0,1,1,0
0,2,461,53,249,140,19,10,34,18,3,0,1,0,1,0,0
0,2,1532,829,633,70,0,131,97,10,0,0,1,0,1,1,0
0,5,1827,651,382,538,256,107,45,67,37,0,1,0,1,1,0
0,4,2807,0,2532,275,0,0,332,35,0,0,0,0,0,0,1
0,1,3125,684,1552,889,0,86,199,110,0,0,1,0,1,0,0
1,0,2005,573,809,582,41,79,126,89,7,1,1,0,1,0,0
0,2,583,53,381,130,19,10,33,18,3,0,1,0,1,1,0
0,0,2173,781,1189,108,95,118,160,11,14,0,1,0,1,1,1
0,0,3387,781,1731,689,186,118,221,82,18,1,1,0,1,1,1
0,1,2498,554,1518,426,0,88,213,62,0,0,1,0,1,1,0
0,2,1614,829,678,91,16,131,100,15,2,0,1,0,1,1,0
0,1,1530,829,614,70,17,131,95,10,2,0,1,0,1,1,0
0,4,3634,2130,190,1059,255,331,32,129,32,0,1,0,1,0,0
0,7,1049,433,616,0,0,48,97,0,0,0,1,1,1,1,0
0,0,5804,1239,3057,1124,384,110,345,135,52,0,1,0,1,0,0
0,0,2604,603,1295,653,53,94,175,88,7,0,1,0,1,1,0
0,2,5350,2206,1542,894,708,350,229,127,119,0,1,0,1,0,0
0,3,3099,885,1267,947,0,141,183,139,0,0,1,0,1,1,0
0,2,1412,353,423,636,0,64,37,43,0,0,1,0,1,1,0
0,1,3307,0,2042,607,658,0,280,91,109,1,0,1,0,0,0
0,2,3145,879,2266,0,0,127,331,0,0,1,1,0,1,0,0
0,0,2067,734,823,313,197,113,119,44,22,0,1,0,1,1,0
0,1,1823,281,855,687,0,38,107,76,0,0,1,0,1,1,0
0,0,477,53,247,158,19,10,37,21,3,0,1,0,1,1,0
0,0,2123,321,1073,667,62,46,141,83,9,0,1,0,1,0,0
0,0,4835,813,1347,1433,1242,113,196,203,187,0,1,0,1,1,0
0,7,3367,0,3367,0,0,0,507,0,0,0,0,0,0,1,0
0,1,4176,986,1830,1360,0,132,241,162,0,0,1,0,1,1,0
0,2,4260,447,3813,0,0,72,535,0,0,0,1,0,1,0,0
0,1,1493,829,577,70,17,131,85,10,2,0,1,1,1,1,0
0,1,3597,467,1307,1823,0,65,178,266,0,0,1,0,1,0,0
0,1,2066,651,592,577,246,107,80,77,34,0,1,0,1,0,0
0,0,2097,979,877,53,188,144,122,7,30,0,1,0,1,1,0
0,2,3281,0,1028,2182,71,0,122,296,9,1,0,0,0,0,0
0,5,1680,433,1247,0,0,48,200,0,0,0,1,0,1,0,0
0,1,3474,342,1026,2106,0,47,156,293,0,0,1,0,1,0,0
0,0,3406,879,1311,737,479,141,178,91,70,0,1,0,1,1,0
0,0,2941,789,1795,351,6,120,224,42,1,1,1,0,1,1,1
0,0,5122,1208,2757,971,186,155,392,126,25,0,1,0,1,1,0
0,2,1458,0,274,974,210,0,35,132,28,0,0,0,0,0,0
0,1,1979,748,423,693,115,116,56,89,18,0,1,0,1,1,0
0,0,3604,651,1566,916,471,100,205,120,69,0,1,0,1,1,0
0,1,2838,1271,699,868,0,204,113,120,0,1,1,0,1,1,0
0,0,3367,944,2329,19,75,117,322,3,10,1,1,0,1,1,1
0,1,560,115,419,26,0,15,62,4,0,0,1,0,1,0,0
1,2,1849,1432,280,126,11,233,40,14,1,0,1,0,1,1,0
0,0,1784,204,1295,121,164,37,216,13,24,0,1,0,1,1,0
0,0,3743,1025,1748,434,536,148,213,58,81,0,1,0,1,1,0
0,1,4900,785,3132,983,0,127,423,126,0,1,1,0,1,1,0
0,0,3047,726,893,546,882,83,125,78,115,0,1,0,1,1,0
0,1,3945,0,2749,715,481,0,387,101,75,0,0,0,0,1,0
0,1,2031,0,990,765,276,0,160,130,27,1,0,0,0,0,0
0,1,2896,684,1441,771,0,86,181,93,0,0,1,0,1,0,0
0,1,3549,0,2477,576,496,0,381,95,84,0,0,0,0,0,0
0,1,5338,372,2476,1986,504,55,392,293,78,0,1,0,1,1,0
0,0,1952,489,667,581,215,76,106,70,32,0,1,0,1,1,0
0,6,5049,2130,2293,626,0,331,364,73,0,0,1,0,1,1,0
0,0,5682,1025,3309,812,536,148,423,103,81,0,1,0,1,1,0
0,0,1641,281,1006,347,7,33,119,53,2,0,1,0,1,1,0
0,0,645,53,456,117,19,10,50,15,3,0,1,0,1,1,0
0,0,4424,1055,1379,904,1086,156,208,155,199,1,1,0,1,1,0
0,3,2130,89,1645,396,0,13,239,48,0,0,1,0,1,1,0
0,5,2873,0,2243,630,0,0,309,80,0,1,0,1,0,0,1
0,1,685,115,544,26,0,15,79,4,0,0,1,0,1,0,0
0,3,3617,2676,941,0,0,392,133,0,0,0,1,0,1,0,0
0,2,1311,417,478,416,0,66,67,51,0,0,1,0,1,0,0
0,4,2989,1177,1512,29,271,118,178,3,42,0,1,0,1,0,0
0,4,2150,0,1509,403,238,0,214,56,36,0,0,0,0,0,1
0,3,1681,0,882,561,238,0,130,59,40,1,0,0,0,1,0
0,1,3046,684,1521,841,0,86,182,100,0,0,1,0,1,0,0
0,1,3452,746,1861,558,287,127,278,94,34,0,1,0,1,1,0
0,5,3242,1141,780,808,513,167,27,24,12,0,1,0,1,1,0
0,0,5307,904,2702,1092,609,127,366,134,101,1,1,0,1,1,0
0,7,2996,683,2313,0,0,124,320,0,0,0,1,0,1,0,0
0,2,2610,879,1260,471,0,141,166,57,0,0,1,0,1,1,0
0,0,1556,829,666,44,17,131,103,6,2,0,1,0,1,1,0
0,0,8214,904,5268,1434,608,127,685,184,101,1,1,0,1,1,0
0,0,6964,904,4116,1337,607,127,531,155,101,1,1,0,1,1,0
0,5,2766,1583,565,618,0,211,73,82,0,0,1,0,1,1,0
0,3,4076,879,1521,1676,0,141,194,219,0,0,1,0,1,0,0
0,5,2238,1583,154,501,0,211,24,52,0,0,1,0,1,1,0
0,0,645,53,456,117,19,10,50,15,3,0,1,0,1,1,0
0,1,1291,0,658,360,273,0,96,44,37,0,0,0,1,1,0
0,3,2959,332,1857,770,0,50,241,95,0,0,1,0,1,1,0
0,1,3551,684,1802,1065,0,86,241,136,0,0,1,0,1,0,0
0,6,1835,0,510,976,349,0,42,93,25,0,0,0,0,0,0
0,2,2993,879,1490,624,0,141,209,86,0,0,1,0,1,1,0
0,1,3349,651,1593,743,362,107,244,99,48,0,1,0,1,1,0
0,7,1598,0,947,651,0,0,122,78,0,0,0,0,0,1,0
0,1,1643,536,580,401,126,72,84,52,19,0,1,0,1,1,0
0,0,5071,4007,613,381,70,588,93,46,8,0,1,0,1,1,0
0,0,3933,1247,1712,214,760,216,278,17,117,0,1,0,1,1,0
0,0,1170,729,190,65,186,109,29,10,23,0,1,0,1,1,0
0,0,4940,2676,1186,816,262,392,158,103,39,0,1,0,1,1,0
0,6,2314,575,453,1286,0,86,58,189,0,0,1,0,1,0,0
1,0,6077,271,4502,978,326,41,728,156,44,1,1,0,1,1,0
0,1,1587,135,868,584,0,18,116,72,0,0,1,0,1,1,0
0,6,976,0,747,60,169,0,139,10,25,0,0,0,0,0,0
0,2,4391,1404,1454,1170,363,224,203,163,46,0,1,0,1,1,0
0,5,3357,1247,1961,149,0,192,293,22,0,0,1,0,1,0,0
0,0,1713,829,812,55,17,131,119,9,2,0,1,0,1,1,0
0,5,1923,320,943,660,0,52,150,82,0,0,1,0,1,0,0
0,2,3452,1384,1214,854,0,213,164,98,0,0,1,0,1,0,0
0,5,3915,733,1292,1056,834,111,156,104,55,0,1,0,0,0,0
0,1,2786,269,990,1044,483,37,180,153,85,0,1,0,1,1,0
0,0,3680,603,1297,894,886,101,177,124,118,0,1,0,1,1,0
0,8,924,0,924,0,0,0,126,0,0,0,0,0,0,0,0
0,0,4502,1025,2433,560,484,148,313,70,73,0,1,0,1,1,0
0,5,3526,879,1200,1447,0,141,161,197,0,0,1,0,1,1,0
0,3,5653,1014,4263,376,0,167,597,44,0,0,1,0,1,1,0
0,1,2584,815,899,495,375,121,126,63,58,0,1,0,1,1,0
0,1,1318,252,421,645,0,41,52,97,0,0,1,0,1,0,0
1,0,2787,1045,758,903,81,147,113,101,9,0,1,0,1,1,0
0,0,465,53,235,158,19,10,37,21,3,0,1,0,1,1,0
0,4,4368,0,2748,875,745,0,424,121,107,0,0,0,1,0,0
0,0,465,53,235,158,19,10,37,21,3,0,1,0,1,1,0
0,3,2257,606,1102,342,207,84,193,45,37,0,1,0,1,1,0
0,2,562,53,332,158,19,10,28,21,3,0,1,0,1,0,0
0,0,1687,204,1281,122,80,37,227,14,10,0,1,0,1,1,0
0,1,4021,1344,1679,998,0,222,234,119,0,1,1,0,1,0,0
0,1,2987,860,1017,612,498,124,147,99,76,0,1,0,1,0,0
1,4,2408,0,561,1847,0,0,67,251,0,0,0,0,0,0,0
0,1,2622,1085,790,425,322,163,117,53,56,1,1,0,1,1,0
0,0,647,53,458,117,19,10,50,15,3,0,1,0,1,1,0
0,3,3501,139,2775,587,0,21,347,75,0,0,1,0,1,0,0
0,0,7445,2676,2437,2130,202,392,335,272,29,0,1,0,1,0,0
0,0,1744,829,747,135,33,131,117,23,4,0,1,0,1,1,0
0,1,1724,858,640,226,0,159,99,31,0,0,1,0,1,1,0
0,5,1368,739,143,291,195,113,19,37,27,0,1,0,1,0,0
0,4,2487,0,552,1935,0,0,71,247,0,0,0,0,0,0,0
0,5,1128,829,250,49,0,131,33,6,0,0,1,0,1,1,0
0,5,4901,1025,2708,488,680,154,388,66,109,0,1,0,1,1,0
0,0,4831,1005,1841,1566,419,175,273,189,61,0,1,0,1,1,0
0,2,3194,583,1602,1009,0,82,202,127,0,0,1,0,1,0,0
0,0,5239,1508,1687,1949,95,239,246,249,10,0,1,0,1,1,0
0,0,3829,198,2029,1465,137,26,265,199,20,0,1,0,1,0,0
0,2,2754,0,2171,583,0,0,295,76,0,0,0,0,0,1,0
0,1,1487,0,443,1023,21,0,68,137,3,1,0,0,0,0,0
0,5,3934,0,1198,2736,0,0,191,380,0,0,0,1,0,0,0
0,0,6422,1252,3188,1558,424,198,387,199,60,0,1,0,1,0,0
0,0,4480,726,1717,1140,897,83,146,139,116,0,1,0,1,0,0
0,1,3050,684,1425,941,0,86,181,105,0,0,1,0,1,0,0
0,0,465,53,235,158,19,10,37,21,3,0,1,0,1,1,0
0,1,2443,684,1152,607,0,86,158,77,0,0,1,0,1,0,0
0,4,1365,748,180,303,134,116,15,33,15,0,1,0,1,0,0
0,0,828,236,355,219,18,35,52,38,2,0,1,0,1,0,0
0,3,4604,702,2197,1064,641,110,338,181,94,0,1,0,1,0,0
0,1,1423,829,534,44,16,131,80,6,2,0,1,0,1,1,0
0,0,4521,1251,522,690,2058,201,85,106,297,1,1,0,1,0,0
0,0,477,53,247,158,19,10,37,21,3,0,1,0,1,1,0
0,4,3274,879,2046,349,0,141,296,46,0,0,1,0,1,1,0
0,1,522,53,314,136,19,10,23,18,3,0,1,0,1,1,0
0,1,3499,684,1868,947,0,86,243,108,0,0,1,0,1,0,0
0,3,1896,549,1347,0,0,87,216,0,0,0,1,0,1,0,0
0,0,1824,349,1164,200,111,54,193,27,16,0,1,0,1,1,0
0,0,3486,1126,1517,684,159,163,203,86,20,0,1,0,1,1,0
0,1,2515,606,1136,521,252,86,158,61,26,0,1,0,1,0,0
0,1,1596,315,1210,71,0,41,179,6,0,0,1,0,1,1,0
0,1,4727,1708,1895,512,612,290,315,66,112,0,1,0,1,1,0
0,5,1170,228,942,0,0,32,140,0,0,0,1,0,0,0,0
0,2,2093,781,1176,136,0,109,182,14,0,0,1,0,1,0,0
0,5,2912,516,2396,0,0,76,302,0,0,0,1,0,1,0,0
0,5,1357,1013,89,255,0,123,16,36,0,0,1,0,1,1,0
0,1,4622,2676,1278,404,264,392,161,56,40,0,1,0,1,0,0
0,3,2415,549,1264,336,266,87,187,50,38,0,1,0,1,0,0
0,0,2487,412,245,1469,361,53,38,253,56,1,1,0,1,1,0
0,0,2931,356,929,1393,253,51,158,185,38,1,1,0,1,1,0
0,0,4259,1025,2383,315,536,148,281,39,81,0,1,0,1,1,0
0,1,1560,513,555,332,160,73,75,44,18,0,1,0,1,0,0
0,1,2738,269,970,890,609,37,160,140,107,0,1,0,1,1,0
0,1,1320,308,537,309,166,44,80,32,27,0,1,0,1,0,0
0,7,907,56,851,0,0,7,121,0,0,0,1,0,1,0,0
0,1,3125,269,1099,974,783,37,189,147,136,0,1,0,1,0,0
0,1,2742,269,891,998,584,37,153,160,103,0,1,0,1,0,0
0,0,3377,351,2306,481,239,48,363,56,27,0,1,0,1,1,0
0,0,3042,852,1541,330,319,113,210,38,50,0,1,0,1,1,0
0,3,47,0,24,16,7,0,6,1,1,0,0,0,0,1,1
0,0,3079,726,982,461,910,83,143,57,119,0,1,0,1,1,0
0,0,3773,726,1129,1026,892,83,158,122,114,0,1,0,1,1,0
0,1,3327,467,1260,1600,0,65,174,238,0,0,1,0,1,0,0
0,3,3507,873,627,2007,0,146,87,235,0,0,1,0,1,1,0
0,5,3735,574,1926,1235,0,86,281,156,0,0,1,0,1,0,0
0,0,3786,726,835,468,1757,83,126,58,138,0,1,0,1,1,0
0,0,3119,638,1008,309,1164,88,115,39,143,0,1,0,1,1,0
0,2,1736,829,855,31,21,131,134,5,4,0,1,0,1,1,0
0,5,2017,228,167,1622,0,32,21,205,0,0,1,0,0,0,0
0,2,3394,970,1337,901,186,134,183,133,25,0,1,0,1,1,0
0,1,2094,1005,704,265,120,116,121,31,18,0,1,0,1,1,0
0,1,2556,684,1180,692,0,86,150,81,0,0,1,0,1,0,0
0,2,3371,1439,645,1287,0,212,81,159,0,0,1,0,1,0,0
0,1,5177,0,2044,1251,1882,0,329,188,307,1,0,0,0,1,0
0,2,1504,0,800,698,6,0,106,95,1,0,0,0,0,0,0
0,0,3167,56,2471,472,168,7,346,80,24,0,1,0,1,0,0
0,0,5056,1681,1659,1197,519,233,202,154,68,1,1,0,1,0,0
0,6,1402,433,969,0,0,48,163,0,0,0,1,0,1,0,0
0,1,4764,236,1716,2812,0,35,221,399,0,0,1,0,1,0,0
0,7,1273,0,498,775,0,0,68,103,0,0,0,0,1,0,0
1,1,4751,1252,1584,1546,369,198,182,203,58,0,1,0,1,1,0
0,7,3674,349,3325,0,0,56,429,0,0,0,1,1,1,1,0
0,2,1133,0,650,483,0,0,91,72,0,0,0,0,0,0,0
0,6,6440,1294,5146,0,0,170,687,0,0,0,1,0,1,1,0
0,5,5120,2025,1624,1429,42,315,267,186,5,0,1,0,0,1,0
0,1,2684,684,1223,777,0,86,150,93,0,0,1,0,1,0,0
0,4,3597,613,1660,1071,253,90,201,122,30,0,1,0,1,0,0
0,0,5556,1417,762,2606,771,173,102,331,94,0,1,0,1,1,1
0,1,3199,1441,779,979,0,220,92,128,0,0,1,0,1,1,0
0,6,3047,0,1092,1846,109,0,122,234,15,0,0,0,0,1,0
0,1,1540,829,624,70,17,131,99,10,2,0,1,0,1,1,0
0,0,562,53,332,158,19,10,27,21,3,0,1,0,1,1,0
0,3,2864,1565,1099,169,31,218,147,18,6,0,1,0,1,1,0
0,5,1787,0,1089,698,0,0,161,103,0,0,0,0,1,0,0
0,2,3256,1545,1133,578,0,226,184,84,0,0,1,0,1,1,0
0,5,2796,1162,1405,56,173,191,198,8,25,0,1,0,0,1,0
0,1,2170,0,1102,697,371,0,144,93,46,0,0,0,0,0,1
0,1,4456,869,903,2622,62,40,122,323,5,1,1,0,1,1,0
0,1,2058,684,738,636,0,86,94,87,0,0,1,0,1,0,0
1,0,3977,747,1819,1112,299,116,289,172,51,1,1,0,1,1,0
0,1,2223,1439,273,511,0,212,47,73,0,1,1,0,1,0,0
0,4,1793,0,439,658,696,0,66,85,88,0,0,0,0,0,0
0,0,1839,986,604,122,127,132,87,20,15,0,1,0,1,1,0
0,0,465,53,235,158,19,10,37,21,3,0,1,0,1,1,0
0,7,428,0,400,0,28,0,60,0,4,0,0,0,1,0,0
0,1,2610,702,1003,905,0,100,141,107,0,0,1,0,1,1,0
0,1,4526,1208,1383,544,1391,155,201,73,178,0,1,0,1,1,0
0,0,3546,726,1264,673,883,83,179,89,115,0,1,0,1,1,0
0,1,651,0,474,123,54,0,64,15,8,0,0,0,0,0,0
0,0,5681,1025,3307,812,537,148,423,103,81,0,1,0,1,1,0
0,0,2574,913,424,837,400,75,67,98,52,0,1,0,1,0,0
0,0,2541,742,578,704,517,108,80,85,68,0,1,0,1,1,0
0,0,2281,356,991,673,261,51,163,83,39,1,1,0,1,1,0
0,6,1829,0,572,835,422,0,97,107,61,0,0,0,1,1,1
0,7,289,0,236,53,0,0,31,6,0,0,0,0,1,1,0
0,0,4683,1049,2432,845,357,151,329,104,51,0,1,0,1,1,0
0,3,2328,735,414,1127,52,74,61,142,8,1,1,0,1,0,0
0,1,808,0,469,165,174,0,61,20,20,0,0,0,0,0,0
0,1,3460,457,1729,948,326,62,246,114,57,1,1,0,1,1,0
0,1,522,53,314,136,19,10,23,18,3,0,1,0,1,1,0
0,5,2474,0,2474,0,0,0,284,0,0,0,0,0,0,0,0
1,0,3324,489,1626,1022,187,74,256,133,25,0,1,1,1,0,0
0,1,1370,0,913,368,89,0,119,35,9,0,0,0,0,0,0
0,1,2598,911,1433,254,0,128,243,31,0,0,1,0,1,1,0
0,0,2081,356,911,561,253,51,154,73,38,1,1,0,1,1,0
0,0,4596,1025,2475,560,536,148,317,70,81,0,1,0,1,0,0
0,7,1508,433,1075,0,0,48,158,0,0,0,1,1,1,1,0
0,1,2825,615,1371,449,390,83,209,55,62,1,1,0,1,1,0
0,2,2958,0,1559,815,584,0,227,118,92,0,0,0,1,1,0
0,0,5845,2676,910,2057,202,392,120,270,29,0,1,0,1,0,0
0,0,1846,986,586,147,127,132,86,23,15,0,1,0,1,1,0
0,0,2358,820,764,414,360,135,98,53,49,0,1,0,1,1,0
0,6,2526,449,1275,802,0,68,174,90,0,0,1,0,0,1,0
0,1,1540,0,1065,405,70,0,155,51,1,1,0,0,0,0,0
0,0,3582,726,1370,589,897,83,187,82,117,0,1,0,1,0,0
0,5,5593,1594,3999,0,0,270,620,0,0,0,1,0,1,1,0
0,5,5725,1594,4131,0,0,270,608,0,0,0,1,0,1,0,0
0,0,554,53,324,158,19,10,25,21,3,0,1,0,1,1,0
0,0,4070,720,2545,653,152,126,319,72,19,1,1,0,1,1,0
0,3,3030,879,1820,331,0,141,245,50,0,0,1,0,1,1,0
0,1,1379,0,1122,251,6,0,185,31,1,1,0,0,0,0,0
0,3,1552,829,666,41,16,131,103,6,2,0,1,0,1,1,0
0,1,2807,684,1278,845,0,86,156,104,0,0,1,0,1,0,0
0,0,1621,829,705,70,17,131,110,10,2,0,1,0,1,1,0
0,2,5874,0,3367,2507,0,0,468,338,0,1,0,0,0,0,0
0,4,3780,421,2243,1116,0,56,310,150,0,0,1,0,1,0,0
0,3,2886,598,1291,475,522,80,221,69,98,0,1,0,1,1,0
0,0,5746,1251,1771,734,1990,201,251,98,290,1,1,0,1,0,0
0,5,1455,228,1227,0,0,32,157,0,0,0,1,0,0,0,0
0,3,3312,1013,1285,1014,0,148,186,144,0,0,1,0,1,0,0
0,7,1904,433,1471,0,0,48,218,0,0,0,1,1,1,1,0
0,3,1928,879,679,370,0,141,82,45,0,0,1,0,1,1,0
0,4,1642,0,1261,381,0,0,176,54,0,0,0,0,1,0,0
0,5,2763,1171,739,723,130,172,100,92,12,0,1,0,1,1,0
0,6,2261,0,2261,0,0,0,275,0,0,0,0,1,0,0,1
0,1,4613,1708,1472,444,989,290,247,74,178,0,1,0,1,1,0
0,5,2418,638,811,969,0,87,120,123,0,0,1,0,1,0,0
0,0,2662,465,1303,445,449,70,191,65,74,0,1,0,1,0,0
0,0,4200,1025,2323,315,537,148,281,39,81,0,1,0,1,1,0
0,1,3548,0,2476,576,496,0,381,95,84,0,0,0,0,0,0
0,2,4550,600,3950,0,0,95,534,0,0,0,1,0,1,0,0
0,1,3927,0,2731,715,481,0,386,101,75,0,0,0,0,1,0
0,6,1392,728,308,356,0,96,42,47,0,0,1,0,1,1,0
0,5,2082,1050,706,97,229,155,88,17,28,0,1,0,1,1,0
0,1,2058,684,738,636,0,86,94,87,0,0,1,1,1,0,0
0,7,2133,433,1700,0,0,48,268,0,0,0,1,1,1,1,0
0,2,5322,1100,3247,975,0,180,475,133,0,1,1,0,1,1,0
0,3,2207,0,1766,203,238,0,256,22,36,0,0,0,0,0,1
0,7,2156,433,1723,0,0,48,256,0,0,0,1,1,1,1,0
0,5,2857,1628,608,621,0,207,73,87,0,0,1,0,1,0,0
0,3,4412,1808,2604,0,0,264,334,0,0,1,1,0,1,1,0
0,1,522,53,314,136,19,10,23,18,3,0,1,0,1,1,0
0,0,1646,686,532,310,118,98,69,37,18,0,1,0,1,1,0
0,0,2920,869,1133,856,62,40,180,125,5,0,1,0,1,1,0
0,4,3367,879,1311,698,479,141,178,86,70,0,1,0,1,1,0
0,0,1934,277,687,637,333,39,101,94,46,1,1,0,1,1,0
0,6,304,0,252,52,0,0,32,6,0,0,0,0,1,1,0
0,6,3098,1103,917,1078,0,162,138,145,0,0,1,0,1,1,0
0,0,2456,410,1383,436,227,67,196,56,33,0,1,0,1,0,0
1,0,2254,367,511,1151,225,51,76,180,31,1,1,0,1,1,0
0,2,3540,583,1625,1332,0,82,207,176,0,0,1,0,1,0,0
0,2,1510,325,689,302,194,55,103,37,22,0,1,0,1,0,0
0,7,2224,0,1465,759,0,0,202,115,0,0,0,0,0,1,0
0,7,2027,433,1594,0,0,48,237,0,0,0,1,1,1,0,0
0,5,3659,250,1377,1267,765,39,219,158,105,0,1,0,0,1,0
0,3,1867,0,993,632,242,0,162,80,30,0,0,0,0,1,0
0,7,2636,601,2035,0,0,91,273,0,0,0,1,0,1,0,0
0,5,4066,1100,915,1894,157,180,152,256,24,1,1,0,1,1,0
0,1,2048,244,1163,641,0,32,167,87,0,0,1,0,1,1,0
0,1,4647,600,3949,0,98,95,534,0,7,0,1,0,1,1,0
0,2,4117,0,3109,507,501,0,399,72,79,0,0,0,0,1,0
0,0,1673,364,763,422,124,61,120,47,10,0,1,0,1,1,0
0,0,3775,1100,1826,702,147,180,299,92,22,1,1,0,1,1,0
0,6,3071,781,1875,415,0,109,263,54,0,1,1,1,1,0,0
0,2,2200,480,992,499,229,69,147,71,32,0,1,0,1,0,0
0,0,4169,651,1863,856,799,107,250,123,108,0,1,0,1,1,0
0,5,1475,310,347,676,142,53,56,94,14,0,1,0,1,1,0
0,3,3314,230,2206,878,0,36,322,112,0,0,1,0,1,0,0
0,1,2786,712,1590,484,0,92,207,66,0,0,1,0,1,1,0
0,2,583,53,381,130,19,10,33,18,3,0,1,0,1,1,0
0,4,3025,671,1613,741,0,108,217,103,0,0,1,0,1,1,0
0,5,4201,1471,1307,1040,383,230,175,131,52,0,1,0,1,1,0
0,0,3084,852,1541,391,300,113,210,44,50,0,1,0,1,1,0
1,2,1633,0,682,951,0,0,88,136,0,1,0,0,1,0,0
0,1,4424,1100,2016,1036,272,180,324,139,48,1,1,0,1,1,0
0,5,1328,81,1247,0,0,14,197,0,0,0,1,1,0,0,0
0,0,647,53,458,117,19,10,50,15,3,0,1,0,1,1,0
0,0,4282,1147,1254,896,985,170,199,124,144,1,1,0,1,1,0
0,6,833,0,833,0,0,0,104,0,0,0,0,0,0,1,1
0,5,1546,904,243,210,189,105,32,31,26,0,1,0,0,1,0
0,0,477,53,247,158,19,10,37,21,3,0,1,0,1,1,0
0,1,2392,684,1006,702,0,86,132,88,0,0,1,0,1,0,0
0,6,891,0,891,0,0,0,110,0,0,0,0,0,0,0,1
0,2,583,53,381,130,19,10,33,18,3,0,1,0,1,1,0
0,4,2862,0,1968,0,894,0,256,0,122,0,0,0,1,0,0
0,0,3527,592,1676,578,681,92,239,93,124,0,1,0,1,0,0
0,6,1719,0,1719,0,0,0,236,0,0,0,0,0,0,0,1
0,2,3397,651,1604,601,541,107,222,75,79,0,1,0,1,1,0
0,2,583,53,381,130,19,10,33,18,3,0,1,0,1,1,0
0,1,4009,2065,1799,145,0,333,276,25,0,0,1,0,1,1,0
0,6,1615,0,1615,0,0,0,233,0,0,0,0,0,0,0,1
0,1,1493,829,577,70,17,131,85,10,2,0,1,1,1,1,0
0,1,2796,536,1201,722,337,88,179,96,53,0,1,0,1,0,0
0,6,1669,0,1669,0,0,0,243,0,0,0,0,1,0,0,1
0,6,757,0,757,0,0,0,96,0,0,0,0,0,0,0,1
0,6,832,0,832,0,0,0,89,0,0,0,0,0,0,0,1
0,1,3943,1687,1771,485,0,247,227,58,0,0,1,0,1,0,0
0,6,799,0,799,0,0,0,85,0,0,0,0,0,0,0,1
0,4,5635,228,2671,2736,0,32,344,362,0,0,1,0,0,0,0
0,6,1938,1392,323,223,0,209,53,36,0,0,1,0,1,0,0
0,1,2321,0,1812,431,78,0,249,57,10,0,0,0,0,1,0
0,1,2756,228,1430,1098,0,32,202,130,0,0,1,0,0,0,0
0,6,1458,0,1458,0,0,0,191,0,0,0,0,0,0,0,1
0,1,3419,610,913,897,999,87,126,115,152,1,1,0,1,1,0
0,7,970,454,516,0,0,68,61,0,0,0,1,1,1,0,0
0,6,1171,0,1171,0,0,0,150,0,0,0,0,0,0,0,1
0,0,3699,1628,1287,768,16,207,145,85,2,1,1,0,1,1,0
0,0,2428,509,615,955,349,72,108,158,69,1,1,1,1,1,0
0,1,2058,684,738,636,0,86,94,87,0,0,1,1,1,0,0
0,5,4248,518,1773,1817,140,72,239,242,16,0,1,0,1,0,0
0,0,2861,726,748,490,897,83,111,67,117,0,1,0,1,0,0
0,0,1806,829,460,343,174,126,63,46,18,0,1,0,1,0,0
0,5,3448,1708,857,234,649,290,151,39,118,0,1,0,1,1,0
0,6,1364,310,325,729,0,53,48,94,0,0,1,0,1,1,0
0,5,1807,829,460,344,174,126,63,46,18,0,1,0,1,0,0
0,6,1460,310,322,828,0,53,41,118,0,0,1,0,1,1,0
0,7,834,56,778,0,0,7,135,0,0,0,1,0,1,0,0
0,0,1887,526,544,727,90,93,70,88,11,1,1,0,1,1,0
0,1,1539,829,623,70,17,131,95,10,2,0,1,0,1,1,0
0,2,6607,0,2329,4278,0,0,331,623,0,0,0,0,1,0,0
0,4,1546,324,378,520,324,47,62,77,47,0,1,0,1,1,0
0,1,5623,646,3081,1896,0,97,427,241,0,0,1,0,1,0,0
0,0,2175,356,915,651,253,51,155,87,38,1,1,0,1,1,0
0,4,5082,1014,3721,347,0,167,513,44,0,0,1,0,1,1,0
0,7,3218,601,2617,0,0,91,374,0,0,0,1,0,1,0,0
0,1,522,53,314,136,19,10,23,18,3,0,1,0,1,1,0
0,2,1544,310,376,858,0,53,51,129,0,0,1,0,1,0,0
0,3,3720,421,1844,1145,310,56,246,155,41,0,1,0,1,0,0
0,0,2320,778,879,227,436,115,117,31,77,0,1,0,1,1,0
0,0,5159,651,3233,988,287,107,439,125,38,0,1,0,1,1,0
0,5,2333,735,414,1132,52,74,61,144,8,1,1,0,1,0,0
0,1,3850,684,1998,1168,0,86,258,127,0,0,1,1,1,0,0
0,4,3354,1376,726,929,323,226,108,108,32,0,1,0,1,1,0
0,2,3795,509,1868,891,527,79,274,127,65,0,1,0,1,0,0
0,1,2550,717,1123,244,466,120,162,39,67,0,1,0,1,1,0
0,0,3555,694,2326,318,217,105,334,41,29,0,1,0,1,1,0
0,5,3387,913,1571,903,0,130,244,113,0,0,1,0,1,1,0
0,0,1395,686,506,63,140,98,81,9,17,0,1,0,1,1,0
0,5,2438,1376,542,520,0,226,78,71,0,0,1,1,1,1,0
0,0,2626,356,919,1097,254,51,154,142,38,1,1,0,1,1,0
0,5,1998,616,562,410,410,120,75,58,58,0,1,0,1,0,0
1,6,1868,0,859,616,393,0,134,79,50,0,0,0,0,1,0
0,1,1536,829,620,70,17,131,95,10,2,0,1,0,1,1,0
0,0,3876,1025,1872,443,536,148,234,60,81,0,1,0,1,0,0
0,1,3008,622,1701,685,0,92,219,91,0,0,1,0,1,0,0
0,5,2331,134,1146,732,319,20,155,99,44,0,1,0,1,1,0
0,3,3669,421,2290,958,0,56,323,128,0,0,1,0,1,0,0
0,0,3176,1247,868,444,617,216,131,58,82,0,1,0,1,1,0
0,0,4257,1532,1778,657,290,262,273,83,46,1,1,0,1,1,0
0,5,1860,955,529,157,219,135,73,16,26,0,1,0,1,1,0
0,5,874,228,646,0,0,32,85,0,0,0,1,0,0,0,0
0,2,2730,592,899,546,693,92,125,77,126,0,1,0,1,0,0
0,0,1875,526,544,715,90,93,70,88,11,1,1,0,1,1,0
0,0,2889,356,920,1360,253,51,153,184,38,1,1,0,1,1,0
0,1,997,0,462,468,67,0,76,57,6,0,0,0,1,0,0
0,5,6578,1576,161,4841,0,243,23,621,0,0,1,0,1,1,0
0,4,2971,0,1499,826,646,0,212,128,102,0,0,0,1,1,0
0,0,3781,1025,1786,434,536,148,216,58,81,0,1,0,1,0,0
0,4,5349,574,2296,2094,385,86,325,242,52,0,1,0,1,0,0
0,0,4596,1025,2475,560,536,148,317,70,81,0,1,0,1,0,0
0,0,1969,356,932,429,252,51,156,51,37,1,1,0,1,1,0
0,0,2878,553,1672,369,284,72,209,34,30,0,1,0,1,1,0
0,6,3243,1298,1945,0,0,203,300,0,0,0,1,0,1,0,0
0,3,2608,699,1387,485,37,109,207,59,5,0,1,0,1,1,0
0,1,3614,684,2310,620,0,86,284,78,0,0,1,0,1,0,0
0,2,1556,0,1504,52,0,0,199,2,0,1,0,0,0,1,0
0,0,1906,356,901,396,253,51,151,51,38,1,1,0,1,1,0
0,2,1765,0,1304,461,0,0,201,64,0,0,0,0,0,1,0
0,7,1281,0,1281,0,0,0,193,0,0,0,0,0,0,0,0
0,6,4056,1103,2250,703,0,167,288,81,0,0,1,1,1,1,0
0,4,3989,1799,2190,0,0,294,361,0,0,0,1,0,1,0,0
0,1,1455,0,996,380,79,0,137,49,10,0,0,0,1,0,0
0,5,1169,401,306,239,223,33,39,27,35,0,1,0,1,1,0
0,3,3028,0,1548,838,642,0,219,125,103,0,0,0,1,1,0
0,0,2200,356,1004,586,254,51,163,73,38,1,1,0,1,1,0
0,1,2570,717,1143,244,466,120,164,39,67,0,1,0,1,1,0
0,0,2620,910,1127,565,18,141,137,71,2,0,1,0,1,0,0
0,1,4844,0,1464,2340,1040,0,226,290,167,0,0,0,1,0,0
0,1,3015,684,1742,589,0,86,228,68,0,0,1,0,1,0,0
0,1,2656,711,1333,546,66,108,189,75,9,0,1,0,1,0,0
0,3,4350,879,2039,1432,0,141,253,189,0,0,1,0,1,1,0
0,7,605,384,221,0,0,70,22,0,0,0,1,0,1,0,0
0,0,2198,356,915,673,254,51,155,80,38,1,1,0,1,1,0
0,0,1560,1128,139,249,44,184,17,32,5,1,1,0,1,1,1
0,4,4301,699,494,2101,1007,104,74,261,126,0,1,0,1,0,0
0,5,4471,518,1139,2519,295,72,148,330,34,0,1,0,1,0,0
0,0,4553,1025,2432,560,536,148,313,70,81,0,1,0,1,1,0
0,1,3364,684,1820,860,0,86,235,99,0,0,1,0,1,0,0
1,0,2319,333,851,953,182,48,117,128,20,0,1,0,1,0,0
0,1,746,364,95,287,0,56,17,37,0,0,1,0,1,1,0
0,5,3649,1994,918,587,150,236,146,79,21,0,1,0,1,0,0
0,0,3938,1025,2062,315,536,148,237,39,81,0,1,0,1,1,0
0,1,2914,0,1290,1349,275,0,195,186,53,0,0,0,0,0,0
0,1,240,0,196,19,25,0,15,2,3,1,0,0,0,0,0
0,0,3003,726,785,595,897,83,115,78,117,0,1,0,1,1,0
0,0,2446,384,1496,349,217,70,189,45,25,0,1,0,1,1,0
0,1,2701,684,1288,729,0,86,160,87,0,0,1,0,1,0,0
0,0,3674,913,2016,386,359,130,281,58,50,1,1,0,1,1,0
0,0,1368,390,241,590,147,63,40,69,17,0,1,0,1,0,0
0,1,2674,404,1625,645,0,49,204,92,0,0,1,0,1,0,0
0,2,3605,1025,1336,647,597,148,169,92,84,0,1,0,1,0,0
0,5,2301,1153,271,456,421,188,38,77,69,0,1,0,1,1,0
0,1,1907,454,861,410,182,66,122,49,29,0,1,0,1,1,0
0,0,3876,1025,1872,443,536,148,233,60,81,0,1,0,1,0,0
0,2,3599,1628,1690,260,21,207,216,29,3,1,1,0,1,1,0
1,3,2649,803,1757,89,0,105,260,4,0,0,1,0,1,1,0
0,1,2696,781,1218,442,255,109,173,47,37,1,1,0,1,0,0
0,0,4476,1049,2138,931,358,151,261,111,51,1,1,0,1,1,0
0,1,2179,0,1690,412,77,0,217,48,6,0,0,0,0,1,0
0,7,452,384,68,0,0,70,12,0,0,0,1,0,1,0,0
0,0,3302,726,1192,486,898,83,171,65,119,0,1,0,1,1,0
0,1,2124,0,1636,482,6,0,230,69,1,0,0,0,1,0,0
0,8,1051,0,1051,0,0,0,136,0,0,0,0,0,1,1,0
0,3,5265,879,3579,807,0,141,453,100,0,0,1,0,1,1,0
0,1,2091,684,737,439,231,93,121,52,28,0,1,0,1,0,0
0,5,2804,1153,1027,228,396,188,169,37,66,0,1,0,1,1,0
0,0,4554,1025,2432,561,536,148,313,70,81,0,1,0,1,1,0
0,1,1908,377,1120,411,0,60,145,45,0,0,1,0,1,0,0
0,0,3436,405,670,1562,799,65,105,218,136,0,1,0,1,0,0
0,0,5186,1147,755,971,2313,170,120,125,375,1,1,0,1,1,0
0,1,1141,829,225,70,17,131,35,10,2,0,1,0,1,1,0
0,1,4967,2206,1652,478,631,350,261,64,105,0,1,0,1,1,0
0,0,1866,408,921,407,130,53,129,51,20,1,1,0,1,1,0
0,2,5571,1808,3763,0,0,264,491,0,0,0,1,0,1,1,0
0,5,904,228,676,0,0,32,88,0,0,0,1,0,0,0,0
0,0,981,505,6,391,79,79,1,53,13,0,1,0,1,1,0
0,1,3148,684,1288,1176,0,86,170,146,0,0,1,0,1,0,0
0,2,3727,0,2356,1371,0,0,393,163,0,0,0,0,0,1,0
0,6,2264,1247,620,397,0,192,98,61,0,0,1,0,1,0,0
0,7,1385,433,952,0,0,48,119,0,0,0,1,1,1,0,0
0,5,1768,955,433,266,114,135,52,30,16,0,1,0,1,1,0
0,1,2446,463,692,784,507,77,114,107,77,0,1,0,1,1,0
0,2,4761,139,3537,743,342,21,485,105,57,0,1,0,1,0,0
0,4,4122,1014,2677,431,0,167,366,49,0,0,1,0,1,1,0
0,1,2968,684,1570,714,0,86,201,86,0,0,1,0,1,0,0
0,1,4376,651,949,1996,780,107,134,299,110,0,1,0,1,1,0
0,0,4141,730,2583,393,435,116,416,47,48,0,1,0,1,1,0
0,2,1500,829,613,41,17,131,94,6,2,0,1,0,1,1,0
0,6,1056,228,828,0,0,32,104,0,0,0,1,0,0,0,0
0,0,2885,356,923,1352,254,51,156,177,38,1,1,0,1,1,0
0,1,4087,1557,820,934,776,230,126,116,115,0,1,0,1,0,0
0,1,1747,0,1351,345,51,0,216,50,5,0,0,0,0,0,0
0,1,2470,1126,969,327,48,163,143,44,7,0,1,0,1,1,0
1,0,3021,399,1076,1140,406,51,167,119,66,0,1,0,1,1,0
0,3,230,0,87,143,0,0,11,20,0,0,0,0,0,0,0
0,7,1845,433,1412,0,0,48,176,0,0,0,1,1,1,1,0
0,0,2894,356,924,1360,254,51,154,184,38,1,1,0,1,1,0
0,4,1712,230,480,1002,0,36,77,142,0,0,1,0,1,0,0
0,0,6321,1508,1359,3345,109,239,197,431,11,0,1,0,1,1,0
0,2,2880,345,1377,450,708,53,208,55,109,0,1,0,1,1,0
0,1,2760,574,1672,514,0,86,200,54,0,0,1,0,1,1,0
0,0,2053,558,421,187,887,84,60,26,116,1,1,0,1,0,0
0,1,3046,509,1563,646,328,79,224,78,43,0,1,0,1,0,0
0,1,1587,228,378,981,0,32,55,128,0,0,1,0,0,0,0
0,2,1532,829,633,70,0,131,97,10,0,0,1,0,1,1,0
0,8,632,0,632,0,0,0,96,0,0,0,0,0,1,1,0
0,4,3168,574,2082,512,0,86,316,69,0,0,1,0,1,1,0
0,5,1454,228,1226,0,0,32,157,0,0,0,1,0,0,0,0
0,5,3307,228,2094,985,0,32,277,128,0,0,1,0,0,0,0
0,1,3837,1628,1647,541,21,207,202,65,3,1,1,0,1,0,0
0,3,4081,805,3276,0,0,116,421,0,0,0,1,0,1,1,0
0,4,4415,574,3055,786,0,86,457,112,0,0,1,0,1,1,0
1,0,2624,1068,917,491,148,186,146,64,23,0,1,0,1,1,0
0,1,2620,684,1221,715,0,86,150,86,0,0,1,0,1,0,0
0,1,1554,0,945,563,46,0,129,71,7,1,0,0,0,0,0
0,0,5609,725,2673,1429,782,119,347,176,97,0,1,0,1,0,0
0,0,5149,1508,1203,2329,109,239,168,287,11,1,1,0,1,1,0
1,4,783,0,619,164,0,0,95,24,0,0,0,0,0,0,1
0,8,416,0,416,0,0,0,61,0,0,0,0,0,0,1,0
1,4,783,0,619,164,0,0,95,24,0,0,0,0,0,0,1
1,4,783,0,619,164,0,0,95,24,0,0,0,0,0,0,1
1,4,783,0,619,164,0,0,95,24,0,0,0,0,0,0,1
1,4,783,0,619,164,0,0,95,24,0,0,0,0,0,0,1
1,4,783,0,619,164,0,0,95,24,0,0,0,0,0,0,1
1,4,783,0,619,164,0,0,95,24,0,0,0,0,0,0,1
1,4,783,0,619,164,0,0,95,24,0,0,0,0,0,0,1
1,4,783,0,619,164,0,0,95,24,0,0,0,0,0,0,1
0,0,477,53,247,158,19,10,37,21,3,0,1,0,1,1,0
1,4,783,0,619,164,0,0,95,24,0,0,0,0,0,0,1
1,4,783,0,619,164,0,0,95,24,0,0,0,0,0,0,1
0,4,1383,134,755,291,203,20,110,43,32,0,1,0,1,1,0
0,2,2808,0,2208,297,303,0,297,36,47,0,0,0,1,1,0
0,1,2530,788,244,1498,0,108,32,171,0,0,1,0,1,1,0
1,0,2131,333,764,852,182,48,106,111,20,0,1,0,1,1,0
0,1,4149,606,1724,1567,252,86,228,202,26,0,1,0,1,0,0
0,5,3434,321,1988,823,302,45,284,102,37,0,1,0,1,1,0
0,5,2400,1153,424,370,453,188,70,61,72,0,1,0,1,1,0
0,6,1132,0,552,500,80,0,80,50,12,0,0,0,0,1,0
0,0,474,53,244,158,19,10,35,21,3,0,1,0,1,1,0
0,1,2944,684,1556,704,0,86,205,86,0,0,1,0,1,0,0
0,0,2138,293,1106,660,79,44,156,98,13,0,1,0,1,1,0
0,1,502,0,315,104,83,0,51,10,5,0,0,0,0,1,0
0,1,522,53,314,136,19,10,23,18,3,0,1,0,1,1,0
0,5,3540,885,2162,493,0,141,340,70,0,0,1,0,1,0,0
0,1,1307,829,391,70,17,131,61,10,2,0,1,0,1,1,0
0,0,4212,1628,1966,597,21,207,261,71,3,1,1,0,1,1,0
0,2,3047,860,1682,505,0,121,207,69,0,0,1,1,1,1,0
0,3,2767,747,1044,679,297,125,139,91,40,0,1,0,1,0,0
0,5,1474,739,232,308,195,113,31,34,27,0,1,0,1,1,0
1,0,6380,2065,2381,1245,689,333,367,168,90,1,1,0,1,1,0
0,3,2510,227,2283,0,0,35,341,0,0,0,1,0,0,1,0
1,2,3288,873,1455,850,110,121,202,116,15,0,1,0,1,1,0
0,8,800,0,800,0,0,0,111,0,0,0,0,0,1,0,0
0,6,1118,0,509,270,339,0,83,47,62,0,0,0,0,1,0
0,3,2660,459,1235,966,0,66,57,73,0,0,1,0,1,0,0
0,1,389,53,184,133,19,10,26,17,3,0,1,0,1,0,0
0,0,3939,1049,1786,746,358,151,226,93,51,0,1,0,1,0,0
0,0,4259,1025,2383,315,536,148,281,39,81,0,1,0,1,1,0
0,0,5680,1025,3307,812,536,148,423,103,81,0,1,0,1,1,0
0,5,2469,0,1717,752,0,0,236,93,0,0,0,0,0,0,0
1,1,4043,729,2844,351,119,117,439,42,17,0,1,0,1,1,0
1,1,3879,729,2676,351,123,117,409,42,18,0,1,0,1,1,0
0,1,1573,829,659,69,16,131,103,10,2,0,1,0,1,1,0
0,1,3735,684,1961,1090,0,86,252,134,0,0,1,1,1,0,0
0,6,230,0,64,94,72,0,10,11,13,0,0,0,0,1,0
0,1,1646,0,671,471,504,0,93,54,73,1,0,0,1,0,0
0,2,3958,0,731,2989,238,0,91,446,38,1,0,0,1,0,0
0,6,2270,704,1132,434,0,116,164,55,0,0,1,0,0,1,0
0,0,4122,1628,2243,203,48,207,294,24,7,0,1,0,1,1,0
0,6,1100,228,872,0,0,32,124,0,0,0,1,0,0,0,0
0,5,1398,1251,110,37,0,201,19,6,0,0,1,0,1,0,0
0,1,2776,897,1474,142,263,157,213,19,36,0,1,0,1,1,0
0,0,738,389,244,59,46,62,43,10,7,1,1,0,1,0,0
0,2,3828,1482,1063,1081,202,209,142,132,23,0,1,0,1,0,0
0,0,2932,422,2055,331,124,68,288,39,14,0,1,0,1,0,0
0,0,3325,726,1069,632,898,83,155,89,118,0,1,0,1,1,0
0,1,4298,1344,2636,318,0,222,385,31,0,1,1,0,1,0,0
0,0,2303,1050,805,206,242,155,108,34,29,0,1,0,1,1,0
0,1,909,244,434,225,6,32,63,33,1,1,1,0,1,0,0
0,6,2155,704,666,785,0,116,95,117,0,0,1,0,0,1,0
0,7,3769,684,3085,0,0,108,423,0,0,0,1,0,1,0,0
0,1,2896,1556,690,650,0,210,96,74,0,0,1,0,1,1,0
0,0,647,53,458,117,19,10,50,15,3,0,1,0,1,1,0
0,3,1987,326,697,663,301,49,91,84,32,0,1,0,1,1,0
0,3,2122,326,820,684,292,49,107,91,32,0,1,0,1,1,0
0,5,801,236,553,6,6,35,89,1,1,0,1,0,1,1,0
0,1,1629,0,1050,132,447,0,147,17,73,1,0,0,1,0,0
0,6,1217,0,600,474,143,0,79,61,24,0,0,0,0,1,0
0,1,3712,651,2046,579,436,100,268,80,65,0,1,0,1,1,0
0,1,3804,509,1428,1195,672,79,201,169,101,0,1,0,1,0,0
0,1,2615,684,1217,714,0,86,150,86,0,0,1,0,1,0,0
0,0,2000,517,269,1166,48,75,42,155,6,0,1,0,0,1,0
0,0,3550,1208,1457,643,242,155,189,86,32,0,1,0,1,1,0
0,1,1366,0,666,681,19,0,87,93,3,0,0,0,0,1,0
0,1,2580,0,1873,545,162,0,269,52,27,1,0,0,0,0,0
0,5,1891,493,1398,0,0,77,201,0,0,0,1,0,1,0,0
0,6,1716,334,769,613,0,57,114,87,0,0,1,0,1,1,0
0,5,4586,1139,3447,0,0,183,571,0,0,1,1,0,1,1,0
0,0,647,53,458,117,19,10,50,15,3,0,1,0,1,1,0
0,1,9550,1556,5450,2544,0,210,552,149,0,0,1,0,1,1,0
0,5,1683,829,854,0,0,131,134,0,0,0,1,0,1,0,0
0,3,1279,829,343,91,16,131,50,15,2,0,1,0,1,0,0
0,0,2946,667,867,834,578,103,135,132,61,0,1,0,1,1,0
0,6,2284,0,1433,536,315,0,190,67,33,0,0,0,0,1,0
0,0,4372,2065,1838,289,180,333,270,36,21,0,1,0,1,1,0
0,0,5375,614,2458,1390,913,85,292,184,117,0,1,0,1,0,0
0,6,2293,1247,443,603,0,192,67,88,0,0,1,0,1,0,0
0,2,1073,0,788,285,0,0,106,36,0,1,0,0,0,1,0
0,3,4604,702,2197,1064,641,110,338,181,94,0,1,0,1,0,0
0,0,3042,879,869,1215,79,141,117,151,12,0,1,0,1,1,0
0,2,582,271,311,0,0,48,49,0,0,0,1,0,1,0,0
0,1,2339,741,1140,458,0,114,148,57,0,0,1,0,1,1,1
0,6,814,0,814,0,0,0,111,0,0,0,0,0,0,0,1
0,1,4387,613,1795,1726,253,90,270,217,30,0,1,0,1,0,0
0,0,3642,1025,1998,403,216,148,256,47,31,0,1,0,1,1,0
0,3,940,0,469,300,171,0,62,36,23,0,0,0,0,0,1
0,3,1511,829,575,91,16,131,81,15,2,0,1,0,1,1,0
0,4,3796,695,1092,1192,817,120,161,186,138,0,1,0,1,1,0
0,3,1428,511,530,387,0,73,85,54,0,0,1,0,1,1,0
0,0,4553,726,1300,1104,1423,83,128,90,131,0,1,0,1,0,0
0,3,1807,321,929,501,56,46,123,50,6,0,1,0,1,0,0
0,3,2235,1436,799,0,0,218,115,0,0,0,1,0,1,0,0
0,0,2938,726,777,550,885,83,129,75,116,0,1,0,1,1,0
0,4,1224,0,199,970,55,0,28,141,11,0,0,0,0,0,0
0,1,8313,684,4941,2688,0,86,640,305,0,0,1,0,1,0,0
0,4,1290,0,752,538,0,0,103,72,0,0,0,0,1,0,0
0,0,3852,857,1830,417,748,121,258,56,113,0,1,0,1,0,0
0,1,2887,1064,1268,332,223,155,184,44,31,0,1,0,1,1,0
0,7,2149,1970,179,0,0,312,29,0,0,0,1,0,1,1,0
0,1,2395,598,1006,383,408,80,181,56,73,0,1,0,1,1,0
0,6,2009,955,700,354,0,135,95,43,0,0,1,0,1,1,0
0,0,3353,726,1064,664,899,83,157,89,119,0,1,0,1,1,0
1,1,1761,217,879,215,450,35,145,29,68,1,1,0,1,1,0
0,0,2348,748,1101,410,89,116,144,51,10,0,1,0,1,1,0
0,1,2064,0,723,1060,281,0,108,119,42,0,0,0,0,1,0
0,0,645,53,456,117,19,10,50,15,3,0,1,0,1,1,0
0,5,3821,651,2164,535,471,100,287,73,69,0,1,0,1,1,0
0,0,4656,3145,888,233,390,551,148,34,67,0,1,0,1,1,0
0,6,1414,228,1186,0,0,32,148,0,0,0,1,0,0,0,0
0,2,2393,310,963,1120,0,53,153,173,0,0,1,0,1,0,0
0,6,2702,1247,437,1018,0,192,70,150,0,0,1,0,1,0,0
0,2,3084,799,1687,598,0,115,253,78,0,0,1,0,1,1,0
0,5,2491,981,768,554,188,163,109,75,28,0,1,0,1,1,0
0,0,1548,829,632,70,17,131,95,10,2,0,1,0,1,1,0
0,6,1870,228,1642,0,0,32,200,0,0,0,1,0,0,0,0
0,1,3397,439,1789,563,606,71,276,82,95,0,1,0,1,1,0
0,3,1188,994,194,0,0,145,25,0,0,1,1,0,1,0,0
0,5,3959,228,1469,2262,0,32,164,302,0,0,1,0,0,0,0
0,2,583,53,381,130,19,10,33,18,3,0,1,0,1,1,0
0,0,3365,726,812,941,886,83,119,125,115,0,1,0,1,0,0
0,2,583,53,381,130,19,10,33,18,3,0,1,0,1,1,0
0,5,4443,2425,877,847,294,370,129,122,38,0,1,0,1,1,0
0,3,2190,264,264,1333,329,35,35,192,54,0,1,0,1,1,0
0,0,4726,657,3229,449,391,100,466,58,54,0,1,0,1,0,0
0,2,3083,799,1686,598,0,115,253,78,0,0,1,0,1,1,0
0,3,2492,1054,1438,0,0,160,227,0,0,0,1,0,1,1,0
0,6,1668,228,1440,0,0,32,175,0,0,0,1,0,0,0,0
0,6,1399,0,1399,0,0,0,140,0,0,0,0,0,1,0,0
0,1,2452,251,1459,387,355,52,241,65,55,0,1,0,1,1,0
0,1,3735,684,1961,1090,0,86,252,134,0,0,1,0,1,0,0
0,0,3525,1230,931,701,663,181,142,100,87,1,1,0,1,1,0
0,4,1890,321,942,321,306,45,119,40,38,0,1,0,1,1,0
0,0,647,53,458,117,19,10,50,15,3,0,1,0,1,1,0
0,7,527,0,476,51,0,0,65,9,0,0,0,0,1,0,0
0,0,3473,726,1015,833,899,83,147,110,119,0,1,0,1,1,0
0,2,554,0,419,135,0,0,67,8,0,0,0,0,0,0,0
0,5,4402,2425,726,957,294,370,101,130,38,0,1,0,1,1,0
0,4,3302,879,2031,392,0,141,270,50,0,0,1,0,1,1,0
0,6,2124,0,877,638,609,0,146,97,92,0,0,0,0,1,0
0,1,662,0,548,55,59,0,57,7,8,1,0,0,0,1,0
0,0,4130,730,1546,551,1303,116,236,67,204,0,1,0,1,0,0
0,1,2196,632,1095,217,252,112,163,27,33,0,1,0,1,1,0
0,0,647,53,458,117,19,10,50,15,3,0,1,0,1,1,0
0,0,4952,614,2155,1401,782,85,274,190,97,0,1,0,1,0,0
0,0,2703,433,1284,336,650,63,200,57,101,0,1,0,1,0,0
0,1,3108,684,1711,713,0,86,225,75,0,0,1,0,1,0,0
0,0,3052,537,1834,601,80,78,226,72,10,0,1,0,1,1,0
0,0,5609,725,2673,1429,782,119,347,176,97,0,1,0,1,0,0
0,1,2144,0,816,561,767,0,117,71,106,1,0,0,0,1,0
0,1,2956,0,1742,1089,125,0,234,139,17,0,0,0,0,0,0
0,6,2478,516,1962,0,0,76,230,0,0,0,1,0,1,0,0
0,2,748,0,330,418,0,0,49,48,0,1,0,0,0,0,1
0,6,769,472,297,0,0,72,46,0,0,0,1,1,1,0,0
0,2,586,53,384,130,19,10,34,18,3,0,1,0,1,1,0
0,8,3386,0,3386,0,0,0,422,0,0,0,0,0,0,0,0
0,5,2946,702,647,800,797,110,109,92,116,0,1,0,1,0,0
0,5,1275,829,340,90,16,131,49,15,2,0,1,0,1,1,0
0,1,6010,1049,3645,1316,0,151,481,158,0,0,1,0,1,1,0
0,0,2750,275,2040,258,177,36,325,33,24,1,1,0,1,1,0
0,2,2099,384,1715,0,0,70,239,0,0,0,1,0,1,1,0
0,2,868,0,663,205,0,0,90,14,0,0,0,0,0,0,0
0,2,583,53,381,130,19,10,33,18,3,0,1,0,1,1,0
0,0,2026,536,670,695,125,72,101,83,19,0,1,0,1,1,0
0,3,1298,0,339,556,403,0,47,81,68,1,0,0,0,0,1
0,2,2245,1439,568,238,0,212,78,26,0,1,1,0,1,0,0
0,1,3320,684,1921,715,0,86,258,86,0,0,1,0,1,0,0
0,0,2444,855,608,909,72,118,94,118,13,0,1,0,1,1,0
0,1,2659,684,1218,757,0,86,150,91,0,0,1,0,1,0,0
0,2,2130,651,681,373,425,107,105,50,58,0,1,0,1,1,0
0,7,1892,433,1459,0,0,48,230,0,0,0,1,1,1,1,0
0,0,2485,892,617,811,165,97,103,104,5,1,1,0,1,0,0
0,1,3735,684,1961,1090,0,86,252,134,0,0,1,1,1,0,0
0,0,647,53,458,117,19,10,50,15,3,0,1,0,1,1,0
0,0,4268,543,2595,672,458,77,392,88,64,0,1,0,1,0,0
0,6,1090,228,862,0,0,32,128,0,0,0,1,0,0,0,0
0,1,4424,0,1067,3308,49,0,155,431,4,0,0,0,1,1,0
0,1,2391,537,1367,363,124,78,185,47,19,1,1,0,1,1,0
0,5,4564,1309,1415,1110,730,208,219,159,120,0,1,0,1,1,0
0,0,554,53,324,158,19,10,25,21,3,0,1,0,1,1,0
0,5,11119,2425,7375,983,336,370,1072,128,45,0,1,0,1,1,0
0,5,1924,228,1696,0,0,32,206,0,0,0,1,0,0,0,0
0,1,393,0,283,67,43,0,38,3,5,0,0,0,0,1,0
0,8,441,0,441,0,0,0,60,0,0,0,0,0,0,0,0
0,7,1321,1264,57,0,0,216,9,0,0,0,1,0,1,1,0
0,2,2968,684,1570,714,0,86,201,86,0,0,1,0,1,0,0
0,2,1379,739,115,269,256,113,17,35,36,0,1,0,1,0,0
0,7,860,433,427,0,0,48,63,0,0,0,1,1,1,1,0
0,4,3308,321,2152,565,270,45,283,75,33,0,1,0,1,1,0
0,5,717,364,152,142,59,61,19,17,6,0,1,0,1,1,0
0,0,1728,105,1247,184,192,14,149,18,34,0,1,0,1,0,0
0,2,924,0,582,300,42,0,70,31,5,0,0,0,0,0,0
0,1,3735,684,1961,1090,0,86,252,134,0,0,1,1,1,0,0
0,2,413,0,268,145,0,0,40,24,0,1,0,0,0,0,0
0,5,4696,1708,1797,458,733,290,279,64,137,0,1,0,1,1,0
0,2,3799,730,986,778,1305,116,149,127,204,0,1,0,1,0,0
1,7,1040,119,921,0,0,16,142,0,0,0,1,0,1,0,0
0,1,2739,453,1442,844,0,63,199,104,0,0,1,0,1,0,0
0,2,920,0,699,221,0,0,95,26,0,1,0,0,0,0,0
1,1,3374,586,1309,547,932,82,208,101,163,0,1,0,1,1,0
0,4,2183,242,1599,342,0,35,217,44,0,0,1,0,1,0,0
0,2,1547,275,1237,0,35,36,180,0,5,0,1,0,1,1,0
0,0,4400,730,1659,708,1303,116,258,93,204,0,1,0,1,0,0
0,1,3778,1628,1586,543,21,207,194,65,3,0,1,0,1,1,0
0,6,3372,1247,396,1729,0,192,62,253,0,0,1,0,1,0,0
0,2,2037,1439,389,209,0,212,48,25,0,1,1,0,1,0,0
1,5,1551,0,1106,445,0,0,173,55,0,0,0,0,1,0,0
0,2,2574,384,2190,0,0,70,330,0,0,0,1,0,1,1,0
1,2,2196,439,1176,581,0,71,178,83,0,0,1,0,1,1,0
0,0,1729,105,1247,185,192,14,149,18,34,0,1,0,1,0,0
0,1,2269,879,415,539,436,141,65,71,65,0,1,0,1,1,0
0,6,2173,1247,414,512,0,192,65,77,0,0,1,0,1,0,0
0,1,3924,850,1220,618,1236,146,174,81,207,0,1,0,1,0,0
0,0,1513,1000,402,74,37,155,68,11,4,0,1,0,1,0,0
1,1,996,0,52,736,208,0,10,79,29,1,0,0,0,1,0
1,2,2587,0,2474,0,113,0,284,0,11,1,0,0,0,0,0
0,1,4647,600,3949,0,98,95,534,0,7,1,1,0,1,1,0
0,1,2499,684,1126,689,0,86,137,85,0,0,1,0,1,0,0
0,0,647,53,458,117,19,10,50,15,3,0,1,0,1,1,0
0,0,3891,614,1492,882,903,85,195,114,115,0,1,0,1,0,0
0,4,3122,574,1820,728,0,86,248,87,0,0,1,0,1,1,0
0,6,1148,228,920,0,0,32,114,0,0,0,1,0,0,0,0
0,0,2084,1187,378,266,253,180,55,44,43,0,1,0,1,1,0
0,1,2502,453,1492,557,0,63,197,71,0,0,1,0,1,0,0
1,1,478,0,324,117,37,0,54,14,7,1,0,0,1,0,0
0,2,931,0,925,6,0,0,137,1,0,1,0,0,0,0,0
0,2,1387,0,555,476,356,0,92,69,55,0,0,0,1,0,0
0,4,2145,815,899,431,0,121,129,61,0,0,1,0,1,1,0
0,0,4883,2559,841,1383,100,424,124,189,9,0,1,0,1,0,0
1,1,3922,854,2550,518,0,141,334,66,0,0,1,0,1,1,0
0,0,474,53,244,158,19,10,35,21,3,0,1,0,1,1,0
0,6,2926,0,1714,1150,62,0,220,145,7,0,0,0,0,1,0
0,5,2212,79,1565,530,38,12,241,80,7,0,1,0,1,0,0
0,0,1414,778,196,196,244,115,31,31,39,0,1,0,1,0,0
0,3,3269,0,2414,348,507,0,339,43,62,1,0,0,1,0,0
0,3,1897,0,899,788,210,0,108,97,28,0,0,0,0,0,0
0,0,3623,717,2163,277,466,120,269,35,67,0,1,0,1,1,0
0,1,2290,0,280,1050,960,0,45,160,103,1,0,0,0,0,0
0,7,1048,433,615,0,0,48,84,0,0,0,1,1,1,1,0
0,0,6588,2847,2438,585,718,394,370,70,108,0,1,0,1,0,0
0,5,1859,651,510,430,268,107,66,52,40,0,1,0,1,1,0
0,5,1664,651,339,400,274,107,45,47,39,0,1,0,1,1,0
0,4,2393,424,1158,576,235,70,189,85,45,0,1,0,1,1,0
0,1,2219,489,1262,305,163,76,157,42,23,0,1,0,1,1,0
0,2,922,0,597,325,0,0,79,44,0,0,0,0,1,0,0
0,3,1656,0,1656,0,0,0,181,0,0,0,0,1,0,0,0
0,2,583,53,381,130,19,10,33,18,3,0,1,0,1,1,0
0,6,1779,955,634,190,0,135,86,21,0,0,1,0,1,1,0
0,5,1809,228,1581,0,0,32,252,0,0,0,1,0,0,0,0
0,1,2080,615,760,507,198,83,104,66,29,0,1,0,1,1,0
0,1,1585,249,1026,310,0,26,126,40,0,0,1,0,1,1,0
0,0,5039,1146,1112,2019,762,192,163,318,135,1,1,0,1,1,0
0,2,779,0,533,0,246,0,77,0,38,0,0,0,0,0,0
0,4,1137,0,651,183,303,0,88,22,39,0,0,0,1,1,0
0,6,1015,0,139,566,310,0,24,80,52,0,0,1,0,0,0
0,0,2516,1187,501,400,428,180,74,68,72,0,1,0,1,1,0
0,6,1907,333,1049,525,0,47,155,72,0,0,1,0,1,0,0
0,0,2496,330,1336,591,239,51,183,77,32,0,1,0,1,1,0
0,0,474,53,244,158,19,10,35,21,3,0,1,0,1,1,0
0,3,2553,1439,354,760,0,212,63,105,0,0,1,0,1,0,0
0,0,1512,1042,65,230,175,144,10,26,27,0,1,0,1,1,0
0,4,5262,1594,3668,0,0,270,578,0,0,0,1,0,1,1,0
0,5,2489,321,261,1261,646,45,42,177,81,0,1,0,1,1,0
0,4,5252,2636,1740,876,0,421,250,104,0,0,1,0,1,1,0
0,5,1369,0,1369,0,0,0,163,0,0,0,0,0,0,0,0
0,5,4483,1492,1847,693,451,234,285,118,76,0,1,0,1,0,0
0,6,1121,0,366,673,82,0,42,88,12,0,0,0,0,1,0
0,0,7339,2206,4097,328,708,350,593,39,119,1,1,0,1,1,0
0,6,1388,228,1160,0,0,32,145,0,0,0,1,0,0,0,0
0,0,2246,331,1100,472,343,47,146,59,45,1,1,0,1,1,0
0,7,4050,153,3897,0,0,25,555,0,0,0,1,1,1,1,0
0,3,4604,702,2197,1064,641,110,338,181,94,0,1,0,1,0,0
0,0,3754,694,2127,822,111,105,307,118,12,0,1,0,1,0,0
0,7,1336,0,188,1148,0,0,34,141,0,0,0,0,0,1,0
0,0,4061,657,1923,1090,391,100,255,147,54,0,1,0,1,0,0
0,0,474,53,244,158,19,10,35,21,3,0,1,0,1,1,0
0,2,583,53,381,130,19,10,33,18,3,0,1,0,1,1,0
0,5,3602,1247,1839,516,0,192,257,75,0,0,1,0,1,0,0
1,0,1022,751,184,70,17,109,30,9,2,1,1,0,1,0,1
0,1,2003,229,859,508,407,33,132,78,69,0,1,0,1,1,0
1,1,397,55,208,88,46,8,33,15,10,1,1,0,0,0,0
0,5,1685,449,977,184,75,68,147,24,10,0,1,0,0,1,0
0,1,3064,702,965,674,723,100,131,73,107,0,1,0,1,1,0
0,5,2664,717,1185,296,466,120,170,44,67,0,1,0,1,1,0
0,1,1128,603,455,70,0,101,70,7,0,0,1,0,1,0,0
0,3,2607,1376,639,592,0,226,96,70,0,0,1,0,1,0,0
0,1,1472,829,582,44,17,131,85,6,2,0,1,0,1,1,0
0,1,3168,453,1913,802,0,63,256,101,0,0,1,0,1,0,0
0,1,2349,0,625,961,763,0,101,128,104,0,0,0,0,0,0
0,3,4654,447,3246,961,0,72,451,122,0,0,1,0,1,0,0
0,0,3562,708,1674,600,580,117,237,94,88,0,1,0,1,1,0
0,1,1548,174,984,142,248,24,152,21,37,0,1,0,1,1,0
0,2,1734,0,724,801,209,0,87,103,26,0,0,0,0,0,0
0,0,3443,1309,1211,522,401,208,182,69,71,1,1,0,1,1,0
0,0,1441,457,659,174,151,80,93,23,23,0,1,0,1,1,0
0,0,2307,422,1385,377,123,68,200,46,14,0,1,0,1,0,0
0,1,3457,627,940,1517,373,89,147,191,52,0,1,0,1,1,0
0,1,5245,986,2188,2071,0,132,285,231,0,0,1,0,1,1,0
0,6,956,228,728,0,0,32,91,0,0,0,1,0,0,0,0
0,0,3350,341,1404,1362,243,58,232,213,33,1,1,0,1,1,0
0,5,1132,333,457,342,0,47,65,50,0,0,1,0,1,0,0
0,5,4699,699,436,3564,0,104,61,429,0,0,1,0,1,0,0
0,2,2553,529,1393,533,98,80,199,67,12,0,1,0,1,1,0
0,0,3274,1049,1087,780,358,151,139,98,51,0,1,0,1,1,0
0,0,4966,2065,2484,237,180,333,363,31,21,0,1,0,1,1,0
1,1,5495,1252,2181,1946,116,198,326,250,18,0,1,0,1,1,0
1,1,2277,0,470,357,1450,0,70,39,193,0,0,0,0,1,0
0,4,1402,134,807,258,203,20,118,35,32,0,1,0,1,1,0
0,7,1995,1447,548,0,0,215,77,0,0,0,1,0,1,1,0
0,4,2948,252,1611,1085,0,41,243,121,0,0,1,0,1,0,0
0,0,474,53,244,158,19,10,35,21,3,0,1,0,1,1,0
0,2,5602,1211,3307,1084,0,205,505,140,0,0,1,0,1,1,0
0,0,4325,1042,549,2514,220,144,80,300,33,0,1,0,1,0,0
0,1,522,53,314,136,19,10,23,18,3,0,1,0,1,1,0
0,3,1565,651,236,277,401,107,30,35,58,0,1,0,1,1,0
0,2,559,53,332,155,19,10,28,21,3,0,1,0,1,0,0
0,3,727,0,574,153,0,0,103,25,0,0,0,0,0,1,0
0,0,3095,463,743,1382,507,77,109,195,77,0,1,0,1,1,0
0,1,5731,1286,1553,1520,1372,153,226,212,228,1,1,0,1,1,0
0,0,3775,657,1675,1052,391,100,253,167,54,0,1,0,1,0,0
0,3,1557,0,599,958,0,0,94,142,0,0,0,0,0,0,0
0,0,3023,505,1188,1035,295,79,182,152,47,1,1,0,1,1,0
0,5,3964,1247,2180,537,0,192,332,76,0,0,1,1,1,0,0
0,0,4468,2206,1402,248,612,350,214,32,102,0,1,0,1,1,0
0,5,1029,228,801,0,0,32,118,0,0,0,1,0,0,0,0
0,0,6826,4007,1012,1674,133,588,149,221,11,0,1,0,1,0,0
0,0,4196,606,2752,712,126,90,379,88,17,1,1,0,1,1,0
0,5,5420,421,3131,1534,334,56,446,209,43,0,1,0,1,0,0
0,3,1826,346,793,395,292,48,128,51,39,0,1,0,1,1,0
0,1,2760,505,1536,719,0,79,235,95,0,0,1,0,1,1,0
0,1,1985,0,1080,760,145,0,157,102,19,0,0,1,0,1,0
0,6,1267,0,709,558,0,0,103,77,0,1,0,0,0,0,0
0,0,474,53,244,158,19,10,35,21,3,0,1,0,1,1,0
0,1,1106,186,354,566,0,30,56,86,0,0,1,0,1,0,0
0,0,2948,544,781,559,1064,100,109,68,179,1,1,0,1,0,0
0,0,3017,330,1782,619,286,51,251,79,38,0,1,0,1,1,0
0,0,2869,433,1246,522,668,63,191,86,105,1,1,0,1,1,0
0,0,3068,1230,1352,180,306,181,220,24,39,0,1,0,1,0,0
0,2,3138,558,1225,171,1184,84,179,23,167,1,1,0,1,0,0
0,1,4311,684,3218,409,0,86,421,45,0,0,1,0,1,0,0
0,3,2823,601,991,1231,0,91,154,187,0,0,1,0,1,0,0
0,0,4420,730,1831,708,1151,116,282,93,186,0,1,0,1,0,0
0,2,700,0,399,301,0,0,53,21,0,0,0,0,0,0,0
0,2,2539,0,934,963,642,0,120,129,105,0,0,0,0,1,0
0,0,2174,1017,591,433,133,124,83,61,13,1,1,0,1,1,0
0,5,840,0,840,0,0,0,97,0,0,0,0,0,0,0,0
0,1,1299,0,514,308,477,0,53,36,61,0,0,0,0,1,0
0,2,4814,1439,2382,993,0,212,354,133,0,0,1,0,1,0,0
0,4,3938,2636,912,390,0,421,149,57,0,0,1,0,1,1,0
0,0,2982,717,1371,428,466,120,180,52,67,0,1,0,1,1,0
0,1,2445,684,1080,681,0,86,135,87,0,0,1,0,1,0,0
0,1,1399,467,179,753,0,65,23,100,0,0,1,0,1,0,0
0,6,2359,570,1538,251,0,77,226,36,0,0,1,0,1,0,0
0,1,1582,217,579,344,442,35,87,52,68,1,1,0,1,1,0
0,0,465,53,235,158,19,10,37,21,3,0,1,0,1,1,0
0,4,880,0,880,0,0,0,120,0,0,0,0,0,0,0,0
0,1,2440,684,1150,606,0,86,157,77,0,0,1,0,1,0,0
1,0,1398,568,255,454,121,105,34,65,21,1,1,0,1,0,0
0,1,2394,672,1284,420,18,96,165,50,2,0,1,0,1,0,0
0,4,1734,506,388,679,161,65,59,89,25,0,1,1,1,1,0
0,2,811,0,469,342,0,0,78,48,0,1,0,0,0,1,0
0,4,2736,0,2136,600,0,0,322,81,0,0,0,0,0,0,1
0,2,1385,0,689,696,0,0,98,69,0,1,0,0,0,1,0
0,1,1496,892,99,505,0,97,9,67,0,1,1,0,1,0,0
0,0,3271,1126,1262,740,143,163,165,98,20,0,1,0,1,1,0
0,3,805,0,805,0,0,0,131,0,0,0,0,0,0,1,0
0,1,3644,550,2141,953,0,76,281,130,0,0,1,0,1,0,0
0,1,966,0,567,349,50,0,82,50,8,0,0,0,0,0,0
0,8,1099,0,1099,0,0,0,150,0,0,0,0,0,0,1,0
0,2,3345,342,1039,1964,0,47,155,294,0,0,1,0,1,1,0
0,4,2578,1187,1048,219,124,184,169,20,10,0,1,0,1,1,0
0,2,830,0,504,326,0,0,64,19,0,0,0,0,0,0,0
0,4,3539,1014,2307,218,0,167,333,30,0,0,1,0,1,1,0
0,1,1959,536,675,622,126,72,81,80,19,0,1,0,1,1,0
0,0,1784,536,810,312,126,72,102,41,19,0,1,0,1,1,0
0,2,2791,0,2152,639,0,0,304,85,0,1,0,0,0,0,0
0,4,4642,971,1747,879,1045,150,232,109,151,0,1,0,1,0,0
0,0,3832,726,1405,801,900,83,206,103,119,0,1,0,1,0,0
0,2,1359,0,467,556,336,0,76,81,56,1,0,0,0,0,1
1,0,6925,2425,3523,636,341,370,520,83,45,0,1,0,1,1,0
0,7,3818,516,3302,0,0,76,437,0,0,0,1,0,1,0,0
1,1,3374,586,1309,547,932,82,208,101,163,0,1,0,1,1,0
0,2,1683,0,765,532,386,0,127,94,62,1,0,0,0,0,0
0,2,2450,317,1257,876,0,52,184,128,0,1,1,0,1,1,0
0,3,1131,0,1126,5,0,0,180,1,0,1,0,1,0,0,0
0,3,3111,350,753,2008,0,53,133,322,0,0,1,0,1,1,0
0,1,2300,1332,617,351,0,184,82,42,0,0,1,0,1,1,0
0,5,2578,1187,1048,219,124,184,169,20,10,0,1,0,1,1,0
0,1,2589,684,1191,714,0,86,146,86,0,0,1,0,1,0,0
0,1,4790,1057,1002,670,2061,125,151,85,281,0,1,0,1,1,0
0,0,3052,904,1177,506,465,127,168,71,77,1,1,1,1,0,0
0,2,1761,0,1332,429,0,0,197,45,0,1,0,0,0,0,1
0,1,2406,361,1659,386,0,57,241,57,0,1,1,0,1,1,0
1,1,1315,298,123,894,0,42,18,124,0,1,1,0,1,1,0
0,3,3526,539,2987,0,0,81,401,0,0,0,1,0,1,1,0
0,3,2401,310,1421,380,290,53,222,59,52,0,1,0,1,1,0
0,5,4687,1402,2032,866,387,182,269,95,50,0,1,0,1,0,0
0,0,2649,799,954,480,416,114,126,56,64,0,1,0,1,1,0
0,2,562,53,332,158,19,10,28,21,3,0,1,0,1,0,0
0,4,2215,553,980,509,173,72,142,57,18,0,1,0,1,1,0
0,2,4341,1208,2044,936,153,155,288,147,22,0,1,0,1,1,0
0,0,1016,243,454,183,136,34,65,23,19,1,1,0,1,1,0
1,0,1258,568,182,387,121,105,26,54,21,1,1,0,1,0,0
0,1,2620,684,1222,714,0,86,151,86,0,0,1,0,1,0,0
0,0,2753,352,1755,236,410,57,259,33,65,0,1,0,1,1,0
0,5,1940,0,1317,623,0,0,168,82,0,1,0,0,0,0,0
0,3,1093,762,331,0,0,111,41,0,0,0,1,0,1,0,0
0,2,2587,0,2474,0,113,0,284,0,11,1,0,0,0,0,0
0,1,1820,0,1113,572,135,0,142,67,18,0,0,0,0,1,0
0,6,1303,651,216,0,436,100,34,0,65,0,1,0,1,1,0
0,1,1663,829,747,70,17,131,116,10,2,0,1,0,1,1,0
0,2,3516,0,1172,2344,0,0,162,310,0,0,0,0,0,0,0
0,1,522,53,314,136,19,10,23,18,3,0,1,0,1,1,0
0,2,1333,0,389,944,0,0,59,115,0,0,0,0,0,1,0
1,0,1139,94,631,241,173,15,110,30,23,1,1,0,1,1,0
0,0,3189,726,926,648,889,83,139,91,116,0,1,0,1,0,0
0,0,647,53,458,117,19,10,50,15,3,0,1,0,1,1,0
0,0,3276,1049,1089,780,358,151,139,98,51,0,1,0,1,1,0
0,7,798,433,365,0,0,48,56,0,0,0,1,1,1,1,0
1,5,1234,720,275,155,84,119,40,22,8,0,1,0,1,0,0
1,1,4505,1450,731,1945,379,187,109,212,55,1,1,0,1,1,0
0,0,477,53,247,158,19,10,37,21,3,0,1,0,1,1,0
0,0,1729,536,714,353,126,72,103,46,19,0,1,0,1,1,0
0,1,365,53,157,136,19,10,20,18,3,0,1,0,1,1,0
0,1,5664,1439,2442,1783,0,212,287,209,0,1,1,0,1,0,0
0,2,3164,1250,348,1115,451,193,56,173,70,0,1,0,1,1,0
0,0,554,53,324,158,19,10,25,21,3,0,1,0,1,1,0
0,1,2618,684,1220,714,0,86,150,86,0,0,1,0,1,0,0
0,5,4434,1594,2840,0,0,270,448,0,0,0,1,0,1,1,0
0,0,3391,397,1518,851,625,53,206,112,69,0,1,0,1,0,0
0,1,3530,1318,1508,587,117,174,194,67,14,0,1,0,1,1,0
0,3,2825,601,1595,629,0,91,229,83,0,0,1,0,1,0,0
0,6,1175,228,947,0,0,32,134,0,0,0,1,0,0,0,0
0,1,559,53,317,170,19,10,24,22,3,0,1,0,1,1,0
0,2,4380,879,2842,659,0,141,342,79,0,0,1,0,1,1,0
0,4,2901,310,841,1272,478,53,132,191,81,0,1,0,1,1,0
0,0,1414,778,196,196,244,115,31,31,39,0,1,0,1,0,0
0,1,2448,417,1391,640,0,66,204,85,0,1,1,0,1,1,0
0,1,2411,551,281,1530,49,86,49,187,6,1,1,0,0,1,0
0,1,2572,509,1434,417,212,79,195,68,15,0,1,0,1,0,0
0,0,2319,941,414,716,248,143,55,74,16,1,1,0,1,1,0
0,1,1555,829,639,70,17,131,96,10,2,0,1,0,1,1,0
0,2,1755,1187,221,244,103,184,33,38,14,1,1,0,1,0,0
0,1,3262,716,1422,1124,0,104,191,133,0,0,1,0,1,0,0
0,0,3964,405,860,1908,791,65,138,277,123,0,1,0,1,0,0
0,0,1635,790,794,36,15,84,106,5,3,0,1,0,1,0,0
0,3,4320,1073,1823,336,1088,154,239,47,169,0,1,0,1,0,0
1,0,5524,1969,1630,1417,508,267,244,195,73,1,1,0,1,1,0
0,0,3084,549,1356,417,762,87,211,76,134,1,1,0,1,0,0
0,2,583,53,381,130,19,10,33,18,3,0,1,0,1,1,0
0,4,4134,699,865,1747,823,104,126,213,130,0,1,0,1,0,0
0,2,2779,586,985,526,682,83,158,83,114,0,1,0,1,0,0
0,1,3177,1092,1683,402,0,168,251,65,0,0,1,0,1,1,0
0,5,2536,228,2308,0,0,32,285,0,0,0,1,0,0,0,0
0,3,4495,1050,2605,590,250,155,340,69,37,0,1,0,1,1,0
0,2,554,53,332,150,19,10,28,20,3,0,1,0,1,0,0
0,5,2448,0,777,1671,0,0,97,206,0,0,0,0,1,0,0
0,2,3020,1344,873,803,0,222,124,91,0,1,1,0,1,0,0
0,2,583,53,381,130,19,10,33,18,3,0,1,0,1,1,0
1,3,2425,575,1303,547,0,86,181,84,0,0,1,0,1,0,0
0,1,3030,1557,571,763,139,230,69,99,13,0,1,0,1,1,0
0,1,4266,1628,2120,497,21,207,252,58,3,0,1,0,1,1,0
0,5,2628,0,2628,0,0,0,420,0,0,0,0,0,1,0,0
0,0,5131,1042,3171,835,83,129,439,109,10,0,1,0,1,0,0
0,3,1022,0,725,297,0,0,90,32,0,0,0,0,1,1,0
0,0,1784,204,1295,121,164,37,216,13,24,0,1,0,1,1,0
0,2,583,53,381,130,19,10,33,18,3,0,1,0,1,1,0
0,3,531,0,91,0,440,0,12,0,64,0,0,0,0,0,0
0,1,5745,758,4491,496,0,117,676,53,0,0,1,0,1,1,0
0,0,3854,1042,1483,633,696,178,207,89,111,0,1,0,1,1,0
0,2,583,53,381,130,19,10,33,18,3,0,1,0,1,1,0
0,1,1320,527,589,0,204,59,76,0,35,0,1,0,1,1,0
0,0,3373,726,1258,481,908,83,178,65,118,0,1,0,1,1,0
0,7,1054,188,866,0,0,25,122,0,0,0,1,0,1,0,0
0,1,1316,175,809,332,0,29,113,39,0,0,1,0,1,1,0
0,2,1643,651,267,307,418,107,30,40,59,0,1,0,1,1,0
0,3,4721,580,2533,1608,0,93,359,226,0,0,1,0,1,0,0
0,0,4262,1025,2383,316,538,148,281,39,81,0,1,0,1,1,0
0,6,836,0,174,488,174,0,31,65,15,0,0,0,1,1,0
0,2,2967,869,208,1373,517,134,35,197,69,1,1,0,1,0,0
0,1,1982,888,471,541,82,136,76,77,9,0,1,0,1,0,0
0,2,1576,485,582,110,399,75,80,16,42,0,1,0,1,1,0
0,0,647,53,458,117,19,10,50,15,3,0,1,0,1,1,0
0,1,365,53,157,136,19,10,20,18,3,0,1,0,1,1,0
0,5,1067,263,709,0,95,38,118,0,14,0,1,0,1,0,0
0,0,1838,302,477,533,526,44,57,80,75,1,1,0,1,0,0
0,7,938,433,505,0,0,48,81,0,0,0,1,1,1,1,0
0,0,3877,1025,1873,443,536,148,234,60,81,0,1,0,1,1,0
0,1,5524,0,4451,577,496,0,692,95,84,0,0,0,0,0,0
0,1,3531,573,2246,712,0,92,296,91,0,1,1,0,1,1,0
0,5,1820,651,398,411,360,107,53,49,50,0,1,0,1,1,0
0,0,3621,746,2005,453,417,127,317,73,56,0,1,0,1,1,0
0,1,4154,0,2958,715,481,0,409,101,75,0,0,0,0,1,0
0,2,583,53,381,130,19,10,33,18,3,0,1,0,1,1,0
0,1,4171,573,2637,961,0,92,354,113,0,1,1,0,1,1,0
0,5,5617,1576,227,3814,0,243,36,523,0,0,1,0,1,1,0
0,2,3521,879,1202,1313,127,141,163,168,20,1,1,0,1,1,0
0,1,2376,532,1231,584,29,92,158,73,2,1,1,0,1,1,0
0,2,583,53,381,130,19,10,33,18,3,0,1,0,1,1,0
0,2,3698,549,2253,0,896,87,359,0,157,0,1,0,1,0,0
0,3,2403,493,1343,567,0,77,205,85,0,0,1,0,1,1,0
0,2,2872,384,2488,0,0,70,364,0,0,0,1,0,1,1,0
0,1,1926,636,861,429,0,80,118,52,0,0,1,0,0,1,0
0,1,2155,636,994,525,0,80,130,60,0,0,1,0,0,1,0
0,6,3554,1103,1701,750,0,167,224,87,0,0,1,0,1,0,0
0,0,2426,526,983,707,210,93,142,86,30,1,1,0,1,1,0
0,1,2646,0,1342,1225,79,0,211,173,10,1,0,0,0,1,0
0,5,4823,2301,930,535,1057,320,125,79,163,0,1,0,1,1,0
0,2,2177,0,1900,0,277,0,299,0,43,0,0,0,0,0,0
0,5,2472,0,624,1844,4,0,93,239,1,0,0,0,0,0,0
0,2,559,53,332,155,19,10,28,21,3,0,1,0,1,0,0
0,1,2261,349,964,832,116,56,148,114,16,0,1,0,1,1,0
0,0,474,53,244,158,19,10,35,21,3,0,1,0,1,1,0
0,2,993,0,905,0,88,0,140,0,17,1,0,0,0,1,0
0,2,5757,1808,3949,0,0,264,481,0,0,0,1,0,1,1,0
0,1,2827,1068,720,994,45,186,107,160,5,0,1,0,1,0,0
0,6,1055,228,827,0,0,32,104,0,0,0,1,0,0,0,0
0,7,1511,433,1078,0,0,48,167,0,0,0,1,1,1,1,0
0,4,992,0,490,502,0,0,70,71,0,0,0,0,0,0,0
0,3,2397,493,1209,695,0,77,198,110,0,0,1,0,1,1,0
0,2,3435,702,943,1067,723,100,121,123,107,0,1,0,1,1,0
0,0,2596,958,974,345,319,154,152,44,41,1,1,0,1,1,0
0,5,3976,1092,1318,958,608,168,177,132,83,0,1,0,1,1,0
0,6,1314,228,1086,0,0,32,135,0,0,0,1,0,0,0,0
0,0,4195,351,2352,1248,244,48,331,163,39,0,1,0,1,1,0
0,4,2547,1481,1066,0,0,264,174,0,0,0,1,0,1,0,0
0,3,4260,1050,1981,979,250,155,267,120,37,0,1,0,1,1,0
0,1,1950,0,1143,613,194,0,160,80,32,0,0,0,0,0,0
0,1,3205,1085,1093,847,180,163,168,115,24,1,1,0,1,0,0
0,5,1839,0,1304,535,0,0,188,68,0,0,0,0,1,0,0
0,0,647,53,458,117,19,10,50,15,3,0,1,0,1,1,0
0,2,583,53,381,130,19,10,33,18,3,0,1,0,1,1,0
0,0,2607,532,1511,535,29,92,202,71,2,1,1,0,1,1,0
0,0,4572,646,2378,396,1152,101,362,51,168,1,1,0,1,1,0
0,2,2587,0,2474,0,113,0,284,0,11,1,0,0,0,0,0
0,0,2244,532,1099,583,30,92,146,71,2,1,1,0,1,1,0
0,1,3025,788,1311,703,223,89,194,94,34,0,1,0,1,1,0
0,6,2372,879,788,705,0,141,99,79,0,0,1,0,1,0,0
0,1,3111,342,1582,883,304,47,228,146,45,0,1,1,1,1,0
0,2,3444,710,2734,0,0,98,359,0,0,0,1,0,1,0,0
0,7,1064,433,631,0,0,48,85,0,0,0,1,1,1,1,0
0,0,2991,726,888,480,897,83,134,66,117,0,1,0,1,0,0
0,0,3460,1395,1672,311,82,229,235,43,12,1,1,0,1,1,0
0,4,1455,485,419,551,0,82,54,75,0,0,1,0,0,0,0
0,5,906,228,678,0,0,32,83,0,0,0,1,0,0,0,0
0,5,3678,1247,1644,787,0,192,229,106,0,0,1,0,1,0,0
0,1,1526,281,673,572,0,33,83,74,0,0,1,0,1,1,0
0,4,2753,134,1631,667,321,20,178,77,37,0,1,0,1,1,0
0,1,3985,1708,940,241,1096,290,150,37,210,0,1,0,1,1,0
0,1,2601,684,1145,772,0,86,149,92,0,0,1,0,1,0,0
0,4,2241,384,1857,0,0,70,264,0,0,0,1,0,1,1,0
0,7,1772,0,578,1194,0,0,83,149,0,0,0,0,0,1,0
0,6,2716,904,1089,0,723,127,153,0,121,0,1,0,1,0,0
0,2,1378,844,534,0,0,117,88,0,0,0,1,0,1,0,0
0,6,2352,157,1682,513,0,23,277,71,0,0,1,0,1,1,0
0,0,474,53,244,158,19,10,35,21,3,0,1,0,1,1,0
0,0,503,33,368,62,40,6,59,7,5,0,1,0,1,1,0
0,0,1605,181,456,962,6,25,65,143,1,1,1,0,1,0,0
0,0,4657,1055,1501,1005,1096,156,222,167,201,1,1,0,1,1,0
0,0,1581,79,523,374,605,12,88,45,93,0,1,0,1,0,0
0,6,954,228,726,0,0,32,91,0,0,0,1,0,0,0,0
0,0,1819,422,958,359,80,68,135,43,9,0,1,0,1,1,0
0,1,2873,1441,980,452,0,220,126,60,0,0,1,0,1,1,0
0,2,2369,439,1300,630,0,78,190,85,0,1,1,0,1,0,0
0,2,577,53,382,123,19,10,33,18,3,0,1,0,1,1,0
0,1,2557,986,931,640,0,132,132,69,0,0,1,0,1,1,0
0,1,3180,812,670,1631,67,131,114,246,6,0,1,0,1,0,0
0,0,474,53,244,158,19,10,35,21,3,0,1,0,1,1,0
0,1,2570,812,486,1222,50,131,70,152,7,0,1,0,1,1,0
0,1,4365,892,1638,1835,0,97,259,257,0,1,1,0,1,0,0
0,3,129,0,129,0,0,0,16,0,0,1,0,0,0,0,0
1,7,727,0,391,336,0,0,58,47,0,0,0,0,1,0,0
0,3,2631,747,1120,764,0,125,152,98,0,0,1,0,1,1,0
0,0,3445,1042,1364,343,696,178,208,40,111,1,1,0,1,1,0
0,2,6440,1439,2909,2092,0,212,379,248,0,1,1,0,1,0,0
0,0,474,53,244,158,19,10,35,21,3,0,1,0,1,1,0
0,2,3082,0,1853,1229,0,0,238,127,0,0,0,0,1,0,0
0,3,3102,79,1094,419,1510,12,157,55,264,0,1,0,1,0,0
0,3,3212,501,1197,1070,444,63,189,185,68,0,1,0,1,0,0
0,1,3693,1309,1470,513,401,208,237,80,71,1,1,0,1,0,0
0,0,3062,610,984,677,791,97,168,94,136,0,1,0,1,0,0
0,1,2212,351,209,1652,0,49,29,214,0,0,1,0,1,0,1
0,5,4134,699,865,1747,823,104,126,213,130,0,1,0,1,0,0
0,0,4780,1417,1616,1160,587,173,231,154,69,0,1,0,1,1,1
0,2,1900,426,1474,0,0,62,201,0,0,0,1,0,1,0,0
0,1,3323,1385,887,1051,0,216,118,149,0,0,1,0,1,0,0
0,5,3054,0,2185,869,0,0,320,105,0,0,0,0,0,0,1
0,5,6650,1576,233,4841,0,243,33,621,0,0,1,0,1,1,0
0,5,3001,134,859,1087,921,20,124,147,138,0,1,0,1,1,0
0,0,5552,2301,740,619,1892,320,91,85,279,0,1,0,1,1,0
0,3,2457,0,518,1939,0,0,79,280,0,0,0,0,0,1,0
0,0,4166,1247,1775,292,852,216,310,40,136,0,1,0,1,1,0
0,6,2735,0,2735,0,0,0,311,0,0,0,0,0,1,0,0
0,1,998,228,130,640,0,32,14,60,0,0,1,0,0,0,0
0,0,1305,353,392,113,447,64,74,14,53,0,1,0,1,1,0
1,1,1412,0,1179,162,71,0,174,17,7,0,0,0,1,1,0
1,1,3119,0,665,2372,82,0,81,311,10,1,0,1,0,0,0
0,3,2576,690,1151,735,0,118,171,89,0,0,1,0,0,1,0
0,7,742,627,115,0,0,111,15,0,0,0,1,1,1,0,0
0,3,5076,1208,3868,0,0,155,557,0,0,0,1,0,1,1,0
0,0,4600,1194,2132,577,697,186,328,99,115,1,1,0,1,1,0
0,1,2604,361,1890,353,0,57,276,53,0,1,1,0,1,1,0
0,1,1716,0,1084,497,135,0,138,60,18,0,0,0,0,1,0
0,5,2292,228,706,1358,0,32,89,164,0,0,1,0,0,0,0
0,2,1478,0,318,949,211,0,35,125,28,0,0,0,0,0,0
0,0,4775,1508,1242,1901,124,239,179,242,11,0,1,0,1,1,0
0,1,4059,1628,2410,0,21,207,312,0,3,0,1,0,1,1,0
0,6,3854,1247,2409,198,0,192,360,29,0,0,1,1,1,0,0
0,2,583,53,381,130,19,10,33,18,3,0,1,0,1,1,0
0,0,3608,1185,1185,428,810,140,176,57,136,0,1,0,1,1,0
0,0,2758,422,1298,622,416,53,182,68,53,0,1,0,1,1,0
0,5,1457,321,358,443,335,45,51,53,42,0,1,0,1,1,0
0,1,7532,1708,4699,705,420,290,794,97,73,0,1,0,1,1,0
0,1,1371,300,623,351,97,44,97,28,12,1,1,0,1,1,0
0,6,669,0,235,94,340,0,40,14,55,0,0,0,0,0,0
0,1,3496,1208,2008,175,105,155,278,16,13,0,1,0,1,1,0
0,1,2443,606,1226,390,221,86,198,52,22,0,1,0,1,0,0
0,0,405,53,175,158,19,10,25,21,3,0,1,0,1,1,0
0,0,3518,1042,1372,408,696,178,190,42,111,0,1,0,1,1,0
0,1,1957,213,988,487,269,39,127,57,39,0,1,0,1,1,0
0,1,2320,544,742,623,411,76,116,67,71,0,1,0,1,1,0
1,2,1313,0,893,420,0,0,128,50,0,0,0,0,0,0,0
0,0,6876,1417,3628,1156,675,173,552,144,78,0,1,0,1,1,1
0,0,1869,979,298,422,170,144,46,64,29,0,1,0,1,1,0
0,6,836,0,836,0,0,0,111,0,0,1,0,0,0,0,0
0,1,2162,0,1275,680,207,0,199,79,25,0,0,0,0,1,0
0,0,2786,426,1372,731,257,62,192,85,34,0,1,0,1,1,0
0,0,2775,492,1614,559,110,79,229,74,10,0,1,0,1,1,0
0,0,405,53,175,158,19,10,25,21,3,0,1,0,1,1,0
0,2,3570,1025,921,544,1080,148,119,69,151,0,1,0,1,0,0
0,0,2257,720,880,503,154,126,109,62,20,0,1,0,1,1,0
0,3,4966,1014,3597,355,0,167,495,42,0,0,1,0,1,1,0
0,0,3870,1349,1762,417,342,206,268,52,44,0,1,0,1,0,0
0,2,2759,649,322,1788,0,98,43,228,0,0,1,0,1,1,0
0,2,5460,0,3695,1569,196,0,492,195,29,0,0,0,1,1,0
0,2,2587,0,2474,0,113,0,284,0,11,1,0,0,0,0,0
0,2,1667,364,630,578,95,61,75,75,9,0,1,0,1,0,0
0,3,3476,1050,1750,426,250,155,241,54,37,0,1,0,1,1,0
0,2,4223,1450,1474,1299,0,214,193,176,0,0,1,0,1,1,0
0,0,2391,323,1058,1007,3,48,144,128,1,0,1,0,1,0,0
0,1,3960,1685,1023,769,483,263,164,105,64,0,1,0,0,1,0
0,0,5839,1057,2155,663,1964,125,300,85,279,1,1,0,1,1,0
0,2,6649,2206,3472,355,616,350,519,42,105,0,1,0,1,0,0
0,0,5775,1417,2269,1319,770,173,309,173,93,0,1,0,1,1,1
0,1,389,53,184,133,19,10,26,17,3,0,1,0,1,0,0
0,0,477,53,247,158,19,10,37,21,3,0,1,0,1,1,0
0,0,465,53,235,158,19,10,37,21,3,0,1,0,1,1,0
0,6,701,0,226,475,0,0,33,67,0,0,0,0,1,1,0
0,0,554,53,324,158,19,10,25,21,3,0,1,0,1,1,0
0,2,1618,382,442,265,529,57,72,33,91,0,1,0,1,1,0
0,6,2253,684,1569,0,0,87,226,0,0,0,1,0,1,0,0
0,2,3404,619,1802,912,71,64,253,101,9,0,1,0,1,1,0
0,0,4732,1503,947,2142,140,209,135,268,21,0,1,0,1,1,0
0,1,3226,372,1796,511,547,55,285,60,82,1,1,0,1,1,0
0,0,2483,521,999,755,208,64,154,80,32,1,1,0,0,1,0
0,0,3088,529,682,960,917,71,107,138,135,1,1,0,1,1,0
0,3,2987,0,1854,871,262,0,244,114,36,0,0,0,0,0,0
0,1,2969,684,1343,942,0,86,171,105,0,0,1,0,1,0,0
0,0,3521,1508,963,941,109,239,153,123,11,0,1,0,1,1,0
0,2,4754,702,1720,1526,806,110,248,209,116,0,1,0,1,0,0
0,0,8492,2690,992,3444,1366,413,154,459,193,0,1,0,1,1,0
0,1,230,0,146,53,31,0,24,8,5,0,0,0,0,0,1
1,7,1344,0,686,658,0,0,117,92,0,0,0,0,1,1,0
0,5,3003,699,1562,742,0,104,211,89,0,0,1,0,1,0,0
0,1,3937,1628,2288,0,21,207,277,0,3,1,1,0,1,1,0
0,0,1250,729,102,172,247,109,20,28,32,0,1,0,1,1,0
0,0,3591,473,1536,1213,369,70,236,180,56,0,1,0,1,1,0
0,1,2946,890,1266,790,0,141,182,107,0,0,1,0,1,1,0
0,5,2276,1100,478,425,273,180,73,54,34,0,1,0,1,0,0
0,0,4929,2676,1508,559,186,392,203,67,29,0,1,0,1,0,0
0,0,1684,520,640,329,195,73,97,43,26,0,1,0,1,0,0
0,2,583,53,381,130,19,10,33,18,3,0,1,0,1,1,0
0,2,4588,1025,2335,547,681,154,428,105,129,0,1,0,1,1,0
0,0,5425,614,2600,1429,782,85,346,176,97,0,1,0,1,0,0
1,5,3399,564,2236,599,0,79,343,82,0,0,1,0,1,1,0
0,5,2438,1100,367,430,541,180,59,56,75,0,1,0,1,0,0
0,1,4466,2206,1230,399,631,350,185,57,105,0,1,0,1,1,0
0,1,1448,0,618,443,387,0,94,61,50,1,0,0,0,0,0
0,4,2423,803,1620,0,0,105,239,0,0,0,1,0,1,0,0
0,2,1197,0,957,240,0,0,152,35,0,1,0,0,0,1,0
0,5,1486,527,437,445,77,59,74,66,12,0,1,0,1,1,0
0,2,583,53,381,130,19,10,33,18,3,0,1,0,1,1,0
1,0,10937,2690,2670,2876,2701,413,381,395,383,0,1,0,1,1,0
0,0,472,53,242,158,19,10,37,21,3,0,1,0,1,1,0
0,0,6410,4007,1135,1035,233,588,163,118,24,1,1,0,1,1,0
0,0,2126,198,1711,58,159,26,260,9,20,1,1,0,1,1,0
0,1,3376,807,271,2298,0,112,41,286,0,0,1,0,1,0,0
0,1,2926,310,1660,579,377,53,266,96,61,1,1,0,1,1,0
0,6,2035,553,1005,477,0,72,153,59,0,0,1,0,1,1,0
0,1,2805,673,1500,632,0,97,240,92,0,0,1,0,1,0,0
0,2,2767,0,2305,462,0,0,333,56,0,0,0,0,0,1,0
0,7,1036,627,409,0,0,111,57,0,0,0,1,1,1,0,0
0,1,2536,606,1061,517,352,86,149,69,42,0,1,0,1,1,0
0,2,1977,762,754,461,0,111,100,53,0,0,1,0,1,0,0
0,1,1358,0,996,339,23,0,131,42,3,0,0,0,1,1,0
0,2,2963,310,1718,489,446,53,275,79,75,0,1,0,1,0,0
0,5,3141,816,1212,595,518,129,194,86,87,0,1,0,1,1,0
0,3,2598,0,368,1781,449,0,64,310,70,0,0,0,0,1,0
0,2,1235,0,703,414,118,0,102,57,17,0,0,0,0,1,0
0,0,3809,1568,1638,414,189,232,224,56,26,1,1,0,1,1,0
0,0,2612,1371,130,837,274,220,19,89,34,0,1,0,1,1,1
1,0,3555,669,1206,1558,122,100,167,192,13,1,1,0,0,0,0
0,1,2314,1344,607,363,0,222,100,54,0,0,1,0,1,0,0
0,6,1159,228,931,0,0,32,128,0,0,0,1,0,0,0,0
0,0,3106,717,1276,647,466,120,161,87,67,0,1,0,1,1,0
0,2,586,53,384,130,19,10,34,18,3,0,1,0,1,1,0
0,0,3137,1394,554,1032,157,216,88,132,24,1,1,0,1,1,0
0,5,1143,829,242,56,16,131,29,9,2,0,1,0,1,1,0
0,0,3497,630,1623,1099,145,102,274,154,18,1,1,0,1,1,0
0,0,3900,1043,1274,840,743,175,197,123,105,1,1,0,1,1,0
0,2,3797,1958,986,313,540,335,157,47,84,0,1,0,1,1,0
0,0,4660,2301,689,400,1270,320,87,51,189,0,1,0,1,1,0
0,1,1433,244,486,606,97,32,68,69,13,0,1,0,1,1,0
0,5,1179,228,147,804,0,32,18,105,0,0,1,0,0,0,0
0,6,1055,575,168,312,0,86,22,44,0,0,1,0,1,0,0
0,1,1439,467,405,567,0,65,69,80,0,0,1,0,1,0,0
0,2,586,53,384,130,19,10,34,18,3,0,1,0,1,1,0
0,3,1368,0,1297,71,0,0,170,10,0,1,0,0,0,0,0
0,5,2912,310,1040,1142,420,53,164,164,66,0,1,0,1,1,0
0,1,7029,712,412,5905,0,92,63,756,0,0,1,0,1,1,0
0,6,2396,961,773,662,0,142,111,96,0,0,1,0,1,0,0
0,6,2057,1439,149,469,0,212,29,62,0,0,1,0,1,0,0
0,3,2906,83,1515,572,736,12,217,88,119,0,1,0,1,1,0
0,3,2530,0,2334,196,0,0,376,22,0,0,0,0,1,1,0
0,0,1687,204,1281,122,80,37,227,14,10,0,1,0,1,1,0
1,2,2661,82,2359,149,71,14,397,22,11,0,1,1,1,0,0
0,0,7592,1402,3304,2624,262,182,428,321,44,0,1,0,1,0,0
0,5,503,0,434,52,17,0,60,10,3,0,0,0,0,0,1
0,5,3479,1247,1851,381,0,192,264,55,0,0,1,0,1,0,0
0,0,5153,1025,2988,584,556,148,374,70,82,0,1,0,1,1,0
0,5,182,29,121,18,14,6,8,1,1,0,1,0,1,1,0
0,0,3096,726,1034,518,818,83,137,61,107,0,1,0,1,0,0
0,1,2718,263,567,703,1185,38,94,84,188,1,1,0,1,0,0
0,0,4076,904,1648,1020,504,127,242,152,84,1,1,0,1,0,0
0,7,1030,433,597,0,0,48,97,0,0,0,1,1,1,1,0
0,3,1558,0,871,405,282,0,113,58,34,0,0,0,1,1,0
0,5,2706,723,1301,605,77,118,161,84,9,0,1,0,1,0,0
0,1,2756,1064,913,779,0,155,119,95,0,1,1,0,1,1,0
0,2,1492,0,1118,308,66,0,162,36,9,0,0,0,1,1,0
0,0,2140,323,1116,510,191,48,159,60,22,0,1,0,1,1,0
0,0,4928,1005,2083,1478,362,175,284,183,55,0,1,0,1,1,0
0,0,3247,726,975,648,898,83,143,95,118,0,1,0,1,1,0
0,2,2389,509,897,663,320,79,143,94,43,0,1,0,1,0,0
0,4,2838,506,1152,787,393,73,198,99,66,0,1,0,1,1,0
0,2,2587,0,2474,0,113,0,284,0,11,1,0,0,0,0,0
0,0,3590,603,1811,598,578,101,263,73,64,1,1,0,1,1,0
0,1,3592,0,2520,576,496,0,385,95,84,0,0,0,0,0,0
0,0,3296,726,1018,645,907,83,146,82,119,0,1,0,1,1,0
0,4,2401,803,1598,0,0,105,236,0,0,0,1,0,1,0,0
0,0,405,53,175,158,19,10,25,21,3,0,1,0,1,1,0
0,1,2815,362,1727,576,150,62,233,74,25,0,1,0,1,0,0
0,2,2587,0,2474,0,113,0,284,0,11,1,0,0,0,0,0
1,1,2692,1022,881,789,0,138,138,106,0,0,1,0,1,0,0
0,2,2309,1439,615,255,0,212,86,27,0,1,1,0,1,0,0
0,5,2658,0,1206,1452,0,0,162,195,0,0,0,0,0,0,1
0,0,474,53,244,158,19,10,35,21,3,0,1,0,1,1,0
0,3,3994,624,1776,1594,0,87,276,213,0,0,1,0,1,1,0
0,0,3386,651,1615,685,435,100,210,86,65,0,1,0,1,1,0
0,2,1991,603,1137,167,84,101,197,29,11,0,1,0,1,0,0
0,0,3177,726,928,626,897,83,137,78,117,0,1,0,1,1,0
0,2,2319,606,1085,421,207,84,172,49,37,0,1,0,1,1,0
0,0,477,53,247,158,19,10,37,21,3,0,1,0,1,1,0
0,3,2383,606,1122,448,207,84,170,61,37,0,1,0,1,1,0
0,2,2351,438,1342,515,56,72,193,68,7,0,1,0,1,1,0
0,2,8565,1439,4934,2192,0,212,641,278,0,0,1,0,1,0,0
0,2,1817,244,1161,314,98,32,155,29,14,1,1,0,1,1,0
0,1,8134,1016,3945,3173,0,130,523,471,0,0,1,0,1,1,1
0,1,6054,624,3775,1655,0,87,551,218,0,0,1,0,1,0,0
0,2,2367,438,1309,564,56,72,192,76,7,0,1,0,1,1,0
0,2,554,53,332,150,19,10,28,20,3,0,1,0,1,0,0
0,0,3029,879,1581,485,84,141,210,67,8,0,1,0,1,1,0
0,3,5286,879,3048,1291,68,141,400,159,7,0,1,0,1,1,0
0,4,3051,879,1816,356,0,141,256,47,0,0,1,0,1,1,0
0,1,4247,1084,1589,1574,0,159,215,211,0,0,1,0,1,1,0
0,1,3188,684,1955,549,0,86,268,68,0,0,1,0,1,0,0
0,3,2457,879,1098,411,69,141,155,54,7,0,1,0,1,1,0
1,0,6415,1085,1377,3904,49,162,203,486,7,0,1,0,1,1,0
0,0,4606,646,2378,430,1152,101,362,56,168,1,1,0,1,1,0
0,1,2958,470,2007,450,31,68,300,64,4,0,1,0,1,1,0
0,4,3476,0,2795,681,0,0,349,82,0,0,0,0,0,0,1
0,0,3197,717,1283,731,466,120,167,96,67,1,1,0,1,1,0
0,4,1112,0,1112,0,0,0,134,0,0,0,0,0,0,1,0
0,0,2437,204,795,840,598,25,104,100,76,1,1,0,1,1,0
0,5,2946,702,647,800,797,110,109,92,116,0,1,0,1,0,0
0,1,6745,1708,2804,1334,899,290,507,215,167,0,1,0,1,1,0
0,0,3955,767,1986,979,223,125,289,103,29,0,1,0,1,1,0
0,1,2078,1271,668,139,0,197,110,21,0,1,1,0,1,0,0
0,2,2915,755,1749,411,0,104,261,50,0,0,1,0,1,0,0
0,0,3583,726,1544,789,524,83,205,99,79,0,1,0,1,1,0
0,1,2973,1439,1021,513,0,212,147,71,0,1,1,0,1,0,0
0,4,1959,0,944,1015,0,0,120,134,0,0,0,0,1,0,0
0,0,2476,267,1416,643,150,41,206,101,21,1,1,0,1,1,0
0,0,3179,726,907,648,898,83,147,86,117,0,1,0,1,1,0
0,0,477,53,247,158,19,10,37,21,3,0,1,0,1,1,0
0,4,2494,588,1906,0,0,96,279,0,0,0,1,0,1,0,0
0,1,2573,908,961,204,500,136,143,22,79,0,1,0,1,1,0
1,0,1983,691,348,824,120,104,44,98,12,0,1,0,1,1,0
0,3,878,0,870,8,0,0,123,2,0,0,0,0,0,1,0
0,1,3468,518,1446,401,1103,72,202,41,179,0,1,0,1,0,0
0,2,752,281,138,333,0,38,19,36,0,0,1,0,1,1,0
0,0,4733,1025,2605,561,542,148,347,70,81,0,1,0,1,1,0
0,3,2828,890,785,1153,0,141,117,147,0,0,1,0,1,1,0
0,1,3082,890,1426,766,0,141,225,101,0,0,1,0,1,1,0
0,5,4282,685,2492,287,818,101,324,35,111,0,1,0,1,1,0
1,0,2060,691,390,859,120,104,49,100,12,0,1,0,1,1,0
0,0,1277,255,580,404,38,39,95,55,6,1,1,0,1,1,0
0,0,5425,614,2600,1429,782,85,346,176,97,0,1,0,1,0,0
0,0,2159,334,790,906,129,46,106,104,11,0,1,0,1,1,0
0,0,2533,788,1093,457,195,89,169,75,30,0,1,0,1,1,0
0,1,1527,829,611,70,17,131,90,10,2,0,1,0,1,1,0
0,0,1278,524,552,83,119,73,83,10,13,1,1,0,0,0,0
0,1,4317,792,970,819,1736,79,142,114,260,0,1,0,1,0,1
0,1,3625,532,1511,1463,119,92,189,184,16,0,1,0,1,1,0
1,1,3612,1366,916,1330,0,184,133,176,0,0,1,0,1,1,0
0,0,3017,726,853,550,888,83,124,75,115,0,1,0,1,1,0
0,0,3583,477,1352,1665,89,63,166,236,12,0,1,0,1,1,0
0,1,7894,776,3945,3173,0,77,523,471,0,0,1,0,1,1,1
0,2,2904,1565,1104,208,27,218,152,22,5,0,1,0,1,1,0
0,1,1811,0,791,658,362,0,103,82,40,0,0,0,0,0,0
0,5,2287,228,2059,0,0,32,267,0,0,0,1,0,0,0,0
0,2,3219,2022,714,483,0,201,93,54,0,0,1,0,1,1,0
0,0,4182,1042,1606,838,696,178,237,117,111,0,1,0,1,1,0
0,0,3107,764,499,728,1116,77,70,86,177,1,1,0,1,1,1
0,1,3396,615,1914,408,459,83,299,38,81,1,1,0,1,1,0
0,5,3678,1708,957,574,439,290,166,84,80,0,1,0,1,1,0
0,0,2580,570,1463,322,225,77,212,38,29,0,1,0,1,1,0
0,0,3716,1050,1141,1296,229,155,143,177,28,0,1,0,1,1,0
0,1,3104,1441,1317,346,0,220,171,38,0,0,1,0,1,1,0
0,7,2008,433,1575,0,0,48,235,0,0,0,1,1,1,0,0
0,1,1865,544,550,360,411,76,76,48,71,0,1,0,1,1,0
0,4,1169,619,168,382,0,81,26,46,0,0,1,0,1,1,0
0,2,2929,0,1078,925,926,0,147,136,137,0,0,0,1,1,0
0,1,2876,373,1335,979,189,59,195,126,26,0,1,0,1,0,0
0,2,3344,298,1754,1007,285,42,241,117,42,0,1,0,1,1,0
0,2,2587,0,2474,0,113,0,284,0,11,1,0,0,0,0,0
0,6,1245,228,1017,0,0,32,134,0,0,0,1,0,0,0,0
0,6,1722,0,1292,430,0,0,175,58,0,0,0,0,0,1,0
0,2,3807,298,1803,1421,285,42,272,182,42,0,1,0,1,1,0
0,0,5682,1025,3307,813,537,148,423,103,81,0,1,0,1,1,0
0,2,6332,2480,1053,1702,1097,298,149,207,147,0,1,0,1,1,0
0,2,3789,1808,1981,0,0,264,278,0,0,1,1,0,1,1,0
0,0,3598,717,1985,430,466,120,263,49,67,0,1,0,1,1,0
1,0,5353,461,2920,1891,81,65,380,251,10,0,1,0,1,1,0
0,1,1239,829,365,45,0,131,60,7,0,0,1,0,1,1,0
0,1,2307,361,1623,323,0,57,235,48,0,1,1,0,1,1,0
0,2,3140,558,1227,171,1184,84,179,23,167,1,1,0,1,0,0
0,2,309,53,126,111,19,10,15,16,3,0,1,0,1,0,0
0,0,4245,651,1664,1201,729,107,227,138,102,0,1,0,1,1,0
1,0,5322,788,3501,897,136,135,567,123,21,0,1,0,1,1,0
0,4,5279,1594,3685,0,0,270,582,0,0,0,1,0,1,1,0
0,0,4525,1025,2544,419,537,148,331,48,81,0,1,0,1,1,0
0,5,2531,879,1652,0,0,141,233,0,0,0,1,0,1,1,0
0,7,1085,433,652,0,0,48,98,0,0,0,1,1,1,1,0
0,7,1213,0,1213,0,0,0,111,0,0,0,0,0,0,0,0
0,3,6182,1576,497,4109,0,243,79,559,0,0,1,0,1,1,0
0,0,5310,1194,2685,838,593,186,381,110,102,0,1,0,1,1,0
0,0,3745,1025,1748,435,537,148,213,58,81,0,1,0,1,1,0
0,1,3548,0,2476,576,496,0,381,95,84,0,0,0,0,0,0
0,7,2017,433,1584,0,0,48,237,0,0,0,1,1,1,0,0
0,1,4121,0,2925,715,481,0,409,101,75,0,0,0,0,1,0
0,2,2967,685,954,406,922,101,141,52,123,0,1,0,1,0,0
0,4,6141,1799,4342,0,0,294,732,0,0,0,1,0,1,0,0
0,6,745,228,517,0,0,32,78,0,0,0,1,0,0,0,0
0,5,2279,228,676,1375,0,32,80,178,0,0,1,0,0,0,0
0,3,873,0,873,0,0,0,128,0,0,1,0,0,0,0,0
0,4,3391,879,1335,698,479,141,180,86,70,0,1,0,1,1,0
0,2,1387,911,365,111,0,134,44,17,0,0,1,0,1,1,0
0,1,3850,684,1998,1168,0,86,258,127,0,0,1,0,1,0,0
0,5,5329,2636,1538,1155,0,421,229,177,0,0,1,0,1,1,0
0,0,3893,536,2552,685,120,72,373,96,18,0,1,0,1,1,0
0,0,3036,726,794,626,890,83,116,83,116,0,1,0,1,1,0
0,0,6865,4007,1762,962,134,588,242,118,11,1,1,0,1,1,0
0,4,2567,332,1144,1091,0,50,148,143,0,0,1,0,1,1,0
0,4,5949,699,1120,3100,1030,104,146,400,132,0,1,0,1,0,0
0,2,393,0,79,314,0,0,11,53,0,0,0,0,0,0,0
0,1,645,53,456,117,19,10,50,15,3,0,1,0,1,1,0
0,0,3261,644,1592,805,220,78,228,90,27,1,1,0,1,1,0
0,5,3477,1410,1456,318,293,218,216,42,46,0,1,0,1,1,0
0,2,8193,1103,5303,1787,0,167,776,249,0,1,1,0,1,1,0
0,0,2509,477,1291,652,89,63,178,86,12,1,1,0,1,1,0
0,1,2192,1557,426,51,158,230,69,7,18,0,1,0,1,1,0
0,7,1396,433,963,0,0,48,143,0,0,0,1,1,1,1,0
0,0,3661,726,1163,1139,633,83,154,138,85,0,1,0,1,1,0
0,1,4246,1481,1095,1670,0,264,168,212,0,0,1,0,1,0,0
0,2,1287,0,1035,252,0,0,142,31,0,0,0,1,1,1,0
0,0,3506,726,1057,826,897,83,158,115,117,0,1,0,1,1,0
0,2,583,53,381,130,19,10,33,18,3,0,1,0,1,1,0
0,5,1257,0,897,360,0,0,123,50,0,0,0,0,1,0,0
0,5,2513,897,525,553,538,157,59,80,41,0,1,0,1,0,0
0,4,4561,699,1996,1308,558,104,280,173,95,0,1,0,1,0,0
0,1,4529,2021,626,1882,0,294,77,281,0,0,1,0,1,1,0
0,0,3388,720,1833,740,95,126,253,97,10,0,1,0,1,1,0
0,4,2992,115,2877,0,0,18,442,0,0,1,1,0,1,1,0
0,4,1877,95,1356,426,0,17,180,49,0,0,1,0,0,0,0
1,0,2450,721,864,325,540,107,118,32,77,0,1,0,1,1,0
0,3,5014,1014,3633,367,0,167,503,48,0,0,1,0,1,1,0
0,1,2626,684,1227,715,0,86,150,86,0,0,1,0,1,0,0
0,2,562,53,332,158,19,10,28,21,3,0,1,0,1,0,0
0,0,1816,352,834,467,163,57,123,76,21,0,1,0,1,1,0
0,5,2946,702,647,800,797,110,109,92,116,0,1,0,1,0,0
1,0,3385,1366,626,1044,349,184,92,159,48,1,1,0,1,1,0
0,1,2690,684,1223,783,0,86,150,96,0,0,1,0,1,0,0
0,4,3630,699,1275,1098,558,104,181,152,95,0,1,0,1,0,0
0,7,364,229,135,0,0,33,22,0,0,0,1,1,1,0,0
0,3,4215,699,461,2475,580,104,65,332,85,0,1,0,1,0,0
0,0,3053,630,1327,951,145,102,212,132,18,1,1,0,1,1,0
0,2,721,0,520,0,201,0,69,0,27,0,0,0,0,0,0
0,6,1492,0,1492,0,0,0,188,0,0,0,0,0,0,0,1
0,4,4284,699,400,1655,1530,104,56,205,188,0,1,0,1,0,0
0,1,2730,385,1337,587,421,69,176,79,70,0,1,0,1,1,0
0,6,1055,228,827,0,0,32,104,0,0,0,1,0,0,0,0
0,1,3159,699,1764,696,0,104,230,87,0,0,1,0,1,0,0
0,4,6213,699,440,4492,582,104,71,600,81,0,1,0,1,0,0
0,0,2050,254,629,625,542,37,98,99,96,1,1,0,1,1,0
0,3,1724,886,668,121,49,146,98,18,7,0,1,0,1,1,0
0,7,2022,1447,575,0,0,215,78,0,0,0,1,0,1,1,0
0,0,2403,1344,655,280,124,222,104,36,22,1,1,0,1,0,0
0,4,6969,518,2944,1704,1803,72,393,190,229,0,1,0,1,0,0
0,1,2615,684,1219,712,0,86,151,86,0,0,1,0,1,0,0
0,6,1632,0,1632,0,0,0,228,0,0,0,0,0,0,0,1
0,4,3092,228,1262,1602,0,32,168,192,0,0,1,0,0,0,0
0,6,1619,0,1619,0,0,0,230,0,0,0,0,0,0,0,1
0,1,3232,583,535,2083,31,82,87,281,5,1,1,0,1,0,0
0,1,2759,996,1295,468,0,158,186,62,0,0,1,0,1,0,0
0,2,6061,2206,2660,690,505,350,399,85,85,0,1,0,1,0,0
0,6,1576,0,1576,0,0,0,230,0,0,0,0,0,0,0,1
0,4,2001,228,614,1159,0,32,86,157,0,0,1,0,0,0,0
0,8,1599,0,1599,0,0,0,231,0,0,0,0,0,0,0,1
0,6,1331,0,1331,0,0,0,182,0,0,0,0,0,0,0,1
0,6,1398,0,1398,0,0,0,181,0,0,0,0,0,0,0,1
0,4,4131,699,370,1487,1575,104,55,212,201,0,1,0,1,0,0
0,6,1234,0,1234,0,0,0,123,0,0,0,0,0,0,0,1
0,0,2737,495,1139,220,883,76,170,28,127,0,1,0,1,0,0
0,1,2578,536,768,1173,101,88,123,147,12,0,1,0,1,0,0
0,2,1851,145,749,957,0,16,111,140,0,0,1,0,1,0,0
0,6,1195,0,1195,0,0,0,164,0,0,0,0,0,0,0,1
0,5,1636,829,807,0,0,131,116,0,0,0,1,0,1,0,0
0,7,3006,433,2573,0,0,48,349,0,0,0,1,1,1,1,0
0,1,3365,684,1820,861,0,86,235,100,0,0,1,0,1,0,0
0,0,1438,790,560,44,44,84,61,4,7,0,1,0,1,0,0
0,4,3048,699,227,1594,528,104,32,194,60,0,1,0,1,0,0
0,0,4189,397,1639,1236,917,53,212,158,107,0,1,0,1,0,0
1,2,1563,433,518,612,0,63,61,71,0,0,1,0,1,1,0
0,4,6120,699,483,3548,1390,104,65,440,200,0,1,0,1,0,0
0,5,2303,134,1024,634,511,20,157,94,71,0,1,0,1,1,0
0,3,1098,0,676,294,128,0,110,40,15,1,0,0,1,1,0
0,0,8194,2270,4150,1528,246,321,566,189,35,1,1,0,1,1,0
0,0,3930,2301,789,812,28,320,95,100,3,0,1,0,1,0,0
0,7,2519,407,2112,0,0,56,347,0,0,0,1,0,1,1,0
0,5,2356,321,269,1350,416,45,43,181,59,0,1,0,1,1,0
0,0,7523,1402,3305,2579,237,182,429,320,41,0,1,0,1,0,0
0,1,2383,463,1016,188,716,67,140,21,85,0,1,0,1,0,0
0,1,4773,873,1817,1136,947,146,286,181,147,0,1,0,1,0,0
0,0,1822,717,447,192,466,120,58,25,67,0,1,0,1,1,0
0,5,2822,518,916,1328,60,72,122,155,5,0,1,0,1,0,0
0,4,3345,1376,577,1069,323,226,60,136,32,0,1,0,1,1,0
0,1,2480,229,798,1003,450,33,121,131,68,0,1,0,1,1,0
0,0,4476,532,2979,872,93,92,393,106,13,1,1,0,1,1,0
0,3,4022,0,4022,0,0,0,551,0,0,0,0,0,0,0,0
0,0,3651,1042,1370,543,696,178,189,63,111,0,1,0,1,1,0
1,4,3478,1366,2112,0,0,184,369,0,0,0,1,0,1,1,0
0,2,2856,860,805,384,807,121,126,58,129,0,1,0,1,1,0
0,5,1081,228,853,0,0,32,86,0,0,0,1,0,0,0,0
0,5,1805,310,821,674,0,53,121,107,0,0,1,0,1,1,0
0,4,2973,1298,1675,0,0,203,270,0,0,0,1,0,1,0,0
0,6,896,228,668,0,0,32,81,0,0,0,1,0,0,0,0
0,1,1415,175,908,332,0,29,128,39,0,0,1,0,1,1,0
0,1,3638,879,2088,671,0,141,256,82,0,0,1,0,1,1,0
0,0,2521,606,1415,374,126,90,202,42,17,0,1,0,1,1,0
0,5,2406,432,911,290,773,51,122,39,120,0,1,0,1,0,0
0,0,2186,422,1437,204,123,68,217,28,14,0,1,0,1,0,0
0,2,1695,459,201,451,584,66,29,56,84,0,1,0,1,1,0
0,0,2361,940,742,422,257,125,103,51,34,0,1,0,1,0,0
0,4,4385,574,2017,1409,385,86,283,183,52,0,1,0,1,0,0
0,0,2667,1126,1047,444,50,163,126,51,6,0,1,0,1,1,0
1,6,1489,1000,489,0,0,155,84,0,0,0,1,0,1,0,0
0,1,2419,684,966,769,0,86,127,93,0,0,1,0,1,0,0
0,0,474,53,244,158,19,10,35,21,3,0,1,0,1,1,0
0,0,1661,526,406,639,90,93,51,73,11,1,1,0,1,1,0
0,0,1464,236,959,134,135,35,136,11,18,0,1,0,1,0,0
0,1,2380,684,1030,666,0,86,128,80,0,0,1,0,1,0,0
0,1,2212,351,209,1652,0,49,29,214,0,0,1,0,1,0,1
0,0,4487,638,990,2293,566,88,141,289,67,0,1,0,1,1,0
0,1,1719,0,658,647,414,0,99,94,75,0,0,0,0,1,0
0,0,2719,688,1266,547,218,111,185,83,38,1,1,0,1,0,0
0,5,2105,153,831,958,163,25,125,113,19,0,1,0,1,1,0
0,2,1736,829,855,31,21,131,134,5,4,0,1,0,1,1,0
0,2,2254,1050,520,684,0,155,72,107,0,0,1,0,1,1,0
0,2,1998,1128,517,309,44,184,53,35,7,1,1,0,1,1,1
0,7,953,433,520,0,0,48,77,0,0,0,1,1,1,1,0
1,6,1343,0,761,484,98,0,129,87,11,0,0,0,0,1,0
0,7,3804,516,3288,0,0,76,434,0,0,0,1,0,1,0,0
0,1,2666,726,655,467,818,83,95,64,107,0,1,0,1,0,0
0,1,1100,153,495,452,0,23,71,54,0,0,1,0,1,1,0
0,1,3685,717,1987,515,466,120,253,64,67,0,1,0,1,1,0
0,0,3742,1025,1747,434,536,148,213,58,81,0,1,0,1,1,0
0,1,723,0,182,474,67,0,28,78,10,0,0,0,0,1,0
0,1,3335,879,2201,169,86,141,345,24,10,0,1,0,1,1,0
0,1,1007,153,276,578,0,23,40,76,0,0,1,0,1,1,0
0,5,3283,310,902,1594,477,53,147,251,81,0,1,0,1,0,0
0,0,4892,1252,2237,1207,196,198,255,144,24,0,1,0,1,1,0
0,1,522,53,314,136,19,10,23,18,3,0,1,0,1,1,0
0,3,3109,812,1363,886,48,131,225,125,7,0,1,0,1,1,0
0,5,3090,885,1224,981,0,141,179,141,0,0,1,1,1,0,0
0,3,4604,702,2197,1064,641,110,338,181,94,0,1,0,1,0,0
1,0,6389,2065,2381,1254,689,333,367,170,90,1,1,0,1,1,0
0,0,4711,697,2134,1174,706,111,295,153,112,0,1,0,0,1,0
0,2,1280,0,737,543,0,0,114,73,0,1,0,0,0,0,0
0,4,673,0,377,205,91,0,59,35,19,0,0,0,0,1,0
0,2,586,53,384,130,19,10,34,18,3,0,1,0,1,1,0
0,0,2486,719,110,1599,58,111,15,194,6,1,1,0,1,1,0
0,1,5843,415,4289,901,238,54,592,116,36,0,1,0,1,0,1
0,0,5428,2206,2274,317,631,350,316,39,105,1,1,0,1,1,0
0,0,4149,730,2653,331,435,116,387,35,48,0,1,0,1,1,0
0,0,1464,469,787,6,202,70,97,1,33,1,1,0,0,0,1
0,0,3384,730,1093,258,1303,116,161,33,204,0,1,0,1,1,0
0,0,4203,730,2540,543,390,116,376,66,44,0,1,0,1,1,0
0,1,2212,351,209,1652,0,49,29,214,0,0,1,0,1,0,1
1,4,783,0,619,164,0,0,95,24,0,0,0,0,0,0,1
0,0,2053,558,421,187,887,84,60,26,116,1,1,0,1,0,0
0,5,5691,1576,301,3814,0,243,46,523,0,0,1,0,1,1,0
0,0,2053,558,421,187,887,84,60,26,116,1,1,0,1,0,0
0,0,2053,558,421,187,887,84,60,26,116,1,1,0,1,0,0
0,0,1464,469,787,6,202,70,97,1,33,1,1,0,0,0,1
0,0,1320,469,413,244,194,70,56,30,32,1,1,0,0,0,1
0,2,583,53,381,130,19,10,33,18,3,0,1,0,1,1,0
0,1,2212,351,209,1652,0,49,29,214,0,0,1,0,1,0,1
0,0,2959,702,1046,488,723,100,143,58,107,0,1,0,1,1,0
0,0,4153,730,1931,189,1303,116,303,25,204,0,1,0,1,1,0
0,4,4249,1014,2541,694,0,167,366,90,0,0,1,0,1,1,0
0,3,933,0,933,0,0,0,120,0,0,1,0,0,1,1,0
0,1,2969,251,1046,594,1078,52,162,88,171,0,1,0,1,1,0
0,2,2467,333,803,1149,182,48,110,143,20,0,1,0,1,1,0
0,0,4323,657,2224,1051,391,100,327,163,54,0,1,0,1,0,0
0,1,4008,0,2812,715,481,0,391,101,75,0,0,0,0,0,0
0,6,1709,333,841,535,0,47,109,62,0,0,1,0,1,0,0
1,4,783,0,619,164,0,0,95,24,0,0,0,0,0,0,1
0,0,3018,726,851,623,818,83,114,77,107,0,1,0,1,0,0
0,3,885,464,421,0,0,71,58,0,0,0,1,0,1,0,0
0,1,4247,684,2646,917,0,86,332,112,0,0,1,0,1,0,0
1,4,783,0,619,164,0,0,95,24,0,0,0,0,0,0,1
0,5,1928,0,1021,907,0,0,136,104,0,1,0,0,0,0,0
0,1,5766,2480,801,1301,1184,298,100,157,157,1,1,0,1,1,0
0,0,3116,1007,1702,366,41,158,229,44,3,1,1,0,1,1,0
0,0,5220,2676,1501,841,202,392,203,100,29,0,1,0,1,0,0
0,0,5645,2676,1648,1081,240,392,205,147,36,0,1,0,1,1,0
0,1,2265,1194,843,228,0,186,141,29,0,0,1,0,1,0,0
0,0,2910,742,563,1036,569,108,77,134,72,0,1,0,1,1,0
0,1,6166,888,1597,3681,0,136,235,581,0,0,1,0,1,0,0
0,1,2969,1557,554,713,145,230,68,92,17,0,1,0,1,1,0
0,7,1986,1447,539,0,0,215,82,0,0,0,1,0,1,1,0
0,3,4576,1410,3166,0,0,215,468,0,0,0,1,0,1,0,0
0,7,1382,1298,84,0,0,203,14,0,0,0,1,0,1,0,0
0,8,12302,0,12302,0,0,0,240,0,0,0,0,0,0,0,0
0,0,2397,464,1129,648,156,69,176,84,27,0,1,0,1,1,0
0,0,477,53,247,158,19,10,37,21,3,0,1,0,1,1,0
0,4,2936,0,2936,0,0,0,357,0,0,1,0,0,0,0,1
0,3,3094,1441,1317,336,0,220,171,37,0,0,1,0,1,1,0
0,2,583,53,381,130,19,10,33,18,3,0,1,0,1,1,0
0,5,2517,321,1195,707,294,45,156,83,37,0,1,0,1,1,0
0,1,5840,885,4317,638,0,141,632,90,0,0,1,0,1,1,0
0,2,586,53,384,130,19,10,34,18,3,0,1,0,1,1,0
0,0,647,53,458,117,19,10,50,15,3,0,1,0,1,1,0
0,1,1261,417,544,300,0,66,54,39,0,0,1,0,1,0,0
1,0,4183,1022,1739,775,647,162,250,95,99,1,1,0,1,1,0
0,5,1646,326,679,340,301,49,88,47,32,0,1,0,1,1,0
0,7,3263,1970,1293,0,0,312,223,0,0,0,1,0,1,0,0
0,3,2566,463,1409,694,0,67,194,91,0,0,1,0,1,0,0
0,2,2907,1073,1430,404,0,154,221,54,0,0,1,0,1,0,0
0,1,2236,643,941,497,155,99,163,80,20,0,1,0,1,0,0
0,0,4938,2676,1523,556,183,392,211,74,29,0,1,0,1,0,0
0,0,4608,1025,2587,419,577,148,335,48,89,0,1,0,1,0,0
0,1,1230,505,338,387,0,79,43,51,0,0,1,0,1,0,0
0,7,1538,1369,169,0,0,218,24,0,0,0,1,1,1,0,0
0,1,2569,684,1222,663,0,86,150,81,0,0,1,0,1,0,0
0,3,3258,829,1313,844,272,131,184,116,44,0,1,0,1,1,0
0,5,4056,1110,1814,413,719,158,259,58,83,0,1,0,1,1,0
0,2,2850,707,1196,442,505,105,183,61,77,0,1,0,1,1,0
0,3,4604,702,2197,1064,641,110,338,181,94,0,1,0,1,0,0
0,3,4196,879,1138,2179,0,141,167,264,0,0,1,0,1,1,0
0,1,2399,888,989,522,0,136,126,67,0,0,1,0,1,0,0
0,1,4528,1708,1291,666,863,290,206,101,162,0,1,0,1,1,0
0,0,2642,825,1692,34,91,147,283,2,14,0,1,0,1,1,0
0,1,2771,684,1381,706,0,86,171,88,0,0,1,0,1,0,0
0,1,3200,0,2117,1048,35,0,245,118,6,1,0,0,0,0,0
0,4,2971,353,1119,758,741,46,153,110,102,0,1,0,1,1,0
0,1,1585,174,1017,209,185,24,157,25,28,0,1,0,1,1,0
0,4,930,0,930,0,0,0,112,0,0,0,0,0,0,0,0
0,2,2669,964,1365,340,0,146,162,34,0,0,1,0,1,1,0
0,0,593,33,348,135,77,6,53,16,12,0,1,0,1,1,0
0,0,5168,1251,900,1144,1873,201,130,154,279,1,1,0,1,1,0
0,2,2038,0,1903,135,0,0,257,20,0,1,0,0,0,0,0
0,1,812,0,538,260,14,0,81,31,2,0,0,0,1,0,0
0,7,962,433,529,0,0,48,88,0,0,0,1,1,1,1,0
0,3,4623,1630,2696,238,59,208,353,32,12,0,1,0,1,1,0
0,1,6447,1057,4620,770,0,157,631,101,0,0,1,0,0,1,0
0,6,401,0,401,0,0,0,52,0,0,0,0,0,0,0,0
1,7,718,518,200,0,0,84,39,0,0,0,1,0,1,0,0
0,0,474,53,244,158,19,10,35,21,3,0,1,0,1,1,0
0,3,4078,879,2132,1067,0,141,282,120,0,0,1,0,1,1,0
1,7,1344,0,686,658,0,0,117,92,0,0,0,0,1,1,0
1,7,1344,0,686,658,0,0,117,92,0,0,0,0,1,1,0
0,2,3383,509,1707,826,341,79,243,106,48,0,1,0,1,0,0
0,2,1283,175,838,0,270,29,124,0,44,0,1,0,1,1,0
0,7,2075,1913,162,0,0,293,26,0,0,0,1,0,1,1,0
0,1,1560,0,768,578,214,0,112,79,35,1,0,0,0,0,0
0,6,4340,627,1585,2128,0,111,259,308,0,0,1,0,1,0,0
0,0,5425,614,2600,1429,782,85,346,176,97,0,1,0,1,0,0
0,0,1537,288,700,400,149,49,114,62,26,0,1,0,1,1,0
0,2,3722,1064,2658,0,0,155,376,0,0,1,1,0,1,1,0
0,2,1210,0,621,397,192,0,87,54,23,0,0,1,0,0,0
0,0,554,53,324,158,19,10,25,21,3,0,1,0,1,1,0
0,0,1866,408,921,407,130,53,129,51,20,1,1,0,1,1,0
0,0,2608,1461,646,413,88,211,103,53,9,1,1,0,1,1,0
0,0,1332,288,546,243,255,49,99,33,40,0,1,0,1,1,0
0,1,3044,911,1535,598,0,128,250,65,0,0,1,0,1,1,0
0,0,4836,2065,2118,473,180,333,324,61,21,0,1,0,1,1,0
0,0,5432,903,1279,2122,1128,144,175,288,194,1,1,0,1,1,0
0,1,2528,0,1573,536,419,0,276,74,62,1,0,0,0,1,0
0,7,1503,433,1070,0,0,48,174,0,0,0,1,1,1,1,0
0,2,3515,742,2239,534,0,113,316,68,0,0,1,1,1,0,0
0,2,3665,1392,788,888,597,209,121,116,83,0,1,0,1,1,0
0,3,2434,911,1523,0,0,128,248,0,0,1,1,0,1,0,0
0,4,3411,710,2701,0,0,98,397,0,0,0,1,0,1,0,0
0,5,2374,440,854,403,677,58,127,60,100,0,1,0,1,0,0
0,2,3132,298,1567,982,285,42,221,113,42,0,1,0,1,0,0
0,1,2970,1392,788,653,137,209,121,79,19,0,1,0,1,0,0
0,4,1893,321,913,653,6,45,115,73,1,0,1,0,1,0,0
0,0,477,53,247,158,19,10,37,21,3,0,1,0,1,1,0
0,1,1535,829,619,70,17,131,97,10,2,0,1,0,1,1,0
0,1,7669,1271,6341,57,0,197,861,11,0,1,1,0,1,0,0
0,1,2960,470,2018,372,100,68,294,54,18,0,1,0,1,1,0
0,5,3106,228,1006,1872,0,32,113,242,0,0,1,0,0,0,0
1,0,1263,298,770,131,64,46,118,16,11,1,1,0,1,1,0
1,0,1548,376,645,286,241,62,108,35,39,1,1,0,1,0,0
1,1,1533,0,466,384,683,0,81,62,117,1,0,0,0,1,0
0,2,1630,229,743,658,0,33,127,101,0,0,1,0,1,1,0
0,1,2745,0,669,1939,137,0,91,226,13,0,0,0,0,0,0
0,1,3137,0,643,2385,109,0,85,310,10,0,0,0,0,0,0
0,3,2380,1064,1316,0,0,155,194,0,0,1,1,0,1,1,0
0,3,2029,0,845,922,262,0,121,108,36,0,0,0,0,0,0
0,5,2711,421,1679,611,0,56,250,89,0,0,1,0,1,0,0
0,2,583,53,381,130,19,10,33,18,3,0,1,0,1,1,0
0,4,2290,536,1218,536,0,73,199,74,0,0,1,0,1,0,0
0,4,2668,450,1383,689,146,65,184,86,19,0,1,0,1,1,0
0,0,1686,454,705,275,252,73,113,49,31,1,1,0,1,0,0
0,0,2104,643,993,324,144,99,166,51,19,0,1,0,1,1,0
0,0,4156,603,2332,335,886,101,318,37,118,0,1,0,1,1,0
0,2,3538,0,2773,765,0,0,403,97,0,0,0,0,0,1,0
0,2,4620,2438,67,2073,42,328,10,287,5,0,1,0,1,1,0
0,0,6385,2065,2377,1254,689,333,364,170,90,0,1,0,1,1,0
0,1,2604,361,1890,353,0,57,276,53,0,1,1,0,1,1,0
0,0,477,53,247,158,19,10,37,21,3,0,1,0,1,1,0
0,1,1276,244,581,301,150,32,96,35,19,0,1,0,1,0,0
0,1,3872,1557,822,1354,139,230,113,170,13,0,1,0,1,0,0
0,0,4156,603,2332,335,886,101,318,37,118,0,1,0,1,1,0
0,1,1484,508,752,224,0,73,125,29,0,0,1,0,1,0,0
0,0,3750,1659,715,872,504,194,108,133,79,0,1,0,1,1,0
0,4,770,0,371,154,245,0,53,20,32,1,0,0,1,1,0
0,2,2897,0,1814,80,1003,0,290,8,171,1,0,0,1,1,0
0,1,2412,330,1156,678,248,51,172,89,35,0,1,0,1,0,0
0,0,4103,1247,1624,709,523,216,283,90,70,0,1,0,1,1,0
0,2,3394,970,1337,901,186,134,183,133,25,0,1,0,1,1,0
0,2,2096,438,927,592,139,72,133,79,18,1,1,0,1,1,0
0,7,1324,433,891,0,0,48,127,0,0,0,1,1,1,1,0
0,1,2011,684,630,697,0,86,92,84,0,0,1,0,1,0,0
0,0,1893,789,530,274,300,120,71,40,45,1,1,0,1,1,1
0,6,1839,1410,429,0,0,215,65,0,0,0,1,0,1,0,0
0,4,3016,0,2933,83,0,0,377,12,0,0,0,0,1,0,0
0,0,5053,614,2137,1401,901,85,269,190,113,0,1,0,1,0,0
0,0,2258,789,739,492,238,120,98,62,29,1,1,0,1,1,1
0,4,683,0,605,40,38,0,104,4,6,0,0,0,0,0,0
0,0,2080,789,577,532,182,120,80,72,27,1,1,0,1,1,1
0,3,1689,587,1102,0,0,96,157,0,0,0,1,0,1,0,0
0,3,2798,310,1318,893,277,53,188,131,46,0,1,0,1,0,0
0,2,4485,0,3480,1005,0,0,485,144,0,0,0,1,0,0,0
1,0,4283,747,1870,1367,299,116,298,208,51,1,1,0,1,1,0
0,6,1730,503,903,324,0,78,128,42,0,0,1,0,0,0,0
0,1,2422,0,875,869,678,0,137,120,120,0,0,0,1,1,0
0,0,1389,505,501,307,76,79,67,43,8,1,1,0,1,1,0
0,0,477,53,247,158,19,10,37,21,3,0,1,0,1,1,0
0,2,2637,536,1504,597,0,88,228,74,0,0,1,0,1,1,0
0,0,3811,940,1705,1070,96,125,252,119,10,0,1,0,1,0,0
0,1,522,53,314,136,19,10,23,18,3,0,1,0,1,1,0
0,0,1785,339,696,490,260,48,114,70,30,1,1,0,1,1,0
0,4,2901,0,1683,1218,0,0,179,180,0,0,0,0,0,0,0
0,4,2362,539,1823,0,0,81,248,0,0,0,1,0,1,1,0
0,0,3974,1628,1025,1300,21,207,129,156,3,1,1,0,1,1,0
0,3,1539,641,774,124,0,96,109,8,0,0,1,0,1,0,0
0,0,1530,829,614,70,17,131,97,10,2,0,1,0,1,1,0
1,1,5144,1252,2038,1587,267,198,311,191,37,0,1,0,1,1,0
0,0,1688,489,894,233,72,76,127,27,11,0,1,0,1,0,0
0,5,1700,244,1456,0,0,32,226,0,0,0,1,0,1,1,0
0,1,3966,0,2770,715,481,0,386,101,75,0,0,0,0,0,0
0,3,358,0,358,0,0,0,51,0,0,1,0,0,0,0,0
0,0,1852,790,1038,9,15,84,109,1,3,0,1,0,1,0,0
0,6,1684,829,855,0,0,131,134,0,0,0,1,0,1,0,0
0,1,2555,684,1179,692,0,86,150,81,0,0,1,0,1,0,0
0,3,3221,0,1783,1438,0,0,230,182,0,1,0,0,0,0,0
0,1,2833,684,1177,972,0,86,159,125,0,0,1,0,1,0,0
0,2,4917,825,1749,1147,1196,147,226,146,204,1,1,0,1,1,0
0,1,3917,825,1467,1258,367,147,189,146,64,1,1,0,1,1,0
0,5,1188,0,962,226,0,0,123,27,0,0,0,0,0,0,0
0,5,1795,0,1462,333,0,0,201,38,0,1,0,0,0,0,0
0,0,2906,487,1764,260,395,67,241,29,49,0,1,0,1,0,0
0,1,796,0,475,47,274,0,67,7,45,1,0,0,0,1,0
0,2,1534,298,1236,0,0,42,203,0,0,1,1,0,1,0,0
0,3,1874,0,540,995,339,0,84,139,52,0,0,0,1,0,0
0,0,465,53,235,158,19,10,37,21,3,0,1,0,1,1,0
0,6,2416,755,1154,507,0,104,163,69,0,0,1,1,1,0,0
0,2,3067,0,737,2330,0,0,118,320,0,0,0,0,0,0,0
0,1,2697,630,310,1488,269,91,37,186,29,0,1,0,1,1,0
0,2,3448,0,2826,622,0,0,381,75,0,0,0,0,1,1,0
0,0,5550,1025,3303,686,536,148,421,81,81,0,1,0,1,0,0
0,7,999,433,566,0,0,48,85,0,0,0,1,1,1,1,0
0,0,477,53,247,158,19,10,37,21,3,0,1,0,1,1,0
0,0,2085,351,583,1000,151,52,84,121,19,0,1,0,1,0,0
0,0,1613,829,697,70,17,131,100,10,2,0,1,0,1,1,0
0,0,4554,1025,2432,561,536,148,313,70,81,0,1,0,1,0,0
0,0,6919,2206,3423,562,728,350,519,76,121,1,1,0,1,1,0
0,1,2143,0,1175,798,170,0,173,105,23,1,0,0,0,0,0
0,0,7339,2206,4097,328,708,350,593,39,119,1,1,0,1,1,0
0,6,2236,1050,755,431,0,155,96,58,0,0,1,0,1,0,0
0,0,4877,1820,1749,641,667,327,272,85,106,0,1,0,1,1,0
0,4,785,677,66,42,0,95,12,8,0,0,1,0,1,0,0
0,3,2879,1508,675,696,0,239,112,93,0,0,1,0,1,0,0
0,1,3424,684,1364,1376,0,86,178,173,0,0,1,0,1,0,0
0,0,3756,730,1370,505,1151,116,197,59,186,0,1,0,1,0,0
0,0,2878,553,1672,369,284,72,209,34,30,0,1,0,1,1,0
0,8,587,0,587,0,0,0,89,0,0,0,0,0,0,0,0
0,0,4575,1181,2259,790,345,121,324,106,52,0,1,0,1,1,0
0,1,2986,1565,1055,166,200,256,163,21,32,1,1,0,1,1,0
0,1,1286,829,369,71,17,131,51,10,2,0,1,0,1,1,0
0,2,3210,1562,458,917,273,249,63,122,42,0,1,1,1,0,0
0,4,3349,509,1663,1177,0,79,242,158,0,0,1,0,1,0,0
0,1,716,228,391,6,91,34,61,1,13,0,1,0,1,1,0
0,5,2953,816,1067,543,527,129,168,75,89,0,1,0,1,1,0
0,6,1278,310,270,698,0,53,43,89,0,0,1,0,1,1,0
0,0,2148,829,752,527,40,126,101,80,5,0,1,0,1,0,0
0,1,3218,684,1871,663,0,86,238,84,0,0,1,0,1,0,0
0,2,583,53,381,130,19,10,33,18,3,0,1,0,1,1,0
0,2,3308,632,1421,991,264,112,177,109,36,0,1,0,1,1,0
0,4,4472,230,3373,869,0,36,464,108,0,0,1,0,1,0,0
0,0,465,53,235,158,19,10,37,21,3,0,1,0,1,1,0
0,2,2039,879,1160,0,0,127,182,0,0,1,1,0,1,0,0
0,1,4224,1449,712,613,1450,210,93,67,211,0,1,0,1,1,0
0,1,2133,536,489,1108,0,73,74,133,0,0,1,0,1,0,0
0,2,3528,0,3039,489,0,0,408,62,0,0,0,0,1,0,0
0,1,2337,0,994,819,524,0,153,101,77,1,0,0,1,0,0
0,0,477,53,247,158,19,10,37,21,3,0,1,0,1,1,0
0,2,1637,829,721,70,17,131,107,10,2,0,1,0,1,1,0
0,0,2935,627,1248,505,555,89,193,71,76,0,1,0,1,0,0
0,4,2324,321,946,779,278,45,126,98,34,0,1,0,1,1,0
0,2,2784,384,2400,0,0,70,349,0,0,0,1,0,1,1,0
0,5,1726,503,655,431,137,78,94,67,18,0,1,0,0,0,0
0,2,3993,1419,2175,399,0,206,320,48,0,0,1,0,1,0,0
0,0,3411,726,957,829,899,83,132,113,119,0,1,0,1,0,0
0,2,3143,702,1293,914,234,110,177,127,27,0,1,0,1,0,0
0,5,3117,1194,1493,414,16,186,213,54,2,0,1,0,1,0,0
1,2,2587,0,2474,0,113,0,284,0,11,1,0,0,0,0,0
0,0,5609,725,2673,1429,782,119,347,176,97,0,1,0,1,0,0
0,1,5668,470,3719,1479,0,66,482,185,0,0,1,0,1,0,0
0,0,885,117,517,115,136,17,78,19,23,0,1,0,1,0,0
0,3,4554,1708,1673,1173,0,290,274,193,0,0,1,0,1,1,0
0,1,365,53,157,136,19,10,20,18,3,0,1,0,1,1,0
0,1,3693,509,2118,724,342,79,317,96,47,0,1,0,1,0,0
0,1,4311,684,3218,409,0,86,421,45,0,0,1,0,1,0,0
0,1,2440,684,1268,488,0,86,157,67,0,0,1,0,1,0,0
0,0,4181,1025,2305,315,536,148,283,39,81,0,1,0,1,0,0
0,6,5739,627,1637,3475,0,111,244,472,0,0,1,0,1,0,0
0,2,999,0,430,569,0,0,65,76,0,1,0,0,0,1,0
0,0,3078,692,615,1594,177,100,91,204,23,0,1,0,1,0,0
0,0,477,53,247,158,19,10,37,21,3,0,1,0,1,1,0
0,4,3438,228,1541,1669,0,32,188,214,0,0,1,0,0,0,0
0,1,4182,2301,898,983,0,320,114,99,0,0,1,0,1,0,0
0,5,2239,429,1126,503,181,75,175,77,31,0,1,0,1,1,0
0,2,2107,1439,326,342,0,212,37,50,0,1,1,0,1,0,0
0,2,7095,1439,2840,2816,0,212,414,467,0,0,1,0,1,0,0
0,0,2613,558,972,6,1077,84,144,1,139,1,1,0,1,0,0
0,1,2258,1439,141,678,0,212,21,78,0,0,1,0,1,0,0
0,4,2219,634,781,328,476,100,120,39,59,0,1,0,1,0,0
0,5,3798,1025,1769,672,332,154,270,117,60,0,1,0,1,1,0
0,4,2762,838,1407,517,0,131,200,62,0,0,1,0,1,1,0
0,2,3548,415,2700,195,238,54,383,24,36,0,1,0,1,0,1
0,3,1812,321,933,504,54,46,121,51,5,0,1,0,1,0,0
0,3,2456,838,1255,363,0,131,202,51,0,0,1,0,1,1,0
0,2,1624,0,662,752,210,0,82,91,28,0,0,0,0,0,0
0,0,5153,583,2592,852,1126,82,365,115,167,0,1,0,1,0,0
0,6,893,228,665,0,0,32,79,0,0,0,1,0,0,0,0
0,1,1307,0,1150,151,6,0,163,24,1,0,0,0,0,1,0
0,0,2672,773,1155,433,311,120,153,44,44,0,1,0,1,1,0
0,0,2253,148,960,501,644,25,161,76,96,0,1,0,1,1,0
0,2,3614,583,1695,1336,0,82,222,177,0,0,1,0,1,0,0
0,2,2759,816,936,461,546,129,147,63,93,0,1,0,1,1,0
0,0,4229,614,1831,872,912,85,212,95,116,0,1,0,1,0,0
0,0,2417,384,1465,521,47,49,206,69,7,0,1,0,1,0,0
0,1,2478,0,1472,899,107,0,223,149,18,1,0,0,0,1,0
0,4,5810,879,2845,2086,0,141,365,241,0,0,1,0,1,1,0
0,4,372,0,372,0,0,0,51,0,0,1,0,0,0,0,0
0,8,254,0,254,0,0,0,40,0,0,0,0,0,1,1,0
0,3,1899,672,937,290,0,96,121,42,0,0,1,0,1,0,0
0,6,2714,228,2486,0,0,32,314,0,0,0,1,0,0,0,0
0,1,1824,684,686,454,0,86,92,53,0,0,1,0,1,0,0
0,1,2620,860,446,635,679,121,48,78,102,0,1,0,1,1,0
0,2,5491,0,3201,2290,0,0,442,311,0,0,0,0,0,0,0
0,3,3197,406,2524,0,267,67,320,0,29,0,1,0,1,1,0
0,2,4810,699,563,2932,616,104,73,353,87,0,1,0,1,0,0
0,0,4164,699,1764,696,1005,104,230,87,136,0,1,0,1,0,0
0,1,522,53,314,136,19,10,23,18,3,0,1,0,1,1,0
0,4,3677,699,600,1823,555,104,88,252,95,0,1,0,1,0,0
0,1,2938,684,1543,711,0,86,203,103,0,0,1,0,1,0,0
0,0,3346,1461,927,720,238,211,134,105,25,1,1,0,1,0,0
1,1,1258,0,532,442,284,0,63,57,34,0,0,0,0,1,0
0,2,3405,509,1723,865,308,79,242,104,33,0,1,0,1,0,0
0,1,1792,399,412,890,91,67,44,111,10,0,1,0,1,0,0
0,1,2674,684,1276,714,0,86,158,86,0,0,1,0,1,0,0
0,1,3790,879,1439,785,687,141,203,108,106,0,1,0,1,0,0
0,1,2561,684,1163,714,0,86,143,86,0,0,1,0,1,0,0
0,1,2555,684,1180,691,0,86,150,81,0,0,1,0,1,0,0
0,5,1133,0,857,276,0,0,123,31,0,1,0,0,0,0,0
0,2,583,53,381,130,19,10,33,18,3,0,1,0,1,1,0
0,2,583,53,381,130,19,10,33,18,3,0,1,0,1,1,0
0,1,3010,684,1607,719,0,86,212,92,0,0,1,0,1,0,0
1,5,1652,0,1321,331,0,0,188,42,0,1,0,0,0,0,0
0,2,577,53,382,123,19,10,33,18,3,0,1,0,1,1,0
0,1,2870,684,1424,762,0,86,181,89,0,0,1,0,1,0,0
0,0,474,53,244,158,19,10,35,21,3,0,1,0,1,1,0
0,3,1705,583,779,343,0,82,98,46,0,1,1,0,1,0,0
0,7,1773,348,1425,0,0,60,226,0,0,0,1,0,1,1,0
0,1,522,53,314,136,19,10,23,18,3,0,1,0,1,1,0
0,1,2526,321,1375,771,59,46,192,93,7,0,1,0,1,0,0
0,5,1633,0,982,651,0,0,121,81,0,1,0,0,0,0,0
0,0,3149,355,1970,689,135,58,317,99,10,1,1,0,1,0,0
0,4,3098,529,1884,484,201,80,276,68,25,0,1,0,1,1,0
0,0,4681,1049,2429,846,357,151,329,104,51,0,1,0,1,1,0
0,7,2314,0,409,1905,0,0,63,242,0,0,0,0,0,0,0
0,1,1810,134,851,382,443,20,132,52,57,0,1,0,1,0,0
0,1,3084,1229,1246,528,81,179,179,60,11,0,1,0,1,0,0
0,2,2984,726,956,829,473,83,131,113,65,0,1,0,1,0,0
0,6,4657,1913,785,1959,0,293,90,219,0,0,1,0,1,1,0
0,6,958,0,733,225,0,0,105,30,0,1,0,0,0,0,0
0,5,936,452,484,0,0,80,72,0,0,0,1,0,1,1,0
0,0,477,53,247,158,19,10,37,21,3,0,1,0,1,1,0
0,4,1207,0,798,255,154,0,114,34,26,1,0,0,0,0,0
0,0,562,53,332,158,19,10,27,21,3,0,1,0,1,1,0
1,2,1277,0,1013,82,182,0,137,7,19,1,0,0,0,0,0
0,0,2708,535,1350,588,235,73,181,76,32,0,1,0,1,0,0
0,0,474,53,244,158,19,10,35,21,3,0,1,0,1,1,0
0,0,3462,1042,1269,470,681,178,196,73,109,0,1,0,1,1,0
0,1,3104,1441,1317,346,0,220,171,38,0,0,1,0,1,1,0
0,5,2769,879,887,1003,0,141,119,151,0,0,1,0,1,1,0
0,1,3553,684,1806,1063,0,86,238,134,0,0,1,0,1,0,0
0,0,562,53,332,158,19,10,27,21,3,0,1,0,1,1,0
0,2,3177,0,2024,1153,0,0,255,143,0,0,0,0,1,0,0
0,0,1405,312,491,387,215,49,75,47,32,1,1,0,1,1,0
0,2,1544,829,641,57,17,131,85,9,2,0,1,0,1,0,0
0,1,1507,829,591,70,17,131,96,10,2,0,1,0,1,1,0
0,0,2664,726,695,346,897,83,110,48,117,0,1,0,1,0,0
0,3,1369,0,796,573,0,0,108,52,0,0,0,0,0,0,0
0,2,859,0,474,385,0,0,84,57,0,1,0,0,0,0,0
0,4,2357,422,1503,309,123,68,215,38,14,0,1,0,1,0,0
0,5,2031,228,1803,0,0,32,257,0,0,0,1,0,0,0,0
0,1,2122,374,1324,424,0,65,198,46,0,0,1,0,1,0,0
0,0,5885,1344,2384,1198,959,222,351,184,164,0,1,0,1,0,0
0,0,4598,758,772,1082,1986,107,112,128,262,0,1,0,1,1,0
0,0,2789,849,678,1157,105,127,106,163,6,0,1,0,1,1,0
0,7,1485,0,680,805,0,0,87,94,0,0,0,0,0,1,0
0,4,5642,1745,2628,267,1002,269,415,40,143,0,1,0,1,1,0
0,0,2199,570,618,761,250,77,104,99,34,0,1,0,1,1,0
0,0,478,53,248,158,19,10,38,21,3,0,1,0,1,1,0
0,5,4777,229,3103,1445,0,33,447,232,0,0,1,0,1,0,0
0,2,5850,1708,2843,1299,0,290,499,197,0,0,1,0,1,1,0
0,0,2076,355,1334,318,69,52,231,48,8,1,1,0,1,0,0
0,1,2823,353,821,1096,553,44,119,173,89,1,1,0,1,1,0
1,0,2749,682,1043,835,189,103,163,113,31,0,1,0,1,1,0
0,1,3975,0,2779,715,481,0,391,101,75,0,0,0,0,0,0
0,2,1812,321,933,504,54,46,121,51,5,0,1,0,1,0,0
0,4,2699,487,1166,651,395,67,157,91,49,0,1,0,1,0,0
0,0,3999,1049,1846,746,358,151,238,93,51,0,1,0,1,1,0
0,2,586,53,384,130,19,10,34,18,3,0,1,0,1,1,0
0,6,2328,242,1793,293,0,35,247,37,0,0,1,0,1,0,0
0,4,3069,421,1784,864,0,56,255,118,0,0,1,0,1,0,0
0,0,477,53,247,158,19,10,37,21,3,0,1,0,1,1,0
0,0,6389,2065,2381,1254,689,333,367,170,90,1,1,0,1,1,0
0,2,583,53,381,130,19,10,33,18,3,0,1,0,1,1,0
0,4,1342,257,557,528,0,36,72,79,0,0,1,0,1,1,0
0,1,1507,505,508,426,68,79,67,53,8,0,1,0,1,1,0
0,0,474,53,244,158,19,10,35,21,3,0,1,0,1,1,0
0,0,2219,422,813,564,420,53,112,63,53,0,1,0,1,1,0
0,0,562,53,332,158,19,10,27,21,3,0,1,0,1,1,0
0,0,3317,1230,1185,596,306,181,185,81,39,0,1,0,1,0,0
0,0,554,53,324,158,19,10,25,21,3,0,1,0,1,1,0
0,0,474,53,244,158,19,10,35,21,3,0,1,0,1,1,0
0,2,3332,343,2305,684,0,56,326,91,0,1,1,0,1,0,1
0,1,6715,793,4445,1477,0,116,642,181,0,1,1,0,1,1,0
1,0,3228,1050,1174,939,65,155,187,134,7,0,1,0,1,1,0
0,2,1550,480,502,282,286,69,70,39,39,0,1,0,1,0,0
0,1,4036,879,2680,477,0,141,357,56,0,0,1,0,1,1,0
0,2,3024,898,1239,525,362,134,186,69,49,0,1,0,1,1,0
0,1,3745,785,1865,1095,0,127,249,143,0,1,1,0,1,1,0
0,6,940,228,712,0,0,32,86,0,0,0,1,0,0,0,0
0,6,3615,601,3014,0,0,91,408,0,0,0,1,0,1,0,0
0,1,2518,1557,525,323,113,230,89,38,9,0,1,0,1,1,0
0,0,474,53,244,158,19,10,35,21,3,0,1,0,1,1,0
0,0,3237,717,1506,548,466,120,200,69,67,0,1,0,1,1,0
0,0,2370,769,707,447,447,112,81,54,64,0,1,0,1,0,0
0,1,3519,684,1374,1461,0,86,169,183,0,0,1,0,1,0,0
0,0,3761,717,2018,560,466,120,254,64,67,0,1,0,1,1,0
0,0,2563,695,1112,377,379,120,176,63,66,0,1,0,1,1,0
0,1,2624,684,1226,714,0,86,150,86,0,0,1,0,1,0,0
1,1,3120,1349,854,917,0,206,126,131,0,0,1,0,1,0,0
0,1,6488,1708,3058,771,951,290,507,131,171,0,1,0,1,1,0
0,1,1948,699,954,295,0,97,139,40,0,0,1,0,1,0,0
0,0,474,53,244,158,19,10,35,21,3,0,1,0,1,1,0
0,1,2689,684,1111,894,0,86,140,114,0,0,1,0,1,0,0
0,0,1740,829,855,34,22,131,134,5,3,0,1,0,1,1,0
0,1,2860,684,1671,505,0,86,215,54,0,0,1,0,1,0,0
0,1,4269,707,1031,753,1778,105,155,108,248,0,1,0,1,0,0
0,4,2271,717,763,240,551,120,110,32,69,0,1,0,1,1,0
0,1,1932,684,747,270,231,93,125,36,28,0,1,0,1,0,0
0,2,1853,463,658,449,283,67,91,60,36,0,1,0,1,0,0
0,0,5344,365,863,3815,301,54,130,534,42,1,1,0,1,1,0
0,0,4071,379,1810,514,1368,57,280,69,200,0,1,0,1,0,1
0,0,3616,1042,1020,858,696,178,159,125,111,1,1,0,1,1,0
0,2,2784,343,1758,683,0,56,240,91,0,1,1,0,1,0,1
0,2,1240,829,395,16,0,131,52,2,0,0,1,0,1,1,0
0,0,2986,717,1375,428,466,120,181,52,67,0,1,0,1,1,0
0,2,911,81,830,0,0,14,116,0,0,0,1,0,0,0,0
0,0,3929,1611,1689,328,301,251,256,45,41,1,1,0,1,0,0
0,1,2318,684,1013,621,0,86,134,76,0,0,1,0,1,0,0
0,6,2503,676,724,1103,0,102,93,157,0,0,1,0,1,0,1
0,2,554,53,332,150,19,10,28,20,3,0,1,0,1,0,0
0,6,2503,676,724,1103,0,102,93,157,0,0,1,1,1,0,1
1,1,4737,1252,1970,1421,94,198,304,190,14,0,1,0,1,1,0
0,1,2478,0,1481,899,98,0,224,149,17,1,0,0,0,0,0
0,2,4092,649,968,2475,0,98,142,333,0,0,1,0,1,0,0
0,2,2416,345,528,834,709,53,72,102,108,0,1,0,1,1,0
0,6,2069,676,815,578,0,102,111,73,0,0,1,0,1,0,1
0,6,1055,228,827,0,0,32,117,0,0,0,1,0,0,0,0
0,2,2693,702,1034,957,0,100,141,123,0,0,1,0,1,1,0
0,0,474,53,244,158,19,10,35,21,3,0,1,0,1,1,0
0,1,1424,577,547,94,206,90,73,12,24,1,1,0,1,1,0
0,2,1970,832,1138,0,0,132,170,0,0,1,1,0,0,0,0
0,1,1430,380,647,163,240,64,95,23,26,0,1,0,1,1,0
0,0,2759,1264,978,367,150,216,142,50,19,1,1,0,1,1,0
0,1,4092,379,1368,880,1465,57,185,128,189,0,1,0,1,1,1
0,0,1958,1018,715,191,34,141,120,30,4,0,1,0,1,0,0
0,0,3715,717,2267,265,466,120,293,33,67,0,1,0,1,1,0
0,0,3274,1341,859,653,421,199,115,89,61,0,1,0,1,1,0
0,1,4385,379,3493,513,0,57,534,68,0,0,1,0,1,1,1
0,2,586,53,384,130,19,10,34,18,3,0,1,0,1,1,0
0,0,2624,379,954,466,825,57,123,54,118,0,1,0,1,1,1
0,5,1473,228,1245,0,0,32,177,0,0,0,1,0,0,0,0
0,1,522,53,314,136,19,10,23,18,3,0,1,0,1,1,0
0,2,1277,70,1207,0,0,1,163,0,0,0,1,0,1,0,0
0,0,474,53,244,158,19,10,35,21,3,0,1,0,1,1,0
0,1,3221,1628,1538,31,24,207,207,3,3,1,1,0,1,1,0
0,1,1753,829,852,56,16,131,125,9,2,0,1,0,1,0,0
1,2,2146,0,1463,400,283,0,231,51,46,1,0,0,0,0,0
0,1,2918,673,788,1457,0,97,119,234,0,0,1,0,1,0,0
0,3,464,0,248,213,3,0,34,27,1,0,0,0,0,1,0
0,5,586,0,278,194,114,0,42,23,22,0,0,0,0,1,0
0,7,1314,433,881,0,0,48,152,0,0,0,1,1,1,1,0
0,0,1812,321,933,504,54,46,121,51,5,0,1,0,1,0,0
0,6,3615,885,1807,923,0,141,267,143,0,0,1,1,1,0,0
0,4,2921,320,901,1412,288,52,136,187,53,0,1,0,1,0,0
0,0,1889,1388,379,91,31,192,54,12,5,1,1,0,1,0,0
0,0,3662,1025,1175,469,993,148,162,62,127,0,1,0,1,1,0
0,2,3371,539,2832,0,0,81,390,0,0,0,1,0,1,1,0
0,0,2568,592,1317,512,147,86,183,56,18,0,1,0,1,0,0
0,0,3521,827,592,1630,472,137,89,235,64,0,1,0,1,0,0
0,5,1423,672,590,161,0,96,97,20,0,0,1,0,1,1,0
1,6,3717,0,1972,555,1190,0,295,80,175,0,0,0,0,1,1
0,6,2308,0,1588,720,0,0,213,86,0,0,0,0,1,0,0
0,0,474,53,244,158,19,10,35,21,3,0,1,0,1,1,0
0,0,5286,2676,1285,1078,247,392,162,128,30,0,1,0,1,1,0
0,7,1534,829,705,0,0,131,98,0,0,0,1,0,1,0,0
0,1,365,53,157,136,19,10,20,18,3,0,1,0,1,1,0
0,0,8055,1005,5538,1104,408,175,729,138,60,0,1,0,1,1,0
0,0,2149,717,691,409,332,120,102,50,52,0,1,0,1,1,0
0,3,3092,1064,2028,0,0,155,290,0,0,1,1,0,1,1,0
0,1,365,53,157,136,19,10,20,18,3,0,1,0,1,1,0
0,0,3274,1341,859,653,421,199,115,89,61,0,1,0,1,1,0
0,2,1843,0,1136,425,282,0,158,60,34,0,0,0,1,1,0
0,0,5024,1251,749,954,2070,201,118,133,298,1,1,0,1,0,0
0,0,474,53,244,158,19,10,35,21,3,0,1,0,1,1,0
0,0,474,53,244,158,19,10,35,21,3,0,1,0,1,1,0
0,1,2987,897,1613,171,306,157,248,21,41,0,1,0,1,0,0
0,1,4206,879,2360,967,0,141,288,114,0,0,1,0,1,1,0
0,5,3904,1247,2099,558,0,192,295,77,0,0,1,0,1,0,0
0,0,2416,651,1149,331,285,107,165,52,41,0,1,0,1,0,0
0,0,3593,726,988,983,896,83,149,130,117,0,1,0,1,0,0
0,1,4920,904,2477,815,724,127,322,94,121,1,1,0,1,1,0
0,0,3215,422,1630,695,468,53,218,61,60,1,1,0,1,1,0
0,0,2529,588,1699,94,148,96,233,13,21,0,1,0,1,0,0
0,0,2501,717,773,545,466,120,112,70,67,0,1,0,1,1,0
0,1,3025,1557,834,509,125,230,114,66,10,0,1,0,1,0,0
0,0,3478,857,1612,610,399,121,219,82,62,0,1,0,1,0,0
0,6,1875,511,1097,267,0,73,154,35,0,0,1,0,1,1,0
0,0,2326,717,697,641,271,120,96,82,41,0,1,0,1,1,0
0,1,3053,606,1886,435,126,90,266,55,17,0,1,0,1,1,0
0,0,2500,643,1249,473,135,99,212,62,18,0,1,0,1,1,0
1,0,2189,645,404,461,679,94,65,56,110,0,1,1,1,0,0
0,7,1726,433,1293,0,0,48,189,0,0,0,1,1,1,1,0
0,0,1647,1042,86,369,150,144,12,49,24,0,1,0,1,1,0
0,0,2295,408,1106,651,130,53,159,86,20,1,1,0,1,1,0
0,1,5565,2676,1653,1032,204,392,206,141,29,0,1,0,1,0,0
0,0,5863,1344,2032,2170,317,222,296,307,37,1,1,0,1,0,0
0,0,2514,717,786,545,466,120,114,70,67,0,1,0,1,1,0
0,0,2286,717,702,401,466,120,101,50,67,0,1,0,1,1,0
0,0,1488,829,577,65,17,131,87,9,2,0,1,0,1,1,0
0,2,6209,1708,2452,2049,0,290,422,312,0,0,1,0,1,1,0
0,2,1837,0,875,962,0,0,138,114,0,1,0,0,0,1,0
0,0,2369,1394,231,417,327,216,27,44,55,1,1,0,1,1,0
0,0,2450,717,919,543,271,120,129,72,41,0,1,0,1,1,0
0,1,2183,377,1319,487,0,60,178,52,0,0,1,0,1,0,0
0,1,4460,251,3085,892,232,52,394,121,36,0,1,0,1,0,0
0,0,1629,243,1038,193,155,34,133,18,20,0,1,0,1,1,0
0,2,2318,693,883,673,69,109,136,106,9,0,1,0,1,1,0
0,0,474,53,244,158,19,10,35,21,3,0,1,0,1,1,0
0,1,1123,0,540,479,104,0,83,61,15,0,0,0,0,0,0
0,1,3199,651,1231,577,740,107,172,68,102,0,1,0,1,1,0
0,0,4054,717,2194,872,271,120,290,109,41,0,1,0,1,1,0
0,6,956,228,728,0,0,32,91,0,0,0,1,0,0,0,0
0,6,2123,0,1915,208,0,0,231,15,0,0,0,0,1,0,0
0,2,1666,583,798,170,115,82,114,22,17,1,1,0,1,0,0
0,4,2314,717,564,762,271,120,75,90,41,0,1,0,1,1,0
0,1,1219,0,622,406,191,0,87,58,23,0,0,0,0,0,0
0,0,474,53,244,158,19,10,35,21,3,0,1,0,1,1,0
0,3,4519,0,4519,0,0,0,565,0,0,0,0,0,0,0,0
0,2,4302,2301,524,444,1033,320,74,68,158,0,1,0,1,0,0
0,2,1502,829,586,70,17,131,86,10,2,0,1,0,1,1,0
0,1,838,228,159,451,0,32,17,62,0,0,1,0,0,0,0
0,0,3130,717,1519,428,466,120,198,52,67,0,1,0,1,1,0
0,1,4450,421,2288,1405,336,56,320,187,43,0,1,0,1,0,0
0,3,2357,0,416,1175,766,0,61,167,101,0,0,0,1,0,0
0,0,2997,717,1240,769,271,120,175,92,41,0,1,0,1,1,0
1,1,3110,685,1164,921,340,102,189,155,51,0,1,0,1,0,0
0,5,3489,134,1917,1152,286,20,307,154,53,0,1,0,1,0,0
0,2,4997,1404,1390,1840,363,224,192,240,46,0,1,0,1,1,0
0,1,2683,684,1221,778,0,86,151,93,0,0,1,0,1,0,0
0,0,5197,2480,999,621,1097,298,122,79,147,0,1,0,1,1,0
0,2,1545,929,259,357,0,132,40,41,0,0,1,0,1,0,0
0,2,2472,0,1221,536,715,0,172,84,92,0,0,0,0,0,0
0,1,4141,902,1578,830,831,146,243,98,99,0,1,0,1,0,0
0,0,3737,717,2157,397,466,120,287,49,67,0,1,0,1,1,0
0,0,2793,717,912,893,271,120,126,108,41,0,1,0,1,1,0
0,0,474,53,244,158,19,10,35,21,3,0,1,0,1,1,0
0,2,3644,879,2088,677,0,141,256,86,0,1,1,0,1,1,0
0,1,2407,0,1000,1049,358,0,137,153,43,1,0,0,0,1,0
0,2,1751,0,775,976,0,0,107,110,0,0,0,0,0,1,0
0,1,1736,829,855,31,21,131,134,5,4,0,1,0,1,1,0
0,1,4190,536,2232,1168,254,88,331,171,40,0,1,0,1,1,0
0,4,1756,163,944,649,0,24,153,89,0,0,1,0,1,0,0
0,4,1846,324,692,506,324,47,93,63,47,0,1,0,1,1,0
0,4,1528,244,518,476,290,32,72,58,48,0,1,0,1,0,0
0,1,1507,829,591,70,17,131,96,10,2,0,1,0,1,1,0
0,0,1797,505,517,610,165,79,66,82,21,0,1,0,1,1,0
0,0,2762,79,671,1535,477,12,117,251,79,0,1,0,1,1,0
0,1,2493,133,2115,245,0,19,347,33,0,1,1,0,1,1,0
0,7,1156,433,723,0,0,48,110,0,0,0,1,1,1,1,0
0,0,3177,717,1512,482,466,120,227,60,67,0,1,0,1,1,0
0,1,3591,651,1446,966,528,107,206,104,77,0,1,0,1,1,0
0,4,2224,717,845,196,466,120,110,29,67,0,1,0,1,1,0
0,0,5858,1402,1731,1994,731,182,243,255,110,0,1,0,1,0,0
0,0,3574,1286,852,987,449,153,111,143,55,0,1,0,1,1,0
0,0,2871,717,1090,793,271,120,156,100,41,0,1,0,1,1,0
0,5,1684,1392,292,0,0,209,54,0,0,0,1,0,1,1,0
0,0,2524,330,1167,777,250,51,167,112,35,0,1,0,1,1,0
0,0,3782,1025,1787,434,536,148,217,58,81,0,1,0,1,0,0
0,5,1687,1392,295,0,0,209,45,0,0,0,1,0,1,0,0
0,0,3019,744,1392,763,120,122,196,98,18,0,1,0,1,1,0
0,2,6759,1185,1595,385,3594,178,210,51,511,0,1,0,1,1,0
0,4,2903,0,2903,0,0,0,383,0,0,0,0,0,0,0,0
0,0,4380,1461,1769,925,225,211,252,119,22,1,1,0,1,0,0
0,6,2384,703,772,909,0,94,125,136,0,0,1,1,1,1,0
0,1,691,0,456,160,75,0,68,19,12,0,0,0,0,0,0
0,2,4367,0,3278,1089,0,0,528,143,0,0,0,0,1,0,0
0,2,583,53,381,130,19,10,33,18,3,0,1,0,1,1,0
0,5,3012,1247,1616,149,0,192,237,22,0,0,1,0,1,0,0
0,3,3529,1385,1942,202,0,216,260,29,0,0,1,0,1,0,0
0,0,5282,2676,1501,842,263,392,203,100,40,0,1,0,1,0,0
0,0,2420,592,469,1207,152,86,71,154,19,0,1,0,1,0,0
0,0,2799,694,1410,606,89,105,187,80,11,1,1,0,1,0,0
0,2,554,53,332,150,19,10,28,20,3,0,1,0,1,0,0
0,3,4604,702,2197,1064,641,110,338,181,94,0,1,0,1,0,0
0,3,3213,1025,528,321,1339,148,61,45,169,0,1,0,1,0,0
0,3,3992,1628,2088,227,49,207,269,30,8,0,1,0,1,1,0
0,6,957,333,375,249,0,47,52,26,0,0,1,0,1,0,0
0,6,1212,0,759,453,0,0,96,60,0,1,0,0,0,0,0
0,3,5162,2206,1055,1861,40,350,177,276,8,0,1,0,1,1,0
0,4,3353,0,2705,410,238,0,369,57,36,0,0,0,0,0,1
0,7,1639,433,1206,0,0,48,171,0,0,0,1,1,1,1,0
0,4,2899,1179,856,654,210,199,122,100,34,0,1,0,1,0,0
0,0,3204,1441,1165,299,299,220,155,38,38,0,1,0,1,1,0
0,0,3197,726,826,760,885,83,122,106,116,0,1,0,1,0,0
0,2,2847,0,1238,1609,0,0,172,196,0,0,0,0,0,0,0
0,0,5034,765,2431,1119,719,76,299,145,93,1,1,0,1,1,1
0,2,1379,0,1141,238,0,0,155,27,0,1,0,0,0,1,0
1,1,2974,1344,687,943,0,222,109,144,0,1,1,0,1,0,0
0,2,1751,0,1055,696,0,0,160,103,0,1,0,0,1,0,0
0,4,1496,0,1496,0,0,0,210,0,0,1,0,0,0,0,0
0,0,3196,357,1047,993,799,57,161,131,119,0,1,0,1,0,0
0,3,4302,1562,524,654,1562,249,79,68,249,0,1,0,1,0,0
0,0,2728,549,882,546,751,87,147,100,131,1,1,0,1,1,0
0,0,6389,2065,2381,1254,689,333,367,170,90,1,1,0,1,1,0
0,0,2338,1050,631,533,124,155,89,47,8,1,1,0,1,0,0
0,0,2426,707,490,1023,206,111,79,119,37,0,1,0,1,1,0
0,4,5463,0,3975,1364,124,0,493,184,18,0,0,0,1,1,0
0,4,2487,1628,396,463,0,207,43,53,0,0,1,0,1,1,0
0,0,3230,694,1506,878,152,105,209,122,19,1,1,0,1,0,0
0,3,1069,0,877,192,0,0,120,25,0,0,0,0,1,0,0
0,2,3342,879,1884,558,21,141,243,68,2,0,1,0,1,1,0
0,1,2596,684,1217,695,0,86,150,85,0,0,1,0,1,0,0
0,1,1514,829,598,70,17,131,93,10,2,0,1,0,1,1,0
0,5,1934,634,536,549,215,100,90,67,32,0,1,0,1,0,0
0,2,583,53,381,130,19,10,33,18,3,0,1,0,1,1,0
0,2,2798,741,1140,636,281,111,186,83,33,0,1,0,1,1,0
1,1,6934,1252,2576,2990,116,198,378,386,18,0,1,0,1,1,0
0,5,3058,353,836,806,1063,46,118,115,151,0,1,1,1,0,0
0,1,3415,684,1889,842,0,86,230,102,0,0,1,0,1,0,0
0,0,6387,2065,2379,1254,689,333,367,170,90,1,1,0,1,1,0
0,2,1500,829,613,41,17,131,94,6,2,0,1,0,1,1,0
0,5,1801,651,474,524,152,107,67,70,24,0,1,0,1,1,0
0,1,2977,0,2280,509,188,0,311,61,26,1,0,0,0,0,0
0,5,3872,1110,1498,650,614,158,212,76,77,0,1,0,1,1,0
0,0,5230,461,2890,1798,81,65,395,243,10,0,1,0,1,1,0
0,3,4415,702,1583,592,1538,110,228,91,227,0,1,0,1,0,0
0,8,6178,0,6178,0,0,0,910,0,0,0,0,0,0,0,0
0,7,1594,433,1161,0,0,48,183,0,0,0,1,1,1,1,0
0,2,4570,649,742,3179,0,98,111,413,0,0,1,0,1,0,0
0,1,2049,684,713,652,0,86,88,76,0,0,1,0,1,0,0
0,5,1102,333,450,319,0,47,63,47,0,0,1,0,1,0,0
0,0,3289,553,1652,756,328,82,255,113,49,1,1,0,1,1,0
0,2,583,53,381,130,19,10,33,18,3,0,1,0,1,1,0
1,5,1350,506,533,170,141,65,85,23,22,0,1,1,1,1,0
0,0,3691,1181,1048,470,992,156,133,62,116,0,1,0,1,0,0
0,0,474,53,244,158,19,10,35,21,3,0,1,0,1,1,0
0,4,2797,1298,1499,0,0,203,255,0,0,0,1,0,1,0,0
1,3,1343,0,1260,83,0,0,159,8,0,1,0,0,0,0,0
0,1,2130,447,389,1294,0,72,70,187,0,0,1,0,1,0,0
1,1,2416,807,1346,263,0,124,195,35,0,1,1,0,1,0,0
0,0,1620,829,704,70,17,131,109,10,2,0,1,0,1,1,0
0,0,3927,1465,1832,407,223,230,290,59,36,0,1,0,1,1,0
0,1,5459,684,3273,1502,0,86,439,197,0,0,1,0,1,0,0
0,4,2299,352,1216,731,0,52,177,92,0,0,1,0,1,0,0
0,6,2230,723,1109,398,0,118,153,51,0,0,1,0,1,0,0
0,6,221,0,221,0,0,0,30,0,0,0,0,0,0,0,0
0,0,3301,651,1331,678,641,107,186,83,89,0,1,0,1,1,0
0,1,3284,1441,1047,796,0,220,131,108,0,0,1,0,1,1,0
0,0,1516,829,600,70,17,131,88,10,2,0,1,0,1,1,0
0,0,4412,708,1962,553,1189,114,292,79,174,0,1,0,1,1,0
0,2,583,53,381,130,19,10,33,18,3,0,1,0,1,1,0
0,1,2318,684,1013,621,0,86,134,76,0,0,1,0,1,0,0
0,1,2511,251,804,751,705,52,127,97,110,0,1,0,1,0,0
0,5,2801,156,2077,450,118,24,295,55,15,0,1,0,1,0,0
0,2,583,53,381,130,19,10,33,18,3,0,1,0,1,1,0
0,2,583,53,381,130,19,10,33,18,3,0,1,0,1,1,0
0,2,1843,570,623,512,138,77,102,86,20,0,1,0,1,1,0
0,0,2379,1187,630,400,162,180,99,68,27,0,1,0,1,1,0
0,4,234,0,97,137,0,0,14,22,0,0,0,0,0,0,0
0,6,2886,0,2195,691,0,0,260,90,0,0,0,0,1,0,0
0,3,3423,1208,2215,0,0,155,328,0,0,0,1,0,1,1,0
0,7,2166,244,1922,0,0,32,323,0,0,0,1,0,1,0,0
0,5,2202,885,1006,311,0,141,146,49,0,0,1,0,1,0,0
0,1,4848,554,2394,1900,0,88,329,239,0,0,1,0,1,1,0
0,0,2557,688,1141,506,222,111,183,64,35,1,1,0,1,1,0
0,3,885,464,421,0,0,71,49,0,0,0,1,0,1,0,0
0,0,4230,688,1819,1296,427,111,264,194,67,1,1,0,1,1,0
0,0,2622,683,917,772,250,124,123,121,34,1,1,0,1,0,0
0,2,1283,175,838,0,270,29,124,0,44,0,1,0,1,1,0
0,3,4604,702,2197,1064,641,110,338,181,94,0,1,0,1,0,0
0,0,1443,312,442,504,185,49,68,59,28,1,1,0,1,1,0
0,2,2853,1050,938,615,250,155,111,82,37,0,1,0,1,1,0
0,1,2759,509,1246,651,353,79,181,91,47,0,1,0,1,0,0
0,0,2955,1067,720,599,569,165,108,91,83,1,1,0,1,1,0
0,0,477,53,247,158,19,10,37,21,3,0,1,0,1,1,0
0,6,2864,310,2410,0,144,53,358,0,26,0,1,0,1,0,0
0,2,583,53,381,130,19,10,33,18,3,0,1,0,1,1,0
0,3,2074,0,1643,431,0,0,242,62,0,0,0,0,1,1,0
0,1,2400,684,975,741,0,86,125,99,0,0,1,0,1,0,0
0,4,2887,643,1349,895,0,99,225,132,0,1,1,0,1,0,0
0,2,1603,829,701,56,17,131,94,9,2,0,1,0,1,0,0
0,1,2308,485,1097,425,301,75,162,44,36,0,1,0,1,0,0
0,0,3209,549,1374,527,759,87,194,66,133,0,1,0,1,0,0
0,0,474,53,244,158,19,10,35,21,3,0,1,0,1,1,0
0,1,2536,465,854,595,622,70,128,78,104,0,1,0,1,0,0
0,1,4338,449,2709,1180,0,68,389,139,0,0,1,0,1,1,0
0,2,583,53,381,130,19,10,33,18,3,0,1,0,1,1,0
0,1,1584,829,674,64,17,131,100,9,2,0,1,0,1,1,0
0,3,4377,0,3465,673,239,0,489,83,37,0,0,0,0,0,1
0,0,2777,345,1267,457,708,53,191,55,109,0,1,0,1,1,0
0,0,4686,1449,694,1691,852,210,105,228,121,0,1,0,1,1,0
0,2,2225,1050,519,656,0,155,68,97,0,0,1,0,1,1,0
0,6,5648,601,5047,0,0,91,650,0,0,0,1,0,1,0,0
0,2,2311,252,153,1906,0,41,24,251,0,0,1,0,1,0,0
0,5,5175,1594,3581,0,0,270,553,0,0,0,1,0,1,1,0
0,7,3263,0,2283,980,0,0,303,126,0,0,0,0,1,0,0
0,1,5175,1817,1211,1058,1089,308,197,136,191,0,1,0,1,1,0
0,1,1483,829,567,70,17,131,84,10,2,0,1,0,1,1,0
0,7,942,227,715,0,0,35,114,0,0,0,1,0,1,0,0
0,3,3358,878,1961,433,86,140,261,50,11,0,1,0,1,0,0
0,3,2097,0,1538,559,0,0,242,85,0,0,0,0,1,1,0
0,1,3004,684,1378,942,0,86,176,105,0,0,1,0,1,0,0
0,0,5174,1251,924,848,2151,201,134,111,307,1,1,0,1,0,0
0,5,4950,878,3440,632,0,140,501,95,0,0,1,0,1,1,0
0,5,3697,913,1447,838,499,75,202,97,67,0,1,0,1,0,0
0,1,1530,829,614,70,17,131,95,10,2,0,1,0,1,1,0
0,0,3959,694,2267,805,193,105,354,94,26,0,1,0,1,0,0
0,0,2363,229,837,845,452,33,121,112,68,0,1,0,1,1,0
0,2,583,53,381,130,19,10,33,18,3,0,1,0,1,1,0
0,6,2155,1913,147,95,0,293,25,16,0,0,1,0,1,1,0
0,1,4589,1057,926,964,1642,125,136,124,232,0,1,0,1,1,0
0,1,1879,0,539,1002,338,0,83,138,51,0,0,0,1,1,0
0,0,474,53,244,158,19,10,35,21,3,0,1,0,1,1,0
0,0,4805,1376,721,1728,980,226,103,259,148,0,1,0,1,1,0
0,1,1502,829,586,70,17,131,86,10,2,0,1,0,1,1,0
0,1,1584,829,674,64,17,131,100,9,2,0,1,0,1,1,0
0,0,2096,849,683,332,232,127,100,52,25,1,1,0,1,1,0
0,1,5508,2065,1734,1020,689,333,268,143,90,1,1,0,1,1,0
0,2,554,53,332,150,19,10,28,20,3,0,1,0,1,0,0
0,7,1212,433,779,0,0,48,132,0,0,0,1,1,1,1,0
0,0,4184,844,1873,995,472,117,281,123,56,0,1,0,1,1,0
0,0,2176,552,682,515,427,71,94,76,62,0,1,0,1,0,0
0,2,1592,651,216,295,430,107,29,39,62,0,1,0,1,1,0
0,0,1925,603,839,367,116,94,138,43,16,0,1,0,1,1,0
0,1,579,233,280,66,0,33,36,3,0,0,1,0,1,0,0
0,2,1753,900,267,586,0,132,38,80,0,1,1,0,1,1,0
0,0,1963,1050,591,205,117,155,81,25,18,0,1,0,1,1,0
0,0,1618,829,702,70,17,131,109,10,2,0,1,0,1,1,0
1,0,2820,76,1843,435,466,14,279,75,79,0,1,0,1,1,0
0,2,1500,829,613,41,17,131,94,6,2,0,1,0,1,1,0
0,2,2226,862,588,776,0,133,89,95,0,1,1,0,1,0,0
1,3,2319,778,453,1057,31,100,77,116,7,0,1,0,1,0,0
0,2,562,53,332,158,19,10,28,21,3,0,1,0,1,0,0
0,1,2384,684,986,714,0,86,121,86,0,0,1,0,1,0,0
1,0,5470,788,1600,2892,190,135,266,403,23,0,1,0,1,1,0
0,3,2444,0,721,1723,0,0,120,230,0,0,0,1,0,0,0
0,0,465,53,235,158,19,10,37,21,3,0,1,0,1,1,0
0,1,2686,684,1276,726,0,86,158,91,0,0,1,0,1,0,0
0,5,3801,0,2879,573,349,0,411,73,53,0,0,0,1,0,0
0,1,1398,1050,164,184,0,155,23,27,0,0,1,0,1,0,0
0,2,2466,0,1948,362,156,0,286,44,21,0,0,0,1,1,0
0,0,562,53,332,158,19,10,27,21,3,0,1,0,1,1,0
0,0,2864,781,1403,259,421,109,201,25,62,1,1,0,1,0,0
0,2,4874,606,2336,940,992,77,295,117,156,0,1,0,1,0,0
0,1,1194,0,515,267,412,0,77,32,56,0,0,0,1,1,0
0,4,2516,310,1074,805,327,53,167,111,59,0,1,0,1,0,0
0,0,2725,570,1320,546,289,77,210,83,47,0,1,0,1,1,0
0,7,3734,1410,2324,0,0,215,323,0,0,0,1,0,1,0,0
0,1,2627,684,1007,936,0,86,129,121,0,0,1,0,1,0,0
0,4,1971,693,834,375,69,109,126,44,9,0,1,0,1,1,0
0,1,2952,684,1442,826,0,86,181,100,0,0,1,0,1,0,0
0,1,2867,1043,764,1060,0,175,122,131,0,1,1,0,1,0,0
1,0,1446,875,389,82,100,130,46,9,13,1,1,0,1,0,0
0,0,562,53,332,158,19,10,27,21,3,0,1,0,1,1,0
0,5,2486,844,1324,318,0,125,189,41,0,0,1,0,1,0,0
0,0,477,53,247,158,19,10,37,21,3,0,1,0,1,1,0
0,7,3268,1410,1858,0,0,215,283,0,0,0,1,0,1,0,0
0,0,3593,1042,1189,666,696,178,173,107,111,0,1,0,1,1,0
0,1,6334,1708,2635,1291,700,290,473,205,134,0,1,0,1,1,0
1,0,2181,333,844,822,182,48,117,118,20,0,1,0,1,0,0
0,2,3143,702,1293,914,234,110,177,127,27,0,1,0,1,0,0
0,2,583,53,381,130,19,10,33,18,3,0,1,0,1,1,0
1,7,727,0,391,336,0,0,58,47,0,0,0,0,1,0,0
0,2,583,53,381,130,19,10,33,18,3,0,1,0,1,1,0
1,1,4737,1252,1970,1421,94,198,304,190,14,0,1,0,1,1,0
0,2,562,53,332,158,19,10,28,21,3,0,1,0,1,0,0
0,0,1664,472,415,241,536,72,60,39,67,1,1,0,1,0,0
0,1,2549,684,1224,641,0,86,150,76,0,0,1,0,1,0,0
0,0,2438,1344,873,99,122,222,107,8,18,1,1,0,1,0,0
0,6,1160,228,932,0,0,32,129,0,0,0,1,0,0,0,0
0,1,3161,522,716,1923,0,95,106,271,0,0,1,0,1,0,0
0,1,4120,1687,1848,585,0,247,256,80,0,0,1,0,1,0,0
0,2,1547,829,632,70,16,131,94,10,2,0,1,0,1,1,0
0,0,3548,1344,1169,547,488,222,170,86,70,1,1,0,1,0,0
0,1,1581,829,665,70,17,131,98,10,2,0,1,0,1,1,0
0,0,5545,1239,2981,919,406,110,313,114,54,0,1,0,1,0,0
0,0,3559,996,1521,930,112,158,214,115,16,0,1,0,1,0,0
0,3,3796,695,1092,1192,817,120,161,186,138,0,1,0,1,1,0
0,0,1727,1042,124,403,158,144,19,51,24,0,1,0,1,1,0
0,0,6129,351,3225,1620,933,48,443,209,115,0,1,0,1,1,0
0,0,2662,465,1303,445,449,70,191,65,74,0,1,0,1,0,0
0,5,2641,1410,371,606,254,215,61,95,31,0,1,0,1,0,0
0,2,1283,175,838,0,270,29,124,0,44,0,1,0,1,1,0
0,1,522,53,314,136,19,10,23,18,3,0,1,0,1,1,0
0,1,2535,684,1225,626,0,86,150,75,0,0,1,0,1,0,0
0,2,583,53,381,130,19,10,33,18,3,0,1,0,1,1,0
0,1,2981,588,1920,473,0,96,265,57,0,0,1,0,1,0,0
0,1,2839,684,1291,864,0,86,165,101,0,0,1,0,1,0,0
0,1,4062,1073,1590,311,1088,154,209,44,169,0,1,0,1,0,0
0,3,718,464,254,0,0,71,33,0,0,0,1,0,1,0,0
0,0,4412,717,2884,345,466,120,378,42,67,0,1,0,1,1,0
0,3,1507,829,571,91,16,131,80,15,2,0,1,0,1,0,0
0,3,4698,702,1623,1261,1112,110,239,177,157,0,1,0,1,0,0
0,0,2166,105,665,733,663,16,92,120,98,0,1,0,1,0,0
0,5,2902,0,1238,1664,0,0,176,229,0,0,0,0,1,0,0
0,2,583,53,381,130,19,10,33,18,3,0,1,0,1,1,0
0,2,674,53,472,130,19,10,48,18,3,0,1,0,1,1,0
0,6,5373,0,1756,3617,0,0,297,605,0,0,0,0,1,1,0
0,1,2644,684,1246,714,0,86,152,86,0,0,1,0,1,0,0
0,0,3887,730,1461,393,1303,116,229,47,204,0,1,0,1,0,0
0,6,1413,228,1185,0,0,32,148,0,0,0,1,0,0,0,0
0,0,3274,726,1044,607,897,83,154,78,117,0,1,0,1,0,0
0,1,1117,427,313,260,117,76,49,34,16,0,1,0,1,0,0
0,0,3310,708,2004,319,279,118,313,51,43,0,1,0,1,0,0
0,3,4445,467,2603,1375,0,73,351,181,0,0,1,0,1,1,0
0,1,2719,433,1117,487,682,63,169,84,106,0,1,0,1,1,0
0,2,7853,2419,1627,3807,0,377,235,482,0,1,1,0,1,1,0
0,3,5004,559,2248,2197,0,82,351,276,0,0,1,0,1,1,0
0,0,2004,445,825,487,247,66,114,76,41,0,1,0,1,1,0
0,1,2711,763,1135,290,523,130,164,30,87,0,1,0,1,0,0
0,3,2206,666,956,584,0,59,127,84,0,0,1,0,1,1,0
0,5,2946,702,647,800,797,110,109,92,116,0,1,0,1,0,0
0,5,2953,508,1739,423,283,65,268,57,45,0,1,0,1,0,0
0,2,3884,1628,2207,0,49,207,283,0,9,1,1,0,1,1,0
0,2,583,53,381,130,19,10,33,18,3,0,1,0,1,1,0
0,7,1706,672,1034,0,0,96,148,0,0,0,1,0,1,1,0
0,6,3018,0,993,1513,512,0,156,205,78,0,0,0,1,0,0
0,7,1534,829,705,0,0,131,98,0,0,0,1,0,1,0,0
0,7,1534,829,705,0,0,131,98,0,0,0,1,0,1,0,0
0,2,3479,779,2103,597,0,134,327,80,0,0,1,0,1,1,0
0,0,3758,1181,1253,465,859,156,159,60,91,1,1,0,1,0,0
0,3,1277,0,1084,193,0,0,176,23,0,0,0,0,1,1,0
0,1,4382,1100,1419,1011,852,180,227,137,95,1,1,0,1,1,0
0,7,727,0,636,91,0,0,85,12,0,0,0,0,1,0,0
0,0,1671,485,728,144,314,75,118,21,43,0,1,0,1,0,0
0,1,1079,89,326,163,501,13,49,15,76,0,1,0,1,1,0
0,5,1853,838,457,558,0,131,79,83,0,0,1,0,1,0,0
0,0,4200,461,1672,2026,41,65,205,272,5,0,1,0,1,1,0
0,5,1636,829,807,0,0,131,116,0,0,0,1,0,1,0,0
0,2,8463,1294,7169,0,0,170,1002,0,0,0,1,0,1,1,0
0,0,5705,694,4074,764,173,105,583,104,21,0,1,0,1,0,0
0,1,1527,829,611,70,17,131,90,10,2,0,1,0,1,1,0
0,0,2318,275,1388,308,347,39,194,39,52,1,1,0,1,1,0
1,5,939,0,174,590,175,0,31,83,15,1,0,0,1,1,0
0,7,7624,1294,6330,0,0,170,802,0,0,0,1,0,1,1,0
0,0,5620,904,2284,2043,389,127,299,261,61,1,1,0,1,1,0
0,6,1668,228,1440,0,0,32,175,0,0,0,1,0,0,0,0
0,0,2777,505,1547,578,147,79,184,66,21,0,1,0,1,0,0
0,5,5564,1576,174,3814,0,243,28,523,0,0,1,0,1,1,0
0,1,2253,361,1569,323,0,57,228,48,0,1,1,0,1,1,0
0,6,2830,228,2602,0,0,32,347,0,0,0,1,0,0,0,0
0,5,2499,1913,586,0,0,293,89,0,0,0,1,0,1,1,0
0,1,2661,134,1388,1117,22,20,201,152,6,0,1,0,1,0,0
0,3,2808,415,2189,204,0,54,310,25,0,0,1,0,1,0,1
0,5,1878,0,1878,0,0,0,289,0,0,0,0,0,1,1,0
0,7,929,433,496,0,0,48,83,0,0,0,1,1,1,1,0
0,0,5650,615,2210,1183,1642,97,383,200,296,1,1,0,1,0,0
0,0,3370,571,1154,873,772,87,182,96,127,0,1,0,1,0,0
0,3,1624,0,1624,0,0,0,219,0,0,1,0,0,0,0,0
0,1,2666,536,870,901,359,88,126,135,57,0,1,0,1,1,0
0,2,2456,0,1449,897,110,0,237,129,11,0,0,0,1,0,0
0,3,2420,865,1555,0,0,124,195,0,0,0,1,0,1,0,0
0,0,3415,742,1492,1064,117,108,227,131,12,0,1,0,1,0,0
0,0,3418,808,1431,765,414,144,195,90,48,0,1,0,1,1,0
0,3,2401,0,1310,981,110,0,221,129,11,0,0,0,1,0,0
0,2,7260,344,3094,2333,1489,61,448,372,267,1,1,0,1,1,0
0,7,2976,601,2375,0,0,91,327,0,0,0,1,0,1,0,0
0,2,586,53,384,130,19,10,34,18,3,0,1,0,1,1,0
0,7,867,433,434,0,0,48,72,0,0,0,1,1,1,1,0
0,5,6581,1576,164,4841,0,243,23,621,0,0,1,0,1,1,0
1,1,2129,0,1522,322,285,0,204,33,42,0,0,0,0,0,0
0,0,1510,829,597,68,16,131,88,10,2,0,1,1,1,1,0
0,4,2353,0,112,2241,0,0,14,280,0,0,0,0,0,0,0
0,4,2439,672,1340,427,0,96,169,52,0,0,1,0,1,0,0
1,7,2284,119,2165,0,0,16,356,0,0,0,1,0,1,0,0
0,0,2568,552,837,798,381,71,95,107,57,0,1,0,1,1,0
0,1,2509,0,1315,1084,110,0,219,161,11,0,0,0,1,0,0
0,2,786,677,61,48,0,95,10,8,0,0,1,0,1,1,0
0,2,554,53,332,150,19,10,28,20,3,0,1,0,1,0,0
0,2,583,53,381,130,19,10,33,18,3,0,1,0,1,1,0
0,3,876,0,740,93,43,0,99,12,6,0,0,0,0,0,0
0,2,2668,0,1408,1150,110,0,234,159,11,0,0,0,1,0,0
0,2,583,53,381,130,19,10,33,18,3,0,1,0,1,1,0
0,2,3683,0,1416,2267,0,0,179,264,0,1,0,0,0,0,0
0,0,2541,523,1145,412,461,89,165,48,77,0,1,0,1,1,0
0,6,465,0,465,0,0,0,76,0,0,1,0,0,0,0,0
0,0,5144,727,3477,820,120,97,500,111,15,1,1,0,1,0,0
1,0,4992,461,2761,1690,80,65,357,225,11,0,1,0,1,1,0
0,0,4154,566,1638,964,986,80,230,150,159,0,1,0,1,0,0
0,1,2833,592,1004,556,681,92,116,63,124,0,1,0,1,0,0
0,0,4194,1042,578,2423,151,144,84,296,23,0,1,0,1,0,0
0,6,1654,460,816,378,0,76,125,44,0,0,1,0,1,0,0
0,2,3789,671,2022,1096,0,108,287,174,0,0,1,0,1,0,0
0,2,583,53,381,130,19,10,33,18,3,0,1,0,1,1,0
0,0,2271,735,208,1244,84,74,24,171,11,0,1,0,1,0,0
0,2,1169,0,426,743,0,0,56,89,0,1,0,0,0,0,0
0,0,3598,863,1600,1087,48,137,216,149,7,0,1,0,1,0,0
0,0,3005,1344,1197,319,145,222,176,46,22,0,1,0,1,0,0
0,6,1629,228,1401,0,0,32,203,0,0,0,1,0,0,0,0
0,5,2679,228,1120,1331,0,32,141,172,0,0,1,0,0,0,0
0,0,2069,175,1259,585,50,29,189,75,6,0,1,0,1,1,0
0,2,2520,735,208,1485,92,74,24,199,11,0,1,0,1,0,0
0,4,2574,1298,1276,0,0,203,208,0,0,0,1,0,1,0,0
0,2,4556,755,3801,0,0,118,542,0,0,0,1,0,1,0,0
0,2,1822,0,885,937,0,0,131,128,0,0,0,0,0,0,0
0,1,949,372,132,445,0,56,20,58,0,0,1,0,1,1,0
0,1,3606,1492,1484,630,0,234,206,87,0,0,1,0,1,0,0
0,1,9703,2028,3137,3003,1535,335,476,445,268,1,1,0,1,0,0
0,3,4369,438,726,3205,0,53,90,422,0,0,1,0,1,0,0
0,7,902,734,168,0,0,119,32,0,0,0,1,1,1,0,0
0,3,1679,0,1043,636,0,0,132,82,0,0,0,0,0,0,0
0,0,3277,1042,481,1603,151,144,68,204,23,0,1,0,1,0,0
0,4,1297,0,858,439,0,0,121,53,0,0,0,0,0,0,0
0,0,4561,2301,1126,147,987,320,162,21,146,0,1,0,1,0,0
0,7,2524,1298,1226,0,0,203,203,0,0,0,1,0,1,0,0
0,7,1146,433,713,0,0,48,122,0,0,0,1,1,1,1,0
0,2,583,53,381,130,19,10,33,18,3,0,1,0,1,1,0
0,1,2314,351,696,721,546,52,82,96,85,1,1,0,1,1,0
0,5,1684,829,855,0,0,131,134,0,0,0,1,0,1,0,0
0,2,583,53,381,130,19,10,33,18,3,0,1,0,1,1,0
0,5,7661,1139,6522,0,0,183,1070,0,0,1,1,0,1,0,0
0,0,3658,91,1545,1897,125,12,225,273,17,1,1,0,1,1,0
0,0,3558,2270,285,526,477,330,44,59,47,0,1,0,1,1,0
0,2,583,53,381,130,19,10,33,18,3,0,1,0,1,1,0
0,4,2286,0,1494,792,0,0,230,91,0,0,0,0,1,0,0
0,5,1451,485,310,656,0,82,53,65,0,0,1,0,0,0,0
1,1,1505,0,1251,174,80,0,181,17,7,0,0,0,1,1,0
0,3,2990,590,1447,953,0,88,271,115,0,0,1,0,1,0,0
0,2,583,53,381,130,19,10,33,18,3,0,1,0,1,1,0
0,7,1534,829,705,0,0,131,98,0,0,0,1,0,1,0,0
0,4,2672,865,1807,0,0,124,231,0,0,0,1,0,1,0,0
0,0,2712,1042,382,1136,152,144,46,152,23,0,1,0,1,0,0
0,0,1979,505,698,521,255,79,105,64,31,1,1,0,1,1,0
0,2,3166,726,1793,602,45,102,254,80,8,1,1,0,1,0,0
0,5,853,228,625,0,0,32,96,0,0,0,1,0,0,0,0
0,1,1745,720,636,228,161,126,80,31,19,0,1,1,1,1,0
0,0,3172,250,2823,86,13,30,237,8,2,0,1,0,0,0,0
0,1,2425,604,1252,569,0,82,144,81,0,1,1,0,1,0,0
0,1,2012,1564,220,228,0,182,32,28,0,1,1,0,1,1,0
0,2,2405,979,909,517,0,144,127,63,0,0,1,0,1,1,0
0,2,2592,865,1727,0,0,124,222,0,0,0,1,0,1,0,0
0,1,1181,175,636,370,0,29,93,42,0,0,1,0,1,1,0
0,2,583,53,381,130,19,10,33,18,3,0,1,0,1,1,0
0,2,4599,1025,1622,1272,680,154,266,172,109,1,1,0,1,1,0
0,0,3362,627,1618,486,631,89,243,47,83,1,1,0,1,0,0
0,0,2404,305,1445,407,247,37,209,63,25,0,1,0,1,0,0
0,1,5675,1004,3391,1280,0,139,472,187,0,0,1,0,1,1,0
0,0,1835,365,671,608,191,50,97,96,27,0,1,0,1,1,0
0,4,2508,0,1254,1254,0,0,127,127,0,1,0,0,0,0,0
1,3,3939,842,2616,481,0,124,381,69,0,0,1,0,1,1,0
0,0,6522,2301,1239,1184,1798,320,164,154,263,0,1,0,1,1,0
0,1,3055,651,890,893,621,107,118,108,88,0,1,0,1,1,0
0,2,2155,0,770,1385,0,0,126,228,0,0,0,0,1,0,0
0,3,1631,762,869,0,0,111,83,0,0,0,1,0,1,0,0
0,7,1736,0,1116,620,0,0,135,79,0,0,0,0,1,0,0
0,1,2628,684,1229,715,0,86,152,86,0,0,1,0,1,0,0
0,0,2982,1436,952,324,270,218,151,42,36,0,1,0,1,0,0
0,1,3270,0,797,2332,141,0,121,322,16,1,0,0,0,1,0
0,3,709,0,381,328,0,0,65,46,0,0,0,0,1,0,0
0,3,2905,869,1675,239,122,134,261,27,19,1,1,0,1,0,0
0,3,3615,638,1761,1046,170,107,252,162,20,0,1,0,1,1,0
0,6,1557,228,1329,0,0,32,184,0,0,0,1,0,0,0,0
1,0,2003,532,651,574,246,80,102,88,36,0,1,0,1,1,0
0,3,1478,619,193,666,0,81,24,103,0,0,1,0,1,1,0
0,1,2402,684,948,770,0,86,125,93,0,0,1,0,1,0,0
0,7,1612,866,746,0,0,123,112,0,0,0,1,0,1,0,0
0,5,1353,257,556,540,0,36,72,79,0,0,1,0,1,1,0
0,6,1701,575,544,582,0,86,68,61,0,0,1,0,1,0,0
0,6,2550,879,1130,541,0,141,151,76,0,0,1,0,1,0,0
0,6,196,0,196,0,0,0,30,0,0,0,0,0,0,0,0
0,0,1874,1564,220,68,22,182,22,8,3,1,1,0,1,0,0
0,2,2462,528,1019,915,0,75,165,130,0,0,1,0,1,0,0
0,5,4872,2636,1765,471,0,421,275,61,0,0,1,1,1,1,0
0,1,2306,684,1092,530,0,86,137,64,0,0,1,0,1,0,0
0,0,3147,635,1009,564,939,78,159,72,118,0,1,0,1,1,0
0,3,1939,866,913,160,0,123,113,20,0,0,1,1,1,0,0
0,0,2529,622,1318,472,117,89,178,69,16,1,1,0,1,0,0
0,0,3689,1344,1735,405,205,222,254,50,28,1,1,0,1,0,0
1,0,2587,333,942,1130,182,48,129,133,20,0,1,0,1,1,0
0,2,1757,651,545,331,230,107,68,42,34,0,1,0,1,0,0
0,2,4640,1708,1889,1043,0,290,329,168,0,0,1,0,1,1,0
0,1,4229,793,3062,374,0,116,445,42,0,1,1,0,1,1,0
0,2,583,53,381,130,19,10,33,18,3,0,1,0,1,1,0
0,0,3104,353,1584,822,345,44,220,121,52,1,1,0,1,0,0
0,6,1684,829,855,0,0,131,134,0,0,0,1,0,1,0,0
0,2,711,0,508,203,0,0,87,24,0,0,0,0,0,0,0
0,1,2431,361,1717,353,0,57,253,53,0,1,1,0,1,1,0
0,1,3827,1258,2185,384,0,230,340,48,0,0,1,0,1,0,0
0,3,1652,0,908,744,0,0,132,104,0,0,0,0,0,0,0
0,1,523,0,118,221,184,0,11,34,20,1,0,0,0,1,0
0,2,2249,536,829,884,0,73,139,122,0,0,1,0,1,1,0
0,2,2122,1133,650,173,166,171,91,18,23,1,1,0,1,0,0
0,3,4320,1073,1823,336,1088,154,239,47,169,0,1,0,1,0,0
0,2,3795,627,1932,545,691,89,302,87,98,0,1,0,1,0,0
0,2,583,53,381,130,19,10,33,18,3,0,1,0,1,1,0
0,4,722,0,274,448,0,0,44,68,0,0,0,0,1,0,0
1,0,4834,2362,1177,635,660,378,198,97,95,0,1,0,1,1,0
0,1,1839,0,927,373,539,0,154,56,93,1,0,0,0,1,0
0,3,5218,2790,1483,945,0,370,174,108,0,1,1,0,1,0,0
0,5,2448,0,777,1671,0,0,97,206,0,0,0,0,1,0,0
0,1,6876,2206,3533,483,654,350,530,68,104,0,1,0,1,1,0
0,7,442,0,442,0,0,0,62,0,0,1,0,0,0,0,0
0,0,4265,1309,1610,1010,336,190,234,128,56,0,1,0,1,0,0
0,1,3982,1687,1769,526,0,247,243,73,0,0,1,0,1,0,0
0,1,4432,2790,912,730,0,370,123,91,0,0,1,0,1,0,0
0,2,594,0,163,431,0,0,29,68,0,1,0,0,0,0,0
0,7,997,433,564,0,0,48,85,0,0,0,1,1,1,1,0
0,2,4336,0,2422,1357,557,0,301,198,78,0,0,0,1,0,0
0,2,586,53,384,130,19,10,34,18,3,0,1,0,1,1,0
0,3,884,0,884,0,0,0,116,0,0,1,0,0,0,0,0
0,5,2706,942,1081,683,0,143,165,94,0,0,1,0,1,0,0
0,2,1721,514,1207,0,0,89,197,0,0,0,1,0,1,0,0
0,2,4919,1630,2622,608,59,208,331,79,12,0,1,0,1,1,0
0,7,3603,516,3087,0,0,76,399,0,0,0,1,0,1,0,0
0,2,554,53,332,150,19,10,28,20,3,0,1,0,1,0,0
0,4,1592,829,658,89,16,131,97,15,2,0,1,0,1,0,0
0,6,1870,228,1642,0,0,32,200,0,0,0,1,0,0,0,0
0,4,1592,829,658,89,16,131,97,15,2,0,1,0,1,1,0
0,1,3627,1505,1337,785,0,215,148,92,0,0,1,0,1,1,0
0,6,3745,1492,1688,565,0,234,243,67,0,0,1,0,1,0,0
0,2,554,53,332,150,19,10,28,20,3,0,1,0,1,0,0
0,0,2709,552,852,1054,251,71,96,150,35,0,1,0,1,1,0
0,6,1412,575,350,487,0,86,38,76,0,0,1,0,1,0,0
0,0,2003,979,405,394,225,144,68,48,36,0,1,0,1,1,0
0,4,3537,539,2998,0,0,81,418,0,0,0,1,0,1,1,0
0,4,1668,549,574,370,175,87,82,63,28,0,1,0,1,0,0
0,1,580,13,422,145,0,3,73,19,0,0,1,0,1,1,0
0,1,2559,579,612,1368,0,87,94,182,0,0,1,0,1,1,0
0,5,2779,0,1389,1390,0,0,160,130,0,0,0,0,0,0,0
0,1,1743,1103,80,560,0,158,13,69,0,1,1,0,1,0,0
0,7,1374,433,941,0,0,48,145,0,0,0,1,1,1,1,0
0,1,4763,2676,1147,677,263,392,156,87,40,0,1,0,1,0,0
0,1,2550,717,1123,244,466,120,162,39,67,0,1,0,1,1,0
0,7,3462,601,2861,0,0,91,348,0,0,0,1,0,1,0,0
0,3,5777,1594,4183,0,0,270,659,0,0,0,1,0,1,1,0
0,5,1673,364,763,422,124,61,120,47,10,0,1,0,1,0,0
0,0,5131,1063,2348,1437,283,164,328,206,34,0,1,0,1,0,0
0,5,2067,310,431,918,408,53,77,118,71,0,1,0,1,0,0
0,1,1978,142,1762,74,0,16,250,12,0,1,1,0,1,0,0
0,2,3735,873,1024,1838,0,146,153,234,0,0,1,0,1,0,0
0,6,3232,601,2631,0,0,91,340,0,0,0,1,0,1,0,0
0,5,5629,1576,239,3814,0,243,38,523,0,0,1,0,1,1,0
0,2,583,53,381,130,19,10,33,18,3,0,1,0,1,1,0
0,2,583,53,381,130,19,10,33,18,3,0,1,0,1,1,0
0,0,2874,698,1470,544,162,86,207,59,18,0,1,0,1,0,0
0,7,964,433,531,0,0,48,88,0,0,0,1,1,1,1,0
0,2,3837,755,3082,0,0,118,431,0,0,0,1,0,1,0,0
0,7,1540,829,711,0,0,131,100,0,0,0,1,0,1,0,0
0,3,1552,651,329,342,230,107,45,40,34,0,1,0,1,0,0
0,0,5650,1508,1351,2682,109,239,190,323,11,0,1,0,1,1,0
0,0,2529,622,1318,472,117,89,178,69,16,1,1,0,1,0,0
1,0,3002,615,850,620,917,83,121,82,124,0,1,0,1,1,0
0,4,3731,0,2457,709,565,0,363,102,79,0,0,0,0,0,0
0,1,1687,651,512,264,260,107,85,32,36,0,1,0,1,1,0
0,1,1978,142,1749,87,0,16,248,14,0,1,1,0,1,0,0
0,2,554,53,332,150,19,10,28,20,3,0,1,0,1,0,0
0,2,730,0,232,263,235,0,30,39,31,0,0,0,1,0,0
0,2,1759,0,713,876,170,0,117,112,17,0,0,1,1,1,0
0,2,583,53,381,130,19,10,33,18,3,0,1,0,1,1,0
0,3,1101,0,369,732,0,0,62,103,0,0,0,0,1,0,0
0,2,583,53,381,130,19,10,33,18,3,0,1,0,1,1,0
0,2,5065,2388,1233,657,787,361,163,92,131,0,1,0,1,1,0
0,2,554,53,332,150,19,10,28,20,3,0,1,0,1,0,0
0,0,6363,2065,2364,1245,689,333,365,168,90,1,1,0,1,1,0
0,2,222,0,193,0,29,0,28,0,4,1,0,0,0,1,0
0,1,3727,495,2081,442,709,76,308,60,104,0,1,0,1,0,0
0,3,2453,608,1845,0,0,83,262,0,0,0,1,0,1,0,0
0,2,583,53,381,130,19,10,33,18,3,0,1,0,1,1,0
0,0,2653,868,1242,200,343,119,178,26,59,0,1,0,1,0,0
0,0,1963,505,970,366,122,79,124,47,13,1,1,0,1,0,0
0,5,3281,228,1835,1218,0,32,228,163,0,0,1,0,0,0,0
0,2,2496,0,1012,1484,0,0,145,205,0,1,0,0,0,0,0
0,2,3219,747,1404,771,297,125,190,106,40,0,1,0,1,1,0
0,0,3019,726,875,521,897,83,125,70,117,0,1,0,1,0,0
0,6,1147,228,919,0,0,32,114,0,0,0,1,0,0,0,0
0,7,3405,454,2951,0,0,68,381,0,0,0,1,0,1,0,0
0,1,5622,615,2226,1137,1644,97,382,191,295,1,1,0,1,0,0
0,3,3284,865,2419,0,0,124,304,0,0,0,1,0,1,0,0
0,2,554,53,332,150,19,10,28,20,3,0,1,0,1,0,0
0,2,1623,651,259,299,414,107,30,40,59,0,1,0,1,1,0
0,0,5103,1025,2939,584,555,148,375,70,82,0,1,0,1,0,0
0,8,4561,0,4561,0,0,0,71,0,0,0,0,0,0,0,0
0,2,579,53,384,123,19,10,34,18,3,0,1,0,1,1,0
0,2,583,53,381,130,19,10,33,18,3,0,1,0,1,1,0
0,1,3068,617,411,1478,562,96,67,223,90,0,1,0,1,1,0
0,1,3427,807,346,2274,0,112,55,282,0,0,1,0,1,0,0
0,1,3160,606,996,1133,425,86,135,143,48,0,1,0,1,0,0
0,2,583,53,381,130,19,10,33,18,3,0,1,0,1,1,0
0,4,1082,0,421,651,10,0,65,118,3,0,0,0,0,0,1
0,7,1757,866,891,0,0,123,138,0,0,0,1,0,1,0,0
0,4,1082,0,421,651,10,0,65,118,3,0,0,0,0,0,1
0,4,1082,0,421,651,10,0,65,118,3,0,0,0,0,0,1
0,2,583,53,381,130,19,10,33,18,3,0,1,0,1,1,0
0,4,1082,0,421,651,10,0,65,118,3,0,0,0,0,0,1
0,1,5089,1708,1249,1270,862,290,204,198,163,0,1,0,1,1,0
0,4,1082,0,421,651,10,0,65,118,3,0,0,0,0,0,1
0,1,3376,898,1569,769,140,145,253,118,23,1,1,0,1,1,0
0,0,3846,1042,1329,779,696,178,206,87,111,0,1,0,1,1,0
0,4,1082,0,421,651,10,0,65,118,3,0,0,0,0,0,1
0,4,1082,0,421,651,10,0,65,118,3,0,0,0,0,0,1
0,2,554,53,332,150,19,10,28,20,3,0,1,0,1,0,0
0,2,1578,601,591,386,0,91,82,45,0,0,1,0,1,1,0
0,4,1082,0,421,651,10,0,65,118,3,0,0,0,0,0,1
1,0,1992,333,798,679,182,48,111,84,20,1,1,0,1,0,0
0,1,1025,0,533,332,160,0,64,42,19,0,0,0,0,0,0
0,0,2308,783,1334,114,77,127,197,16,11,1,1,0,1,0,0
0,1,3126,579,1540,1007,0,87,209,138,0,0,1,0,1,1,0
0,3,3172,869,327,1373,603,134,56,197,73,0,1,0,1,0,0
0,3,2098,0,2098,0,0,0,293,0,0,0,0,0,0,0,0
0,0,5451,606,833,3244,768,75,129,473,115,0,1,0,1,1,0
0,4,1879,324,825,262,468,47,132,37,71,0,1,0,1,0,0
0,0,1816,277,592,614,333,39,85,91,46,1,1,0,1,1,0
0,3,3755,610,1411,686,1048,87,194,89,151,1,1,0,1,1,0
0,0,3047,897,1776,116,258,157,272,17,34,0,1,0,1,1,0
0,5,587,0,587,0,0,0,89,0,0,0,0,0,0,0,0
0,2,2346,693,910,674,69,109,143,112,9,0,1,0,1,0,0
0,0,7067,541,3302,3136,88,85,414,403,14,0,1,0,1,1,0
0,2,1946,142,1731,73,0,16,248,12,0,1,1,0,1,0,0
1,3,6405,335,6070,0,0,66,1151,0,0,0,1,0,0,0,0
0,1,2498,684,1125,689,0,86,137,85,0,0,1,0,1,0,0
0,5,2691,1179,987,315,210,199,133,38,34,0,1,0,1,0,0
0,0,3020,445,797,735,1043,58,115,97,136,0,1,0,1,1,0
0,1,3922,1443,1993,486,0,220,230,59,0,1,1,0,1,1,0
0,1,256,0,204,27,25,0,16,3,3,1,0,0,0,0,0
0,2,583,53,381,130,19,10,33,18,3,0,1,0,1,1,0
0,0,2856,445,858,578,975,58,133,80,121,0,1,0,1,1,0
0,1,1285,0,775,308,202,0,124,51,28,0,0,0,0,0,0
0,0,2389,410,1347,405,227,67,197,47,33,0,1,0,1,0,0
0,1,4544,2790,1121,633,0,370,160,85,0,0,1,0,1,0,0
0,3,3542,970,1397,278,897,134,196,39,143,0,1,0,1,1,0
0,0,4748,1194,2174,911,469,186,325,131,83,0,1,0,1,1,0
0,1,2527,142,1788,597,0,22,271,79,0,1,1,0,1,0,0
0,1,1659,829,743,70,17,131,109,10,2,0,1,0,1,1,0
0,6,1128,228,900,0,0,32,96,0,0,0,1,0,0,0,0
0,6,1348,281,583,484,0,33,75,62,0,0,1,0,1,1,0
0,1,3047,684,1421,942,0,86,181,105,0,0,1,0,1,0,0
0,0,3680,1180,1255,741,504,173,162,107,68,0,1,0,1,0,0
0,5,4255,536,2563,1079,77,92,356,135,9,0,1,0,1,1,0
0,1,2393,132,1857,404,0,24,241,53,0,0,1,0,1,0,0
0,0,2524,630,972,682,240,102,147,100,31,0,1,0,1,0,0
0,0,3957,2270,838,372,477,330,100,43,47,1,1,0,1,1,0
0,0,5168,730,1927,1205,1306,116,292,185,204,0,1,0,1,1,0
0,3,2430,0,1672,601,157,0,238,77,23,0,0,0,1,1,0
0,2,4754,702,1720,1526,806,110,248,209,116,0,1,0,1,0,0
0,1,2567,0,1327,685,555,0,188,102,86,0,0,0,1,1,0
0,0,2125,924,121,1024,56,129,16,129,7,0,1,0,0,1,0
0,1,2854,606,1291,957,0,90,164,141,0,0,1,0,1,1,0
0,3,2607,0,2607,0,0,0,359,0,0,0,0,0,1,0,0
0,3,2346,929,286,1131,0,132,38,156,0,0,1,0,1,0,0
0,0,2565,979,922,494,170,144,123,83,29,0,1,0,1,1,0
0,4,216,0,123,74,19,0,18,9,3,0,0,0,0,0,0
0,3,2034,325,889,820,0,45,121,94,0,0,1,0,1,0,0
0,0,1180,63,261,589,267,11,44,76,37,0,1,0,1,0,0
0,3,2525,1298,1227,0,0,203,204,0,0,0,1,0,1,0,0
0,7,3809,516,3293,0,0,76,437,0,0,0,1,0,1,0,0
0,3,2434,251,1454,366,363,52,240,58,55,0,1,0,1,0,0
1,3,1239,0,202,1037,0,0,30,125,0,0,0,0,1,0,0
0,2,2761,0,1593,1168,0,0,216,161,0,1,0,0,0,0,0
0,1,2924,726,839,462,897,83,124,66,117,0,1,0,1,0,0
0,0,6036,1466,2522,1916,132,222,344,270,21,0,1,0,1,1,0
0,4,1447,0,494,953,0,0,95,134,0,1,0,0,0,0,0
0,6,826,0,348,175,303,0,49,20,32,0,0,0,0,0,0
0,3,3132,361,1939,832,0,57,293,110,0,1,1,0,1,1,0
0,1,4373,298,3327,463,285,42,438,59,42,0,1,0,1,1,0
0,1,3365,1219,912,1234,0,160,121,145,0,0,1,0,1,0,0
0,0,5108,818,1113,2268,909,83,161,280,93,1,1,0,1,1,1
0,2,583,53,381,130,19,10,33,18,3,0,1,0,1,1,0
0,7,858,734,124,0,0,119,26,0,0,0,1,1,1,0,0
0,1,4802,1251,1141,424,1986,201,167,49,283,0,1,0,1,0,0
1,0,3832,1022,1737,361,712,162,282,52,114,1,1,0,1,1,0
0,3,1969,1545,219,205,0,226,34,20,0,0,1,0,1,0,0
0,2,2625,879,1119,441,186,141,141,59,22,0,1,0,1,1,0
0,0,3322,651,1369,557,745,107,181,64,102,0,1,0,1,1,0
0,0,4151,818,2370,324,639,83,317,37,75,1,1,0,1,1,1
0,1,5595,615,2227,1109,1644,97,382,194,295,1,1,0,1,0,0
0,0,4953,792,1191,470,2500,79,157,57,381,0,1,0,1,1,1
0,0,5463,792,1783,1145,1743,79,256,146,260,0,1,0,1,1,1
0,0,3844,492,1705,458,1189,70,238,64,180,1,1,0,1,1,0
0,2,583,53,381,130,19,10,33,18,3,0,1,0,1,1,0
0,0,5102,1025,2938,584,555,148,374,70,82,0,1,0,1,0,0
0,2,2401,298,1214,604,285,42,148,75,42,0,1,0,1,1,0
1,1,1577,0,987,519,71,0,129,66,12,0,0,0,0,0,0
0,3,3796,695,1092,1192,817,120,161,186,138,0,1,0,1,1,0
0,0,5121,792,1779,806,1744,79,215,101,260,0,1,0,1,1,1
0,0,5091,792,1737,818,1744,79,209,101,260,0,1,0,1,1,1
0,6,1653,1392,178,0,83,209,30,0,13,0,1,0,1,0,0
0,2,1836,554,361,921,0,88,61,138,0,0,1,0,1,0,0
0,0,4338,792,930,418,2198,79,119,52,329,0,1,0,1,1,1
0,1,1307,829,391,70,17,131,61,10,2,0,1,0,1,1,0
0,0,4436,792,1327,579,1738,79,185,76,260,0,1,0,1,1,1
0,2,583,53,381,130,19,10,33,18,3,0,1,0,1,1,0
0,0,3826,660,977,2004,185,112,135,241,22,0,1,0,1,1,0
0,7,1786,433,1353,0,0,48,182,0,0,0,1,1,1,1,0
0,2,554,53,332,150,19,10,28,20,3,0,1,0,1,0,0
0,2,4713,298,2444,1695,276,42,326,216,41,0,1,0,1,1,0
0,2,583,53,381,130,19,10,33,18,3,0,1,0,1,1,0
0,2,3595,879,1831,885,0,141,228,117,0,0,1,0,1,1,0
0,1,2490,684,947,859,0,86,117,98,0,0,1,0,1,0,0
0,0,2003,489,706,592,216,76,114,75,32,0,1,0,1,1,0
0,0,2169,364,564,1132,109,52,94,166,15,1,1,0,1,0,0
0,2,583,53,381,130,19,10,33,18,3,0,1,0,1,1,0
0,2,554,53,332,150,19,10,28,20,3,0,1,0,1,0,0
0,1,1562,0,995,432,135,0,139,48,18,0,0,0,0,1,0
0,3,3328,472,1864,992,0,59,254,130,0,1,1,0,0,0,0
0,3,3314,0,2504,694,116,0,305,91,16,0,0,0,0,0,0
0,3,4604,702,2197,1064,641,110,338,181,94,0,1,0,1,0,0
0,1,2697,0,738,1066,893,0,112,150,146,1,0,0,1,1,0
0,1,3707,868,1796,727,316,119,261,105,53,0,1,0,1,1,0
1,0,3535,688,2539,219,89,111,382,43,13,0,1,0,1,1,0
0,5,1188,739,201,133,115,113,28,16,17,0,1,0,1,1,0
0,2,554,53,332,150,19,10,28,20,3,0,1,0,1,0,0
0,2,554,53,332,150,19,10,28,20,3,0,1,0,1,0,0
0,6,1475,153,509,813,0,25,80,108,0,0,1,0,1,1,0
0,2,3579,1025,1186,833,535,148,146,111,68,0,1,0,1,0,0
0,6,915,228,687,0,0,32,83,0,0,0,1,0,0,0,0
0,2,5039,2438,187,2384,30,328,23,317,4,0,1,0,1,1,0
0,0,1999,532,622,468,377,87,99,83,60,0,1,0,1,1,0
0,2,1488,829,552,91,16,131,79,15,2,0,1,0,1,0,0
0,7,2844,1298,1546,0,0,203,246,0,0,0,1,0,1,0,0
0,2,2433,251,1453,366,363,52,239,58,55,0,1,0,1,0,0
0,0,5025,765,2420,1119,721,76,298,145,93,1,1,0,1,1,1
0,2,2987,0,2250,344,393,0,329,46,47,0,0,0,0,0,0
0,2,2670,583,1673,414,0,82,228,48,0,1,1,0,1,0,0
0,0,2206,651,639,480,436,100,86,59,65,0,1,0,1,1,0
0,5,2452,228,942,1282,0,32,115,162,0,0,1,0,0,0,0
0,5,4400,702,1421,746,1531,110,199,105,223,0,1,0,1,0,0
0,2,3656,1025,1291,743,597,148,170,92,84,0,1,0,1,0,0
0,2,583,53,381,130,19,10,33,18,3,0,1,0,1,1,0
0,1,2165,0,893,781,491,0,111,96,54,0,0,0,0,0,0
0,0,3838,891,972,1002,973,107,118,117,123,0,1,0,1,0,0
0,7,3879,601,3278,0,0,91,442,0,0,0,1,0,1,0,0
0,1,1152,306,191,371,284,51,24,53,39,0,1,0,1,1,0
0,2,583,53,381,130,19,10,33,18,3,0,1,0,1,1,0
0,5,5016,1594,3422,0,0,270,540,0,0,0,1,0,1,1,0
0,1,2447,684,903,860,0,86,126,118,0,0,1,0,1,0,0
0,1,1296,0,1001,99,196,0,143,13,23,0,0,0,0,0,0
0,1,3399,996,1577,826,0,158,214,100,0,0,1,0,1,1,0
0,2,3641,1025,1107,609,900,148,142,80,129,0,1,0,1,0,0
0,1,3780,700,835,2245,0,103,122,283,0,0,1,0,1,0,0
0,0,1575,392,772,267,144,68,101,26,28,1,1,0,1,1,0
0,5,1578,1419,159,0,0,206,24,0,0,0,1,0,1,0,0
0,2,583,53,381,130,19,10,33,18,3,0,1,0,1,1,0
0,1,2482,958,988,536,0,154,148,72,0,0,1,0,1,1,0
0,1,1535,829,619,70,17,131,97,10,2,0,1,0,1,1,0
0,0,4089,580,2340,847,322,86,341,123,42,1,1,0,1,0,0
0,0,2667,1126,1047,444,50,163,126,51,6,0,1,0,1,1,0
0,2,3137,702,935,777,723,100,122,86,107,0,1,0,1,1,0
0,7,1723,433,1290,0,0,48,191,0,0,0,1,1,1,1,0
0,3,4698,702,1623,1261,1112,110,239,177,157,0,1,0,1,0,0
0,3,3489,0,1805,1366,318,0,268,174,37,0,0,0,1,0,0
0,3,1109,464,645,0,0,71,93,0,0,0,1,0,1,0,0
0,0,2154,791,548,297,518,122,85,36,83,0,1,0,1,1,0
0,1,931,228,196,507,0,32,28,49,0,0,1,0,0,0,0
0,5,2102,0,388,1714,0,0,70,300,0,1,0,0,0,1,0
0,3,1181,79,551,551,0,11,68,68,0,0,1,0,1,0,0
0,1,3718,2287,473,958,0,311,65,113,0,0,1,0,1,0,0
0,3,2224,717,845,196,466,120,110,29,67,0,1,0,1,1,0
0,1,1584,362,938,184,100,53,141,28,15,1,1,0,1,1,0
0,3,3639,610,1255,690,1084,87,170,104,156,1,1,0,1,1,0
0,2,3149,558,1236,171,1184,84,180,23,167,1,1,0,1,0,0
0,3,5039,898,3624,265,252,145,605,33,41,0,1,0,1,0,0
0,0,5841,4007,706,993,135,588,103,150,11,0,1,0,1,1,0
0,2,583,53,381,130,19,10,33,18,3,0,1,0,1,1,0
0,4,2538,1298,1240,0,0,203,217,0,0,0,1,0,1,0,0
0,6,1359,228,1131,0,0,32,143,0,0,0,1,0,0,0,0
0,2,4617,509,1778,1948,382,79,246,286,55,0,1,0,1,0,0
0,1,4246,1708,1535,0,1003,290,260,0,175,0,1,0,1,1,0
1,4,2867,660,2020,0,187,91,290,0,24,0,1,1,1,1,0
0,5,1864,0,1397,331,136,0,176,40,21,0,0,0,1,1,0
0,0,2291,362,1289,491,149,62,185,61,25,0,1,0,1,0,0
0,6,729,660,69,0,0,112,13,0,0,0,1,0,1,0,0
0,1,3177,509,1403,660,605,79,200,93,78,0,1,0,1,0,0
0,7,691,355,336,0,0,58,65,0,0,0,1,0,1,1,0
0,0,3039,742,741,1412,144,108,103,164,12,0,1,0,1,0,0
0,2,3605,509,1869,904,323,79,275,130,43,0,1,0,1,0,0
0,5,2977,228,1735,1014,0,32,216,131,0,0,1,0,0,0,0
0,0,1789,612,675,439,63,87,105,60,9,1,1,0,1,0,0
0,2,554,53,332,150,19,10,28,20,3,0,1,0,1,0,0
0,0,3953,774,1848,1284,47,115,235,149,5,0,1,0,1,0,0
0,2,754,0,514,122,118,0,68,17,19,0,0,0,0,1,0
0,0,3248,606,2008,508,126,90,270,69,17,0,1,0,1,1,0
0,1,1736,442,930,274,90,75,145,43,11,0,1,0,1,1,0
0,2,4754,702,1720,1526,806,110,248,209,116,0,1,0,1,0,0
0,0,3080,606,2055,293,126,90,289,34,17,0,1,0,1,1,0
0,2,586,53,384,130,19,10,34,18,3,0,1,0,1,0,0
0,0,4977,250,4263,451,13,30,477,59,2,0,1,0,0,0,0
0,1,1129,228,165,736,0,32,19,64,0,0,1,0,0,0,0
0,1,493,0,364,47,82,0,59,6,12,1,0,0,0,0,0
0,5,5628,1576,238,3814,0,243,37,523,0,0,1,0,1,1,0
0,1,3263,509,1626,569,559,79,246,77,71,0,1,0,1,0,0
0,2,2876,0,1858,1018,0,0,241,123,0,0,0,0,0,0,0
0,1,4942,2662,203,2077,0,379,31,274,0,0,1,0,1,1,0
0,8,602,0,602,0,0,0,74,0,0,0,0,0,0,0,0
0,1,3194,0,1750,1211,233,0,306,156,29,1,0,0,0,0,0
1,5,2206,0,1254,909,43,0,206,112,4,0,0,1,0,1,0
0,4,2638,1298,1340,0,0,203,221,0,0,0,1,0,1,0,0
1,5,3399,564,2236,599,0,79,343,82,0,0,1,0,1,0,0
0,2,2928,1395,890,480,163,229,156,83,27,0,1,0,1,1,0
0,4,2552,0,1451,1101,0,0,202,123,0,0,0,0,0,1,0
0,2,583,53,381,130,19,10,33,18,3,0,1,0,1,1,0
0,2,3129,298,1614,932,285,42,225,113,42,0,1,0,1,1,0
0,1,3783,2287,116,1380,0,311,18,176,0,0,1,0,1,0,0
0,5,896,228,668,0,0,32,81,0,0,0,1,0,0,0,0
0,2,1653,651,270,351,381,107,32,43,53,0,1,0,1,1,0
0,1,708,0,260,316,132,0,29,42,17,0,0,0,0,0,0
0,6,1229,708,521,0,0,114,102,0,0,0,1,0,1,0,0
0,0,2184,134,956,803,291,20,107,86,44,1,1,0,1,1,0
1,3,1812,377,1435,0,0,60,220,0,0,0,1,0,1,0,0
0,1,1883,829,935,93,26,131,147,9,4,0,1,0,1,1,0
0,1,2105,536,993,576,0,73,153,66,0,0,1,0,1,1,0
0,0,6120,1099,2478,682,1861,147,349,99,285,0,1,0,1,0,1
0,1,4070,571,2136,592,771,87,311,66,127,0,1,0,1,0,0
0,1,3624,2287,313,1024,0,311,37,121,0,0,1,0,1,0,0
0,0,6491,1417,2823,1193,1058,173,390,150,132,0,1,0,1,1,1
0,6,3418,0,2388,681,349,0,342,84,53,0,0,0,1,0,0
0,0,4810,726,3511,514,59,102,465,68,10,0,1,0,1,0,0
0,2,1850,464,568,818,0,71,61,109,0,0,1,0,1,0,0
0,2,2850,539,2311,0,0,81,315,0,0,0,1,0,1,1,0
0,0,2629,600,947,833,249,85,138,112,36,1,1,0,1,1,0
0,0,4277,351,1952,343,1631,48,280,37,193,0,1,0,1,1,0
0,1,5370,1611,1731,1727,301,251,255,273,41,1,1,0,1,1,0
0,4,4278,228,1878,2172,0,32,238,268,0,0,1,0,0,0,0
0,0,3863,229,2058,1126,450,33,325,162,68,0,1,0,1,1,0
0,2,583,53,381,130,19,10,33,18,3,0,1,0,1,1,0
1,0,3153,256,2619,205,73,40,406,28,9,1,1,0,1,0,0
0,1,2014,335,1319,337,23,61,189,52,3,1,1,0,1,0,0
0,0,1157,152,422,524,59,24,55,65,11,0,1,0,1,0,0
0,1,1665,878,232,319,236,134,35,42,30,0,1,0,1,0,0
0,2,1147,142,773,232,0,16,101,32,0,1,1,0,1,0,0
0,1,3968,746,2186,627,409,127,318,82,47,0,1,0,1,1,0
0,2,4048,1021,3027,0,0,160,462,0,0,0,1,0,1,0,0
0,5,2073,228,1845,0,0,32,246,0,0,0,1,0,0,0,0
0,2,554,53,332,150,19,10,28,20,3,0,1,0,1,0,0
0,4,2691,0,1102,1589,0,0,174,204,0,0,0,0,0,0,0
0,2,4302,2301,524,444,1033,320,74,68,158,0,1,0,1,0,0
0,0,2174,345,793,328,708,53,117,40,109,0,1,0,1,1,0
0,2,1620,651,260,279,430,107,33,34,62,0,1,0,1,1,0
0,0,3337,746,1793,409,389,127,281,63,53,0,1,0,1,1,0
0,0,3034,746,1406,395,487,127,205,65,74,0,1,0,1,1,0
1,0,2564,91,1841,494,138,12,266,67,24,1,1,0,1,1,0
0,0,3343,746,1779,507,311,127,271,79,44,0,1,0,1,1,0
0,4,6294,746,3863,1149,536,127,521,155,76,0,1,0,1,1,0
0,0,3508,746,1964,409,389,127,291,63,53,0,1,0,1,1,0
0,5,2946,702,647,800,797,110,109,92,116,0,1,0,1,0,0
0,0,3833,1181,1251,522,879,156,163,65,88,1,1,0,1,0,0
0,5,3424,1025,755,725,919,148,93,91,105,0,1,0,1,0,0
0,2,2599,439,1422,738,0,78,235,94,0,0,1,0,1,0,0
0,2,2598,558,685,171,1184,84,105,23,167,1,1,0,1,0,0
0,1,1668,133,720,815,0,19,100,116,0,1,1,0,1,0,0
0,4,2477,1298,1179,0,0,203,196,0,0,0,1,0,1,0,0
0,2,2626,558,713,171,1184,84,105,23,167,1,1,0,1,0,0
0,5,3156,942,1058,1156,0,143,157,156,0,0,1,0,1,0,0
0,0,2211,365,881,774,191,50,130,105,27,0,1,0,1,1,0
0,0,1845,129,495,947,274,22,77,113,41,0,1,0,1,0,0
0,1,1865,829,917,93,26,131,141,9,4,0,1,0,1,1,0
0,0,3462,553,1986,602,321,82,331,91,47,1,1,0,1,1,0
0,5,5583,1576,229,3778,0,243,36,519,0,0,1,0,1,1,0
0,5,1689,352,627,710,0,52,89,87,0,0,1,0,1,1,0
0,4,891,0,415,476,0,0,51,59,0,0,0,0,0,0,0
0,5,4662,1576,158,2928,0,243,19,390,0,0,1,0,1,1,0
0,1,743,0,577,85,81,0,100,14,11,1,0,0,0,0,0
0,0,2912,447,836,1047,582,72,141,147,83,0,1,0,1,0,0
0,1,3370,673,1692,1005,0,97,252,168,0,1,1,0,1,0,0
0,0,5213,133,1518,3073,489,19,231,407,62,1,1,0,1,0,0
0,5,4663,1576,159,2928,0,243,20,390,0,0,1,0,1,1,0
0,2,583,53,381,130,19,10,33,18,3,0,1,0,1,1,0
0,3,2589,865,1724,0,0,124,222,0,0,0,1,0,1,0,0
0,3,1632,0,414,0,1218,0,58,0,153,1,0,0,0,0,0
0,1,3057,0,2121,429,507,0,348,66,83,0,0,0,1,1,0
0,2,2161,755,1406,0,0,118,234,0,0,1,1,0,1,0,0
0,0,3597,726,1251,723,897,83,174,100,117,0,1,0,1,0,0
0,2,3035,879,1671,485,0,141,223,67,0,0,1,0,1,1,0
0,5,2096,310,500,878,408,53,76,110,71,0,1,0,1,0,0
0,6,2370,575,264,1531,0,86,37,195,0,0,1,0,1,0,0
0,1,5485,2206,2371,200,708,350,385,28,119,0,1,0,1,1,0
0,2,2432,406,2026,0,0,67,273,0,0,0,1,0,1,0,0
0,1,2745,651,1040,616,438,100,143,74,65,0,1,0,1,1,0
0,3,1556,281,810,384,81,33,114,53,11,0,1,0,1,0,0
0,0,1562,129,445,855,133,22,72,102,16,0,1,0,1,0,0
0,4,2547,1481,1066,0,0,264,174,0,0,0,1,0,1,0,0
0,2,5186,869,903,3352,62,40,122,433,5,0,1,0,1,1,0
0,0,1625,129,466,816,214,22,75,100,30,0,1,0,1,0,0
0,5,2160,0,2160,0,0,0,280,0,0,0,0,0,0,0,0
0,3,5134,702,1720,1526,1186,110,248,209,158,0,1,0,1,0,0
0,5,2712,662,1065,985,0,104,158,126,0,0,1,0,1,1,0
0,4,1047,0,625,422,0,0,92,56,0,0,0,0,0,0,0
0,2,583,53,381,130,19,10,33,18,3,0,1,0,1,1,0
0,5,5619,1576,229,3814,0,243,36,523,0,0,1,0,1,1,0
0,5,4465,2636,1482,347,0,421,205,41,0,0,1,0,1,1,0
0,1,3670,1565,1315,591,199,256,213,83,32,1,1,0,1,1,0
0,7,1152,433,719,0,0,48,111,0,0,0,1,1,1,1,0
0,5,2599,575,455,1569,0,86,58,173,0,0,1,0,1,0,0
0,0,1220,387,487,295,51,56,71,40,6,0,1,0,1,1,0
0,1,1763,575,226,962,0,86,32,126,0,0,1,0,1,0,0
0,0,1885,442,979,374,90,75,144,58,11,0,1,0,1,0,0
0,0,3474,694,2311,444,25,105,347,57,5,0,1,0,1,1,0
0,0,5929,1251,1475,1140,2063,201,216,144,298,1,1,0,1,0,0
0,0,6317,904,3523,1283,607,127,457,172,101,1,1,0,1,1,0
0,2,2282,815,749,718,0,121,110,98,0,0,1,0,1,1,0
0,5,2908,1298,1610,0,0,203,252,0,0,0,1,0,1,0,0
0,6,1806,659,849,298,0,103,113,46,0,0,1,0,1,1,0
0,2,4897,1708,2032,1157,0,290,356,177,0,0,1,0,1,1,0
0,2,2152,549,431,450,722,87,65,67,121,0,1,0,1,0,0
0,2,583,53,381,130,19,10,33,18,3,0,1,0,1,1,0
0,1,4126,1139,1935,680,372,183,324,116,63,1,1,0,1,0,0
0,3,4604,702,2197,1064,641,110,338,181,94,0,1,0,1,0,0
0,4,5678,1594,4084,0,0,270,637,0,0,0,1,0,1,1,0
0,5,5595,1576,241,3778,0,243,38,519,0,0,1,0,1,1,0
0,1,2783,633,1829,321,0,94,306,49,0,0,1,0,1,1,0
0,1,1601,228,306,1067,0,32,42,122,0,0,1,0,0,0,0
0,4,1874,321,694,597,262,45,97,73,34,0,1,0,1,1,0
0,6,1614,575,321,718,0,86,46,93,0,0,1,0,1,0,0
0,0,3819,958,2197,345,319,154,310,44,41,1,1,0,1,1,0
0,0,2672,717,1211,278,466,120,173,43,67,0,1,0,1,1,0
0,5,5594,1576,240,3778,0,243,37,519,0,0,1,0,1,1,0
0,0,1890,442,932,318,198,75,155,40,25,0,1,0,1,1,0
0,2,583,53,381,130,19,10,33,18,3,0,1,0,1,1,0
0,0,4467,2206,1230,348,683,350,185,25,114,0,1,0,1,1,0
0,7,973,755,218,0,0,104,45,0,0,0,1,1,1,1,0
0,0,4561,619,2698,1013,231,64,343,126,28,1,1,0,1,1,0
0,2,583,53,381,130,19,10,33,18,3,0,1,0,1,1,0
0,0,3421,904,1580,433,504,127,212,62,83,1,1,0,1,1,0
0,1,1876,552,647,677,0,71,87,107,0,0,1,0,1,1,0
0,1,2665,1441,835,389,0,220,107,53,0,0,1,0,1,1,0
1,0,5564,256,4301,954,53,40,642,116,6,0,1,0,1,0,0
0,2,3336,1025,742,319,1250,148,100,41,165,0,1,0,1,0,0
0,1,3940,684,2056,1200,0,86,280,152,0,0,1,0,1,0,0
0,0,2530,1126,940,216,248,163,123,24,36,0,1,0,1,1,0
0,5,2790,397,2393,0,0,55,344,0,0,0,1,0,1,1,0
0,4,1965,1264,701,0,0,216,111,0,0,0,1,0,1,0,0
0,1,5080,684,2762,1634,0,86,381,204,0,0,1,0,1,0,0
0,4,2004,324,600,612,468,47,95,83,71,0,1,0,1,0,0
1,3,2520,859,1221,440,0,148,202,57,0,0,1,0,1,1,0
0,5,2971,816,1057,580,518,129,166,82,87,0,1,0,1,1,0
0,2,4447,257,2350,1840,0,36,307,242,0,0,1,0,1,1,0
0,5,2002,942,416,644,0,143,77,106,0,0,1,0,1,0,0
0,3,7831,467,3667,3540,157,64,523,512,18,0,1,0,1,1,0
0,6,1393,575,534,284,0,86,65,34,0,0,1,0,1,0,0
0,5,1689,575,222,892,0,86,33,104,0,0,1,0,1,0,0
0,0,3239,729,2165,143,202,109,329,18,26,0,1,0,1,0,0
0,4,774,88,498,188,0,16,74,36,0,0,1,0,1,0,0
0,7,712,549,163,0,0,87,20,0,0,0,1,1,1,0,0
0,3,1231,762,469,0,0,111,50,0,0,0,1,0,1,0,0
0,1,3074,684,1195,1195,0,86,158,158,0,0,1,1,1,0,0
0,5,6589,1576,172,4841,0,243,24,621,0,0,1,0,1,1,0
0,0,2638,799,1350,469,20,115,205,61,2,0,1,0,1,1,0
0,1,1740,0,1120,502,118,0,146,59,12,0,0,0,1,0,0
0,5,5631,1576,241,3814,0,243,38,523,0,0,1,0,1,1,0
0,1,2855,613,1013,854,375,90,161,113,43,0,1,0,1,0,0
0,4,1121,88,633,400,0,16,96,72,0,0,1,0,1,0,0
0,8,6156,0,6156,0,0,0,940,0,0,0,0,0,0,0,0
0,5,2467,942,542,983,0,143,97,132,0,0,1,0,1,0,0
0,1,2627,684,1007,936,0,86,129,121,0,0,1,0,1,0,0
0,5,5630,1576,240,3814,0,243,37,523,0,0,1,0,1,1,0
0,2,7317,415,3895,930,2077,54,584,120,291,0,1,0,1,0,1
0,0,2472,643,1231,446,152,99,199,59,19,0,1,0,1,1,0
0,1,2653,684,1225,744,0,86,152,88,0,0,1,0,1,0,0
0,0,2262,788,593,497,384,127,74,61,65,0,1,0,1,0,0
1,2,1332,673,273,256,130,95,44,34,15,0,1,0,1,0,0
0,4,2001,134,1594,273,0,20,250,33,0,0,1,0,1,0,0
0,0,5038,746,2792,1192,308,127,384,161,49,0,1,0,1,1,0
0,7,1796,433,1363,0,0,48,209,0,0,0,1,1,1,1,0
0,0,1349,829,433,70,17,131,70,10,2,0,1,0,1,1,0
0,0,995,271,665,50,9,48,110,7,1,0,1,0,1,0,0
0,6,2704,228,2476,0,0,32,311,0,0,0,1,0,0,0,0
0,6,2830,228,2602,0,0,32,347,0,0,0,1,0,0,0,0
0,2,4382,1208,2979,0,195,155,413,0,26,0,1,0,1,0,0
0,1,2535,684,1136,715,0,86,142,86,0,0,1,0,1,0,0
0,2,1718,229,925,564,0,33,119,68,0,0,1,0,1,1,0
0,2,1248,307,358,284,299,55,55,29,38,0,1,0,1,0,0
0,2,4595,1004,2674,917,0,139,397,137,0,0,1,0,1,1,0
0,1,2556,684,1181,691,0,86,150,81,0,0,1,0,1,0,0
0,5,1179,433,746,0,0,48,109,0,0,0,1,0,1,0,0
0,1,1949,559,732,658,0,79,105,76,0,0,1,0,1,1,0
0,1,2921,807,312,1802,0,112,48,208,0,0,1,0,1,0,0
0,0,3298,606,1995,571,126,90,268,78,17,0,1,0,1,1,0
0,7,1948,433,1515,0,0,48,233,0,0,0,1,1,1,1,0
0,5,3141,816,1212,595,518,129,194,86,87,0,1,0,1,0,0
0,0,3573,1441,1433,676,23,220,205,85,2,0,1,0,1,1,0
0,4,1603,0,1267,336,0,0,165,48,0,1,0,0,0,0,0
0,4,3520,539,2981,0,0,81,418,0,0,0,1,0,1,1,0
0,1,2674,684,1227,763,0,86,176,91,0,0,1,0,1,0,0
0,1,4339,684,2262,1393,0,86,319,175,0,0,1,0,1,0,0
0,0,1729,105,1247,185,192,14,149,18,34,0,1,0,1,0,0
0,1,1409,0,270,677,462,0,36,100,70,0,0,0,1,1,0
0,1,3981,684,1969,1328,0,86,271,166,0,0,1,0,1,0,0
0,0,1861,505,745,443,168,79,98,54,21,0,1,0,1,1,0
0,6,96,0,96,0,0,0,13,0,0,0,0,0,0,0,0
0,6,1264,228,1036,0,0,32,146,0,0,0,1,0,0,0,0
0,1,2528,684,1218,626,0,86,150,75,0,0,1,0,1,0,0
0,2,1550,480,502,282,286,69,70,39,39,0,1,0,1,0,0
0,0,2664,1285,704,583,92,176,87,64,8,0,1,0,1,0,0
0,1,2484,684,1219,581,0,86,151,71,0,0,1,0,1,0,0
0,1,2674,684,1227,763,0,86,176,91,0,0,1,0,1,0,0
0,1,2617,684,1219,714,0,86,151,86,0,0,1,0,1,0,0
0,0,6235,904,3487,1236,608,127,459,144,101,1,1,0,1,1,0
0,0,1728,105,1247,184,192,14,149,18,34,0,1,0,1,0,0
0,1,2897,574,889,1434,0,86,132,196,0,0,1,0,1,0,0
0,5,3236,816,1265,637,518,129,204,94,87,0,1,1,1,1,0
0,1,2749,684,1239,826,0,86,163,100,0,0,1,0,1,0,0
0,1,2682,684,1284,714,0,86,160,86,0,0,1,0,1,0,0
0,3,3686,970,696,1565,455,134,104,178,67,0,1,0,1,1,0
0,1,1863,684,555,624,0,86,70,75,0,0,1,0,1,0,0
0,2,3090,684,1463,943,0,86,191,105,0,0,1,0,1,0,0
0,0,2526,538,1107,343,538,72,142,45,72,1,1,0,1,1,0
0,1,2585,684,1223,678,0,86,153,86,0,0,1,0,1,0,0
0,3,4065,917,3148,0,0,148,473,0,0,0,1,0,1,1,0
0,6,795,708,86,1,0,114,15,1,0,0,1,1,1,0,0
0,2,583,53,381,130,19,10,33,18,3,0,1,0,1,1,0
0,0,3911,1042,1574,599,696,178,228,82,111,1,1,0,1,1,0
0,0,3806,229,2336,712,529,33,298,91,71,0,1,0,1,1,0
0,1,3251,684,1833,734,0,86,237,84,0,0,1,0,1,0,0
0,1,4176,684,2271,1221,0,86,299,156,0,0,1,0,1,0,0
0,0,3756,532,2314,871,39,92,306,105,5,0,1,0,1,1,0
0,1,1535,829,619,70,17,131,97,10,2,0,1,0,1,1,0
0,2,583,53,381,130,19,10,33,18,3,0,1,0,1,1,0
0,3,1277,829,342,90,16,131,50,15,2,0,1,0,1,1,0
0,1,5358,684,3605,1069,0,86,457,126,0,0,1,0,1,0,0
0,4,4183,608,3575,0,0,83,525,0,0,0,1,0,1,0,0
0,2,583,53,381,130,19,10,33,18,3,0,1,0,1,1,0
0,1,3860,684,1891,1285,0,86,249,160,0,0,1,0,1,0,0
0,0,474,53,244,158,19,10,35,21,3,0,1,0,1,1,0
0,4,2915,1179,872,654,210,199,123,100,34,0,1,0,1,0,0
0,0,5106,785,3196,909,216,127,504,122,30,0,1,0,1,1,0
0,0,4544,1113,1810,1128,493,155,232,139,69,0,1,0,1,1,0
0,2,3784,384,3400,0,0,70,432,0,0,0,1,0,1,1,0
0,4,2439,672,1340,427,0,96,169,52,0,0,1,0,1,0,0
0,1,1892,693,799,329,71,109,123,38,9,0,1,0,1,1,0
0,2,4014,0,478,3536,0,0,67,445,0,0,0,0,1,0,0
0,1,2601,684,1211,706,0,86,149,86,0,0,1,0,1,0,0
0,0,3732,904,1672,432,724,127,224,66,121,1,1,0,1,0,0
0,7,2288,433,1855,0,0,48,250,0,0,0,1,1,1,1,0
0,1,1258,829,322,90,17,131,37,15,2,0,1,0,1,0,0
0,1,4341,684,2264,1393,0,86,319,175,0,0,1,0,1,0,0
0,0,2529,622,1318,472,117,89,178,69,16,1,1,0,1,0,0
0,1,1715,1096,487,132,0,149,57,16,0,0,1,0,1,0,0
0,1,2441,684,1151,606,0,86,158,77,0,0,1,0,1,0,0
0,6,1016,228,788,0,0,32,110,0,0,0,1,0,0,0,0
0,2,1501,0,986,288,227,0,151,41,37,0,0,0,1,1,0
0,1,2644,377,1488,779,0,60,185,96,0,0,1,0,1,0,0
0,1,3340,536,1190,1489,125,72,177,190,19,0,1,0,1,0,0
0,3,2353,368,539,1424,22,53,68,165,2,0,1,0,1,1,0
0,3,1432,613,161,658,0,74,25,76,0,0,1,0,1,0,0
0,1,2405,684,1191,530,0,86,146,63,0,0,1,0,1,0,0
0,4,5211,1594,3617,0,0,270,609,0,0,0,1,0,1,1,0
0,2,1768,606,881,281,0,90,116,37,0,0,1,0,1,0,0
0,1,2970,684,1572,714,0,86,201,86,0,0,1,0,1,0,0
0,2,3437,1025,1567,248,597,148,179,28,84,0,1,0,1,0,0
0,1,4544,2206,1215,467,656,350,182,65,110,0,1,0,1,1,0
0,7,921,227,694,0,0,35,111,0,0,0,1,0,1,0,0
0,2,1283,175,838,0,270,29,124,0,44,0,1,0,1,1,0
0,4,3970,710,3260,0,0,98,509,0,0,0,1,0,1,1,0
0,1,3508,673,2028,807,0,97,302,112,0,1,1,0,1,0,0
0,0,2239,570,1111,436,122,77,159,50,14,0,1,0,1,1,0
0,3,2224,717,845,196,466,120,110,29,67,0,1,0,1,1,0
0,3,1112,0,1112,0,0,0,147,0,0,0,0,0,1,1,0
0,1,636,0,325,216,95,0,40,28,10,0,0,0,0,0,0
0,1,608,0,249,228,131,0,29,26,13,0,0,0,0,0,0
0,2,2595,684,1222,689,0,86,158,85,0,0,1,0,1,0,0
0,1,2387,236,1351,800,0,35,173,99,0,0,1,0,1,0,0
0,6,957,228,729,0,0,32,91,0,0,0,1,0,0,0,0
0,2,4794,415,3261,879,239,54,459,113,37,0,1,0,1,0,1
0,1,3218,684,1275,1259,0,86,157,176,0,0,1,0,1,0,0
0,0,11810,2690,2661,3490,2969,413,351,483,427,1,1,0,1,1,0
0,7,330,247,83,0,0,40,15,0,0,0,1,0,1,0,0
0,5,908,228,680,0,0,32,84,0,0,0,1,0,0,0,0
0,1,2616,684,1218,714,0,86,150,86,0,0,1,0,1,0,0
0,5,1476,228,1248,0,0,32,192,0,0,0,1,0,0,0,0
0,0,3250,646,862,1186,556,115,147,162,88,0,1,0,1,0,0
0,2,583,53,381,130,19,10,33,18,3,0,1,0,1,1,0
0,1,2789,684,1338,767,0,86,166,94,0,0,1,0,1,0,0
1,0,1509,279,991,172,67,43,144,26,11,0,1,0,1,1,0
0,0,5918,792,2496,693,1937,79,355,101,288,0,1,0,1,0,1
0,4,3109,228,793,2088,0,32,83,267,0,0,1,0,0,0,0
0,2,2844,1395,918,287,244,229,141,33,30,0,1,0,1,1,0
0,0,2615,968,996,367,284,130,149,50,45,0,1,0,1,1,0
0,3,1611,606,615,390,0,90,87,54,0,0,1,0,1,1,0
0,0,6984,2952,2052,664,1316,399,275,91,193,0,1,0,1,0,0
0,0,3189,586,1453,509,641,83,188,66,100,1,1,0,1,0,0
0,1,1953,684,929,340,0,86,117,34,0,0,1,0,1,0,0
0,1,3242,684,1564,994,0,86,212,135,0,0,1,0,1,0,0
0,1,3107,684,1482,941,0,86,185,117,0,0,1,0,1,0,0
0,1,3979,684,1967,1328,0,86,270,166,0,0,1,0,1,0,0
0,1,2364,684,1124,556,0,86,150,66,0,0,1,0,1,0,0
0,1,1753,0,1087,531,135,0,134,64,18,0,0,0,0,1,0
1,2,3175,333,1046,1614,182,48,146,203,20,0,1,0,1,1,0
0,1,3759,799,1959,711,290,115,276,93,45,0,1,0,1,1,0
0,1,2176,684,1030,462,0,86,141,60,0,0,1,0,1,0,0
0,5,5587,1576,233,3778,0,243,36,519,0,0,1,0,1,1,0
0,1,3496,684,1849,963,0,86,244,114,0,0,1,0,1,0,0
0,1,2879,684,1261,934,0,86,165,104,0,0,1,0,1,0,0
0,0,5890,1251,1381,1107,2151,201,209,163,307,1,1,0,1,1,0
0,2,2705,586,954,522,643,83,161,83,109,0,1,0,1,0,0
0,5,2185,829,597,653,106,131,111,87,16,0,1,0,1,0,0
0,6,238,0,238,0,0,0,45,0,0,0,0,0,0,0,0
0,1,4892,684,2554,1654,0,86,329,207,0,0,1,0,1,0,0
0,3,4148,1628,2486,0,34,207,315,0,6,1,1,0,1,1,0
0,1,3064,684,1261,1119,0,86,166,141,0,0,1,0,1,0,0
0,1,3471,799,1849,537,286,115,262,67,44,0,1,0,1,1,0
0,8,2625,0,2625,0,0,0,306,0,0,0,0,0,0,0,0
0,1,1945,684,647,614,0,86,86,78,0,0,1,0,1,0,0
0,1,3368,684,1824,860,0,86,236,99,0,0,1,0,1,0,0
0,1,3128,684,1500,944,0,86,208,106,0,0,1,0,1,0,0
0,1,2718,684,1356,678,0,86,169,86,0,0,1,0,1,0,0
0,1,2656,684,1226,746,0,86,152,92,0,0,1,0,1,0,0
0,4,3617,333,1043,2059,182,48,144,301,20,0,1,0,1,0,0
0,1,2620,684,1221,715,0,86,150,86,0,0,1,0,1,0,0
0,1,3053,684,1427,942,0,86,181,105,0,0,1,0,1,0,0
0,0,3619,1025,1624,434,536,148,212,58,81,0,1,0,1,0,0
1,0,2628,721,852,495,560,107,130,55,77,0,1,0,1,1,0
0,2,4523,450,1408,1923,742,69,217,269,104,0,1,0,1,1,0
0,2,4604,1594,3010,0,0,270,464,0,0,0,1,0,1,1,0
0,6,1013,228,785,0,0,32,105,0,0,0,1,0,0,0,0
0,1,3216,684,1874,658,0,86,247,89,0,0,1,0,1,0,0
1,0,2351,721,753,402,475,107,113,49,66,0,1,0,1,1,0
0,0,4473,708,1972,604,1189,114,293,72,174,0,1,0,1,1,0
0,1,2348,442,1491,251,164,75,213,27,20,0,1,0,1,0,0
0,4,2687,321,565,1429,372,45,82,188,51,0,1,0,1,0,0
0,1,3946,684,1831,1431,0,86,253,178,0,0,1,0,1,0,0
0,1,3941,684,2057,1200,0,86,280,152,0,0,1,0,1,0,0
0,1,2677,684,1224,769,0,86,151,93,0,0,1,0,1,0,0
0,3,1924,587,1337,0,0,96,183,0,0,1,1,0,1,1,0
0,1,2556,684,1180,692,0,86,150,81,0,0,1,0,1,0,0
0,0,799,345,222,176,56,42,35,27,9,0,1,0,1,1,0
0,6,1030,228,802,0,0,32,118,0,0,0,1,0,0,0,0
0,2,3122,590,2175,357,0,88,336,40,0,0,1,0,1,1,0
0,0,2622,552,837,852,381,71,95,116,57,0,1,0,1,1,0
0,1,4382,684,2268,1430,0,86,293,188,0,0,1,0,1,0,0
0,1,4311,684,3218,409,0,86,421,45,0,0,1,0,1,0,0
0,1,2623,684,1225,714,0,86,152,86,0,0,1,0,1,0,0
0,0,3940,1344,1393,1085,118,222,211,153,23,1,1,0,1,0,0
0,7,1538,433,1105,0,0,48,156,0,0,0,1,1,1,1,0
0,5,750,0,300,450,0,0,36,53,0,0,0,0,0,0,0
1,0,3229,1050,1172,938,69,155,187,134,8,0,1,0,1,1,0
0,2,5071,1419,2950,702,0,206,435,92,0,0,1,0,1,1,0
0,1,4278,684,1699,1895,0,86,216,249,0,0,1,0,1,0,0
0,1,3922,684,2536,702,0,86,336,95,0,0,1,0,1,0,0
0,1,3985,684,1973,1328,0,86,270,166,0,0,1,0,1,0,0
0,1,2014,0,933,998,83,0,131,140,15,1,0,0,1,0,0
0,1,1863,567,647,649,0,88,95,85,0,0,1,0,1,1,0
0,1,2623,684,1233,706,0,86,152,86,0,0,1,0,1,0,0
0,1,3983,684,1971,1328,0,86,271,166,0,0,1,0,1,0,0
0,1,2956,1095,1040,472,349,192,167,55,61,0,1,0,1,1,0
0,1,2688,554,1067,1067,0,88,150,150,0,0,1,0,1,0,0
0,0,2610,275,503,1509,323,39,77,219,47,1,1,0,1,1,0
0,2,4013,708,1864,345,1096,114,269,37,159,0,1,0,1,0,0
0,1,3887,570,1240,1817,260,77,169,249,45,0,1,0,1,1,0
0,0,3631,690,1384,957,600,98,207,126,95,1,1,0,1,1,0
0,2,583,53,381,130,19,10,33,18,3,0,1,0,1,1,0
0,1,4340,684,2262,1394,0,86,319,175,0,0,1,0,1,0,0
0,1,2496,684,1218,594,0,86,150,74,0,0,1,0,1,0,0
0,1,2665,684,1355,626,0,86,164,75,0,0,1,0,1,0,0
0,6,838,0,175,486,177,0,31,67,17,0,0,0,1,0,0
0,0,2966,606,1950,284,126,90,272,41,17,0,1,0,1,1,0
0,0,3080,1050,880,999,151,155,115,137,22,0,1,0,1,1,0
0,1,2608,684,1306,618,0,86,163,74,0,0,1,0,1,0,0
0,1,3367,684,1454,1229,0,86,191,153,0,0,1,0,1,0,0
0,1,2560,684,908,968,0,86,127,133,0,0,1,0,1,0,0
0,3,1051,0,1051,0,0,0,133,0,0,1,0,0,1,0,0
0,1,3443,684,1975,784,0,86,244,95,0,0,1,0,1,0,0
0,2,129,0,117,6,6,0,22,1,1,1,0,0,0,0,0
0,0,3781,1042,1140,903,696,178,177,114,111,0,1,0,1,1,0
0,7,1314,433,881,0,0,48,130,0,0,0,1,1,1,1,0
1,0,3152,256,2618,205,73,40,405,28,9,0,1,0,1,0,0
0,1,1381,132,908,341,0,24,141,51,0,0,1,0,1,0,0
0,6,5012,651,3694,667,0,107,466,84,0,0,1,1,1,0,0
0,0,6225,2065,2182,1289,689,333,338,174,90,1,1,0,1,1,0
0,3,3452,727,754,828,1143,99,106,113,154,0,1,0,1,1,0
0,7,2944,454,2490,0,0,68,347,0,0,0,1,0,1,0,0
0,1,3535,1043,1260,627,605,175,205,92,83,1,1,0,1,1,0
0,5,1647,228,1419,0,0,32,213,0,0,0,1,0,0,0,0
0,1,3342,684,1353,1305,0,86,180,172,0,0,1,0,1,0,0
0,2,1588,0,655,844,89,0,116,89,14,0,0,0,0,0,0
0,4,5170,1014,3799,357,0,167,521,43,0,0,1,0,1,1,0
0,2,628,271,357,0,0,48,59,0,0,0,1,0,1,0,0
0,7,1249,433,816,0,0,48,120,0,0,0,1,1,1,0,0
0,7,3294,601,2693,0,0,91,365,0,0,0,1,0,1,0,0
0,6,10589,1294,9295,0,0,170,1268,0,0,0,1,0,1,1,0
0,1,3962,574,2105,1283,0,86,280,181,0,0,1,0,1,0,0
0,6,2994,879,999,1116,0,141,136,167,0,0,1,0,1,0,0
0,2,583,53,381,130,19,10,33,18,3,0,1,0,1,1,0
0,0,2411,638,717,885,171,107,117,126,20,0,1,0,1,1,0
0,1,4587,684,2903,1000,0,86,361,120,0,0,1,0,1,0,0
0,5,3448,1708,857,234,649,290,151,39,118,0,1,0,1,1,0
0,2,2153,0,1483,670,0,0,216,76,0,0,0,0,0,0,0
0,1,6437,706,1617,3808,306,110,207,466,43,0,1,0,1,1,0
0,1,2947,684,1563,700,0,86,213,83,0,0,1,0,1,0,0
0,1,2617,684,1219,714,0,86,150,86,0,0,1,0,1,0,0
0,7,1636,829,807,0,0,131,116,0,0,0,1,0,1,0,0
0,0,3958,1042,1500,720,696,178,218,101,111,0,1,0,1,1,0
0,1,4149,0,2546,1407,196,0,346,179,29,0,0,0,1,1,0
0,3,4807,1419,2796,592,0,206,380,70,0,0,1,0,1,0,0
0,5,2598,575,436,1587,0,86,56,175,0,0,1,0,1,0,0
0,7,2007,433,1574,0,0,48,235,0,0,0,1,1,1,0,0
0,0,3840,1446,349,1997,48,223,39,253,6,0,1,0,1,1,0
0,4,3355,636,2719,0,0,91,388,0,0,0,1,0,1,0,0
0,5,1838,228,1610,0,0,32,225,0,0,0,1,0,0,0,0
0,2,2636,885,1236,515,0,141,172,79,0,0,1,0,1,0,0
0,1,2528,684,1218,626,0,86,150,75,0,0,1,0,1,0,0
0,1,1586,829,671,70,16,131,97,10,2,1,1,0,1,0,0
0,1,2283,684,900,699,0,86,117,98,0,0,1,0,1,0,0
0,1,2620,684,1222,714,0,86,150,86,0,0,1,0,1,0,0
0,1,2452,684,1093,675,0,86,137,88,0,0,1,0,1,0,0
0,0,4188,1309,1814,730,335,190,274,92,56,0,1,0,1,0,0
0,1,4524,684,2357,1483,0,86,312,197,0,0,1,0,1,0,0
0,2,583,53,381,130,19,10,33,18,3,0,1,0,1,1,0
0,1,1445,396,1043,6,0,50,128,1,0,0,1,0,1,0,0
0,0,3499,552,1506,1060,381,71,201,150,57,0,1,0,1,1,0
0,1,2442,684,1151,607,0,86,158,77,0,0,1,0,1,0,0
0,7,1436,433,1003,0,0,48,147,0,0,0,1,1,1,1,0
0,7,1489,433,1056,0,0,48,131,0,0,0,1,1,1,1,0
0,5,2432,321,517,1347,247,45,67,161,30,0,1,0,1,1,0
0,1,2692,684,1225,783,0,86,151,95,0,0,1,0,1,0,0
0,1,1644,684,437,523,0,86,60,72,0,0,1,0,1,0,0
0,2,2295,0,1880,415,0,0,272,52,0,0,0,0,1,1,0
0,1,1582,281,786,515,0,33,100,75,0,0,1,0,1,0,0
0,2,4113,2206,927,475,505,350,136,60,85,0,1,0,1,0,0
1,1,2867,333,874,1478,182,48,122,185,20,0,1,0,1,1,0
0,2,583,53,381,130,19,10,33,18,3,0,1,0,1,1,0
0,1,3047,684,1421,942,0,86,181,105,0,0,1,0,1,0,0
0,2,583,53,381,130,19,10,33,18,3,0,1,0,1,1,0
0,7,1549,1369,180,0,0,218,26,0,0,0,1,1,1,1,0
0,0,1627,829,702,79,17,131,109,12,2,0,1,0,1,1,0
0,1,2979,684,1581,714,0,86,202,86,0,0,1,0,1,0,0
0,5,1000,228,772,0,0,32,88,0,0,0,1,0,0,0,0
0,0,908,33,526,199,150,6,80,23,19,0,1,0,1,1,0
0,2,583,53,381,130,19,10,33,18,3,0,1,0,1,1,0
0,5,3448,1708,857,234,649,290,151,39,118,0,1,0,1,1,0
1,0,3832,1022,1737,361,712,162,282,52,114,1,1,0,1,1,0
0,4,2733,1126,766,841,0,172,108,113,0,0,1,1,1,1,0
0,1,2875,684,1199,992,0,86,158,127,0,0,1,0,1,0,0
0,2,583,53,381,130,19,10,33,18,3,0,1,0,1,1,0
0,1,2382,684,622,1076,0,86,75,139,0,0,1,0,1,0,0
0,7,1538,829,709,0,0,131,98,0,0,0,1,0,1,0,0
0,3,1766,316,717,733,0,53,103,104,0,0,1,0,1,0,0
0,2,583,53,381,130,19,10,33,18,3,0,1,0,1,1,0
0,1,2939,684,1263,992,0,86,169,127,0,0,1,0,1,0,0
0,0,3086,1565,1239,83,199,256,204,8,32,0,1,0,1,1,0
0,0,4609,792,960,1114,1743,79,124,153,260,0,1,0,1,1,1
0,0,1024,271,672,71,10,48,89,11,2,0,1,0,1,1,0
0,3,1238,672,412,154,0,96,76,21,0,0,1,0,1,1,0
1,0,3803,720,1613,673,797,100,222,85,110,0,1,0,1,0,0
0,0,2570,717,1143,244,466,120,164,39,67,0,1,0,1,1,0
0,7,1908,433,1475,0,0,48,222,0,0,0,1,1,1,1,0
0,3,4604,702,2197,1064,641,110,338,181,94,0,1,0,1,0,0
0,2,583,53,381,130,19,10,33,18,3,0,1,0,1,1,0
0,1,5131,1708,2139,776,508,290,358,119,89,0,1,0,1,1,0
0,7,1532,433,1099,0,0,48,151,0,0,0,1,1,1,1,0
1,2,1833,138,860,558,277,22,134,87,41,0,1,0,1,1,0
0,0,3782,1085,1944,397,356,190,257,45,50,1,1,1,1,0,1
0,2,583,53,381,130,19,10,33,18,3,0,1,0,1,1,0
0,7,1488,433,1055,0,0,48,155,0,0,0,1,1,1,1,0
0,6,2991,406,2318,0,267,67,293,0,29,0,1,1,1,0,0
0,7,2021,433,1588,0,0,48,233,0,0,0,1,1,1,1,0
0,3,1507,829,591,70,17,131,90,10,2,0,1,0,1,1,0
0,5,3448,1708,857,234,649,290,151,39,118,0,1,0,1,1,0
0,6,7090,2425,4324,0,341,370,652,0,45,0,1,0,1,0,0
0,2,3197,0,1591,1591,15,0,214,214,3,1,0,0,0,0,0
0,1,4007,1492,1682,833,0,234,220,110,0,0,1,0,1,0,0
0,0,3873,746,2043,516,568,127,288,84,85,0,1,0,1,1,0
0,1,1695,522,805,368,0,95,119,45,0,0,1,0,1,0,0
0,1,3594,763,1824,546,461,130,293,73,76,0,1,0,1,1,0
0,1,510,0,381,47,82,0,62,6,12,1,0,0,0,0,0
0,1,6526,1708,2410,1509,899,290,431,259,167,0,1,0,1,1,0
0,7,2373,433,1940,0,0,48,287,0,0,0,1,1,1,1,0
0,7,1738,897,841,0,0,157,156,0,0,0,1,0,1,0,0
0,4,2995,580,1705,710,0,93,227,95,0,0,1,0,1,0,0
0,0,2343,422,1295,503,123,68,181,65,14,0,1,0,1,0,0
0,1,2244,134,1106,610,394,20,169,84,52,0,1,0,1,1,0
0,2,3210,885,1734,591,0,141,255,81,0,0,1,0,1,0,0
0,2,3121,536,2585,0,0,78,382,0,0,0,1,0,1,1,0
0,1,1665,829,750,69,17,131,110,10,2,0,1,0,1,1,0
0,1,2565,684,1167,714,0,86,147,86,0,0,1,0,1,0,0
0,1,1981,210,781,747,243,32,98,88,36,1,1,0,1,1,0
0,2,1533,134,761,444,194,20,120,71,29,0,1,0,1,1,0
0,1,4133,2270,889,497,477,330,122,67,47,0,1,0,1,1,0
0,1,3107,684,1327,1096,0,86,171,137,0,0,1,0,1,0,0
0,1,4339,684,2262,1393,0,86,319,175,0,0,1,0,1,0,0
0,5,915,70,845,0,0,1,121,0,0,0,1,0,1,0,0
0,1,2472,684,1074,714,0,86,133,86,0,0,1,0,1,0,0
0,1,3432,684,1823,925,0,86,236,109,0,0,1,0,1,0,0
0,1,3914,690,1607,1047,570,98,274,147,92,0,1,0,1,0,0
0,0,2611,477,1211,842,81,63,176,96,11,0,1,0,1,1,0
0,1,4025,1481,1065,1479,0,264,174,208,0,0,1,0,1,0,0
0,5,3448,1708,857,234,649,290,151,39,118,0,1,0,1,1,0
0,2,1415,0,1108,307,0,0,128,36,0,1,0,0,1,1,0
0,0,4503,2206,1230,557,510,350,185,67,82,0,1,0,1,1,0
0,5,1229,369,305,285,270,63,48,40,34,0,1,0,1,1,0
0,2,3336,1149,1682,505,0,140,207,69,0,0,1,0,1,0,0
0,1,3092,1095,1077,606,314,192,156,79,54,0,1,0,1,1,0
0,0,3446,1565,1376,346,159,256,233,50,25,1,1,0,1,1,0
0,1,1020,0,244,677,99,0,38,88,14,0,0,0,0,0,0
0,1,3900,341,2600,959,0,51,355,132,0,0,1,0,1,0,0
0,0,4288,614,1943,820,911,85,223,100,115,0,1,0,1,0,0
0,1,3098,684,1421,993,0,86,181,111,0,0,1,1,1,0,0
0,0,4772,403,2565,1444,360,55,355,177,58,0,1,0,1,1,0
0,3,2292,1230,1062,0,0,184,147,0,0,1,1,0,1,0,0
0,0,1985,204,555,618,608,25,85,79,72,1,1,0,1,1,0
0,3,1034,0,415,362,257,0,62,50,30,1,0,0,0,0,0
0,0,3151,1264,1199,515,173,216,157,67,22,0,1,0,1,0,0
0,0,4192,1049,2439,346,358,151,312,43,51,0,1,0,1,1,0
0,2,3610,1025,1237,612,736,148,152,77,98,0,1,0,1,0,0
0,0,4879,2065,2326,308,180,333,372,42,21,0,1,0,1,1,0
0,2,1454,476,700,278,0,63,83,36,0,0,1,0,1,0,0
0,2,583,53,381,130,19,10,33,18,3,0,1,0,1,1,0
0,1,924,236,433,255,0,35,60,35,0,0,1,0,1,0,0
0,0,4636,606,2679,487,864,77,359,56,148,0,1,0,1,0,0
0,1,3424,461,2235,728,0,65,290,92,0,0,1,0,1,1,0
0,3,2885,389,1849,469,178,52,266,65,23,0,1,0,1,1,0
0,3,1777,1545,186,46,0,226,33,3,0,0,1,0,1,0,0
0,4,3561,228,1793,1540,0,32,223,188,0,0,1,0,0,0,0
0,2,2716,384,2332,0,0,70,343,0,0,0,1,0,1,1,0
0,0,3478,746,2124,258,350,127,333,37,48,0,1,0,1,1,0
0,1,2547,0,1179,1083,285,0,163,142,44,1,0,0,1,0,0
0,1,2555,1258,773,524,0,230,113,74,0,0,1,0,1,0,0
0,3,3857,970,1518,472,897,134,209,72,143,0,1,0,1,1,0
0,3,2755,1064,1691,0,0,155,228,0,0,0,1,0,1,1,0
0,1,2981,829,1040,1112,0,128,134,129,0,0,1,0,1,0,0
0,4,5295,1594,3701,0,0,270,583,0,0,0,1,0,1,1,0
0,2,1223,681,308,234,0,105,39,26,0,0,1,0,1,1,0
0,1,3236,570,1548,927,191,77,210,128,30,0,1,0,1,1,0
0,0,2250,651,827,336,436,100,109,44,65,0,1,0,1,1,0
0,6,938,228,710,0,0,32,85,0,0,0,1,0,0,0,0
0,0,5535,2206,1881,800,648,350,263,91,103,1,1,0,1,0,0
0,0,4274,1099,1616,1160,399,147,231,154,42,0,1,0,1,1,1
0,2,5270,1484,601,2525,660,240,97,392,95,1,1,0,1,1,0
0,2,4768,1110,1965,632,1061,158,281,79,157,0,1,0,1,1,0
0,0,5309,1251,747,1160,2151,201,114,114,307,1,1,0,1,1,0
0,2,2326,536,1313,460,17,72,163,59,2,0,1,0,1,0,0
0,1,2713,617,1436,660,0,92,193,73,0,0,1,0,1,0,0
0,0,3071,769,1061,429,812,112,134,49,116,0,1,0,1,0,0
0,2,3024,1096,1296,632,0,149,175,81,0,1,1,0,1,1,0
0,0,2261,735,208,1234,84,74,24,171,11,0,1,0,1,0,0
0,1,3751,130,1222,1965,434,16,178,251,63,0,1,0,1,1,0
0,0,7816,461,2295,5026,34,65,302,637,5,0,1,0,1,1,0
0,5,2277,228,2049,0,0,32,264,0,0,0,1,0,0,0,0
0,0,4411,717,2883,345,466,120,376,42,67,0,1,0,1,1,0
0,0,6353,2065,2354,1245,689,333,365,168,90,1,1,0,1,1,0
0,0,3292,233,2726,288,45,33,121,37,4,0,1,0,1,1,0
0,0,2395,353,764,684,594,44,99,107,83,0,1,0,1,0,0
0,1,1541,829,625,70,17,131,99,10,2,0,1,0,1,1,0
0,5,1430,228,1202,0,0,32,164,0,0,0,1,0,0,0,0
0,0,2021,651,746,473,151,100,107,60,16,0,1,0,1,0,0
0,2,583,53,381,130,19,10,33,18,3,0,1,0,1,1,0
0,1,3311,694,979,1443,195,105,152,198,29,0,1,0,1,1,0
0,6,715,0,715,0,0,0,96,0,0,0,0,0,0,0,0
0,1,2742,651,1043,610,438,100,143,73,65,0,1,0,1,1,0
0,0,2925,720,827,1226,152,126,101,166,19,1,1,0,1,1,0
0,0,3066,353,1428,673,612,44,201,106,89,1,1,0,1,1,0
0,0,6581,4007,324,2116,134,588,47,255,11,0,1,0,1,1,0
0,0,3807,1042,1510,559,696,178,204,71,111,0,1,0,1,1,0
1,1,1322,351,596,375,0,48,99,36,0,0,1,0,1,1,0
0,0,2871,1178,1122,252,319,173,162,32,43,1,1,0,1,1,0
0,2,1501,0,944,501,56,0,124,50,6,0,0,0,0,0,0
0,2,3722,2388,391,648,295,361,69,94,43,0,1,0,1,1,0
0,1,2100,720,851,529,0,126,108,63,0,0,1,0,1,1,0
0,5,2787,741,1215,398,433,111,203,45,70,0,1,0,1,1,0
0,0,3714,1344,1527,702,141,222,204,81,21,0,1,0,1,0,0
0,4,3786,695,1082,1192,817,120,161,186,138,0,1,0,1,1,0
0,1,885,236,401,248,0,35,58,41,0,0,1,0,1,0,0
0,6,2714,228,2486,0,0,32,314,0,0,0,1,0,0,0,0
0,2,2958,405,382,1512,659,65,62,198,107,0,1,0,1,1,0
0,1,2734,552,855,949,378,71,97,131,56,0,1,0,1,1,0
0,5,2226,0,2226,0,0,0,265,0,0,0,0,0,0,0,0
0,0,3269,913,1422,585,349,75,194,69,43,0,1,0,1,0,0
0,0,4008,1025,2180,248,555,148,255,28,82,0,1,0,1,0,0
0,0,1875,300,409,740,426,44,57,92,64,0,1,0,1,1,0
0,2,583,53,381,130,19,10,33,18,3,0,1,0,1,1,0
0,1,2631,683,1411,537,0,124,184,71,0,1,1,0,1,0,0
0,1,3043,763,1305,452,523,130,231,69,87,0,1,0,1,1,0
0,0,3140,913,981,887,359,130,144,124,50,1,1,0,1,1,0
0,1,2985,0,1524,321,1140,0,224,35,195,0,0,0,1,0,0
0,0,3319,1344,979,791,205,222,137,102,28,1,1,0,1,0,0
0,1,4802,1708,1580,651,863,290,275,99,162,0,1,0,1,1,0
0,1,2400,657,920,435,388,100,111,57,54,0,1,0,1,0,0
0,0,3225,630,1535,962,98,102,210,133,14,0,1,0,1,0,0
1,3,2007,554,1002,451,0,73,152,69,0,0,1,0,1,1,0
0,1,3503,746,2022,683,52,127,299,106,7,0,1,0,1,1,0
0,3,1203,0,1203,0,0,0,157,0,0,0,0,0,0,0,0
0,0,2376,544,959,446,427,100,141,68,71,0,1,0,1,1,0
0,1,3947,1482,1167,674,624,209,159,88,82,0,1,1,1,0,0
0,0,1734,744,563,314,113,122,85,40,20,0,1,0,1,1,0
0,2,583,53,381,130,19,10,33,18,3,0,1,0,1,1,0
0,4,2239,0,2239,0,0,0,363,0,0,0,0,0,0,0,0
0,0,3080,579,643,1368,490,87,97,182,55,0,1,0,1,1,0
0,5,1473,228,1245,0,0,32,177,0,0,0,1,0,0,0,0
0,4,2393,424,1158,576,235,70,189,85,45,0,1,0,1,1,0
0,1,4417,684,2639,1094,0,86,358,132,0,0,1,0,1,0,0
0,0,3690,717,2162,345,466,120,257,42,67,0,1,0,1,1,0
0,7,1456,672,784,0,0,96,121,0,0,0,1,0,1,1,0
0,1,1498,829,582,70,17,131,85,10,2,0,1,0,1,1,0
0,2,1436,464,737,235,0,71,102,33,0,0,1,0,1,0,0
0,3,331,0,331,0,0,0,45,0,0,1,0,1,0,0,0
0,0,3862,694,2377,513,278,105,343,67,36,0,1,0,1,1,0
0,6,1530,672,852,6,0,96,131,1,0,0,1,0,1,1,0
0,1,4041,1481,1782,778,0,264,299,94,0,0,1,0,1,0,0
0,7,453,384,69,0,0,70,10,0,0,0,1,0,1,0,0
0,2,5394,230,3950,1214,0,36,548,147,0,0,1,0,1,0,0
0,1,638,233,308,97,0,33,44,7,0,0,1,0,1,0,0
0,1,1804,324,663,492,325,47,92,63,47,0,1,0,1,1,0
0,4,1674,634,400,155,485,100,60,20,78,0,1,0,1,0,0
0,0,4961,645,684,3191,441,93,95,416,61,0,1,0,1,1,0
0,1,2107,0,1199,773,135,0,150,103,18,0,0,0,0,1,0
0,0,4785,2019,1484,1155,127,311,229,169,14,0,1,0,1,1,0
0,0,2258,708,1249,184,117,118,210,25,16,1,1,0,1,0,0
0,1,3339,1344,1694,301,0,222,268,40,0,1,1,0,1,0,0
0,0,4985,78,2824,1205,878,11,389,150,104,0,1,0,1,1,1
0,3,1279,829,343,91,16,131,50,15,2,0,1,0,1,1,0
0,5,1628,228,1400,0,0,32,192,0,0,0,1,0,0,0,0
0,5,4656,1576,152,2928,0,243,19,390,0,0,1,0,1,1,0
0,0,2785,422,1461,566,336,68,194,71,48,0,1,0,1,0,0
0,5,3342,553,1564,393,832,72,239,59,122,0,1,0,1,1,0
0,1,1243,0,371,527,345,0,54,86,20,1,0,0,0,0,0
0,3,2569,511,1523,535,0,73,236,67,0,0,1,0,1,1,0
0,4,2397,1298,1099,0,0,203,182,0,0,0,1,0,1,0,0
0,8,93,0,93,0,0,0,15,0,0,0,0,0,1,0,0
0,0,1750,592,267,217,674,92,44,27,123,1,1,0,1,0,0
0,5,3227,778,2384,65,0,100,301,10,0,0,1,0,1,0,0
0,0,5930,1251,832,1483,2364,201,139,209,344,1,1,0,1,1,0
0,2,4496,1808,2688,0,0,264,346,0,0,1,1,0,1,0,0
0,0,1876,592,127,483,674,92,22,51,123,1,1,0,1,0,0
0,1,2428,1564,384,480,0,182,46,66,0,1,1,0,1,1,0
0,2,559,53,332,155,19,10,28,21,3,0,1,0,1,0,0
0,0,2806,552,1284,471,499,71,171,75,64,0,1,0,1,1,0
0,6,745,228,517,0,0,32,78,0,0,0,1,0,0,0,0
0,0,3335,570,1594,751,420,77,220,102,69,0,1,0,1,1,0
0,0,2509,1050,466,956,37,155,68,122,5,0,1,0,1,1,0
0,1,5114,1251,979,733,2151,201,164,107,307,1,1,0,1,1,0
0,4,4907,1025,2700,770,412,154,396,98,67,0,1,0,1,1,0
0,0,1302,559,92,236,415,79,13,28,42,0,1,0,1,1,0
0,2,4239,970,2128,947,194,134,267,138,25,0,1,0,1,1,0
0,1,663,0,612,3,48,0,82,1,5,1,0,0,0,0,0
0,5,1555,46,598,257,654,7,107,45,113,0,1,1,1,0,0
0,0,2094,829,1130,87,48,131,181,8,7,1,1,0,1,0,0
0,2,3500,549,2055,0,896,87,333,0,157,0,1,0,1,1,0
0,2,3203,1344,1859,0,0,222,272,0,0,1,1,0,1,0,0
0,0,2806,552,1284,471,499,71,171,75,64,0,1,0,1,1,0
0,6,1216,0,1128,88,0,0,139,11,0,0,0,0,0,1,0
0,6,3505,575,2663,267,0,86,339,31,0,0,1,0,1,0,0
0,0,4421,614,2110,786,911,85,261,93,115,0,1,0,1,0,0
0,0,5840,1251,1383,1107,2099,201,209,163,300,0,1,0,1,0,0
0,4,3431,539,2892,0,0,81,400,0,0,0,1,0,1,1,0
0,4,2605,134,1381,707,383,20,207,93,51,0,1,0,1,1,0
0,0,6724,579,4028,1627,490,87,562,207,55,0,1,0,1,1,0
0,6,2566,1557,482,527,0,230,74,76,0,0,1,1,1,0,0
0,0,4165,1685,922,1075,483,263,143,145,64,0,1,0,0,1,0
0,1,4258,1505,1787,966,0,215,247,124,0,0,1,0,1,1,0
0,6,2679,228,2451,0,0,32,344,0,0,0,1,0,0,0,0
0,0,3924,786,2546,489,103,125,329,54,11,1,1,0,1,0,0
0,2,785,0,692,93,0,0,82,14,0,0,0,0,0,0,0
0,2,1535,0,487,1048,0,0,80,139,0,0,0,0,0,0,0
0,7,1477,433,1044,0,0,48,156,0,0,0,1,1,1,1,0
0,4,2622,747,1240,635,0,125,162,86,0,0,1,0,1,0,0
0,0,3193,1441,1169,299,284,220,155,38,42,0,1,0,1,1,0
0,5,5185,0,4885,300,0,0,677,17,0,0,0,0,1,0,0
0,1,2398,315,1253,683,147,54,191,80,14,0,1,0,1,0,0
0,2,583,53,381,130,19,10,33,18,3,0,1,0,1,1,0
0,0,4655,1146,1489,1258,762,192,227,199,135,1,1,0,1,1,0
0,2,3152,509,1296,1032,315,79,190,169,43,0,1,0,1,0,0
0,5,4725,1147,798,454,2326,170,137,83,355,0,1,0,1,1,0
0,1,3462,584,1518,943,417,102,252,149,69,1,1,0,1,1,0
0,3,1854,324,653,409,468,47,105,55,71,0,1,0,1,0,0
0,1,2989,0,1528,321,1140,0,223,35,195,0,0,0,1,0,0
0,5,2509,0,1042,953,514,0,141,136,89,0,0,0,0,0,0
0,1,1589,829,673,70,17,131,98,10,2,0,1,0,1,1,0
0,0,6357,2065,2358,1245,689,333,367,168,90,1,1,0,1,1,0
0,6,760,0,760,0,0,0,120,0,0,1,0,0,0,0,0
0,2,674,53,472,130,19,10,48,18,3,0,1,0,1,1,0
0,2,1711,929,293,489,0,132,47,75,0,0,1,0,1,0,0
0,1,2285,859,898,528,0,148,135,76,0,0,1,0,1,1,0
0,1,2558,904,912,742,0,127,128,105,0,1,1,0,1,0,0
0,0,3252,1588,776,306,582,261,112,42,95,0,1,0,1,1,0
0,0,2671,717,1205,283,466,120,174,44,67,0,1,0,1,1,0
0,5,2800,463,501,1675,161,77,87,251,22,0,1,0,1,0,0
0,0,2240,570,1123,425,122,77,163,49,14,0,1,0,1,1,0
0,6,3197,406,2524,0,267,67,320,0,29,0,1,1,1,0,0
0,4,2949,1557,664,488,240,230,106,68,36,0,1,1,1,0,0
0,1,2732,373,1450,694,215,59,197,84,29,1,1,0,1,0,0
0,4,3109,746,1737,257,369,127,247,38,48,0,1,0,1,1,0
0,3,3020,0,2083,937,0,0,275,118,0,0,0,0,1,0,0
0,0,2187,588,797,718,84,89,121,82,9,0,1,0,1,1,0
0,0,6367,2065,2368,1245,689,333,367,168,90,1,1,0,1,1,0
0,0,3335,517,1970,713,135,75,257,87,18,1,1,0,0,0,0
0,7,2103,433,1670,0,0,48,219,0,0,0,1,1,1,1,0
0,0,1313,693,296,135,189,106,48,16,19,0,1,0,1,0,0
0,3,355,0,341,14,0,0,63,2,0,0,0,0,0,0,0
0,1,2899,333,874,1510,182,48,122,189,20,0,1,0,1,0,0
0,2,583,53,381,130,19,10,33,18,3,0,1,0,1,1,0
0,2,583,53,381,130,19,10,33,18,3,0,1,0,1,1,0
0,3,2603,865,1738,0,0,124,222,0,0,0,1,0,1,0,0
0,0,4568,1025,2547,419,577,148,339,48,89,0,1,0,1,0,0
0,2,3043,325,851,1867,0,49,130,232,0,0,1,0,1,1,0
0,1,2791,917,1324,402,148,148,190,50,13,0,1,0,1,1,0
0,0,5215,694,3512,927,82,105,507,120,10,0,1,0,1,0,0
0,2,2804,1079,658,611,456,182,98,82,51,0,1,0,1,0,0
0,6,1314,228,1086,0,0,32,128,0,0,0,1,0,0,0,0
0,1,3047,342,1937,449,319,47,291,56,48,0,1,0,1,1,0
0,0,1263,693,105,276,189,106,16,40,19,0,1,0,1,0,0
0,0,2134,592,410,458,674,92,61,70,123,1,1,0,1,0,0
0,1,4041,1481,1782,778,0,264,299,94,0,0,1,0,1,0,0
0,1,1573,829,656,71,17,131,94,10,2,0,1,0,1,1,0
0,3,2508,1356,503,401,248,207,74,55,40,0,1,0,1,0,0
0,3,3590,1202,537,1851,0,141,56,216,0,1,1,0,1,0,0
0,2,2416,873,541,600,402,146,88,79,67,0,1,0,1,0,0
0,1,2025,415,1028,582,0,54,136,76,0,0,1,0,1,0,1
0,0,3997,1402,1806,558,231,182,237,75,42,0,1,0,1,0,0
0,5,3834,1014,2473,347,0,167,359,48,0,0,1,0,1,1,0
1,0,2884,636,1262,680,306,95,191,99,48,1,1,0,1,1,0
0,0,2405,1460,612,70,263,199,99,9,44,0,1,0,1,1,0
0,5,2873,115,2758,0,0,18,425,0,0,1,1,0,1,1,0
0,0,2556,748,509,1121,178,116,71,135,22,1,1,0,1,1,0
0,2,4167,958,2270,700,239,154,322,86,31,0,1,0,1,1,0
0,0,1470,829,554,70,17,131,84,10,2,0,1,0,1,1,0
0,0,3011,549,1627,522,313,87,233,68,51,0,1,0,1,0,0
0,0,5947,615,2631,1060,1641,97,446,185,296,1,1,0,1,0,0
0,3,1853,829,866,142,16,131,128,25,2,0,1,0,1,1,0
0,0,1984,664,901,392,27,104,116,44,3,1,1,0,0,1,0
0,2,2341,0,1995,290,56,0,308,36,7,0,0,0,0,0,0
1,0,2878,636,1256,680,306,95,190,99,48,1,1,0,1,1,0
0,3,1475,829,539,91,16,131,86,15,2,0,1,0,1,1,0
0,2,2625,879,1119,441,186,141,141,59,22,0,1,0,1,1,0
0,5,2946,702,647,800,797,110,109,92,116,0,1,0,1,0,0
1,0,2882,636,1260,680,306,95,191,99,48,1,1,0,1,1,0
1,0,2881,636,1259,680,306,95,190,99,48,1,1,0,1,1,0
0,4,2167,815,892,460,0,121,122,51,0,0,1,0,1,1,0
0,0,3810,1049,855,1403,503,151,111,179,67,0,1,0,1,1,0
1,0,3330,788,710,1553,279,135,126,252,41,0,1,0,1,1,0
0,3,3570,910,2026,634,0,141,287,85,0,0,1,0,1,0,0
0,1,2528,684,1377,467,0,86,173,56,0,0,1,0,1,0,0
0,1,3091,857,1423,366,445,121,195,48,68,0,1,0,1,1,0
1,4,2684,660,1824,0,200,91,252,0,25,0,1,1,1,1,0
0,2,2920,536,518,1731,135,73,79,234,16,0,1,0,1,0,0
0,7,868,0,626,242,0,0,94,39,0,0,0,1,1,0,0
0,6,1761,0,507,938,316,0,71,129,47,0,0,0,0,0,0
0,1,969,271,689,0,9,48,92,0,1,0,1,0,1,0,0
0,5,2157,869,659,387,242,134,102,45,28,0,1,0,1,0,0
0,4,5826,1594,4232,0,0,270,682,0,0,0,1,0,1,1,0
0,1,1485,829,569,70,17,131,86,10,2,0,1,0,1,1,0
0,4,4467,1014,2755,698,0,167,382,90,0,0,1,0,1,1,0
0,0,3059,726,892,556,885,83,122,72,116,0,1,0,1,0,0
1,6,656,0,522,63,71,0,85,8,10,0,0,0,1,0,0
0,2,1284,651,132,219,282,107,16,30,43,0,1,0,1,1,0
0,0,2149,735,269,1090,55,74,35,114,8,0,1,0,1,0,0
0,0,4787,1181,2583,197,826,156,309,22,89,0,1,0,1,0,0
0,1,2493,818,812,628,235,117,120,108,39,0,1,0,1,0,0
0,1,3753,470,2260,1023,0,66,297,127,0,0,1,0,1,0,0
1,2,1369,673,298,268,130,95,36,24,15,0,1,0,1,0,0
0,5,2946,702,647,800,797,110,109,92,116,0,1,0,1,0,0
0,1,2478,610,1387,481,0,90,199,62,0,0,1,0,1,1,0
0,0,3802,424,965,849,1564,70,155,117,260,1,1,0,1,1,0
0,0,2727,373,1577,544,233,59,249,66,30,0,1,0,1,0,0
0,0,3122,808,1137,591,586,144,164,68,69,0,1,0,1,1,0
0,4,1192,70,1122,0,0,1,156,0,0,0,1,0,1,0,0
0,4,3226,134,1817,892,383,20,266,126,51,0,1,0,1,0,0
0,1,3618,996,1287,1335,0,158,181,172,0,1,1,0,1,0,0
0,0,3252,660,1226,1104,262,112,173,127,36,0,1,0,1,1,0
0,1,2796,684,1290,822,0,86,168,101,0,0,1,0,1,0,0
0,1,3252,1344,799,1109,0,222,133,121,0,0,1,0,1,0,0
0,1,2525,517,1529,415,64,75,184,50,9,0,1,0,0,1,0
0,0,2901,580,995,1133,193,86,144,154,26,1,1,0,1,0,0
0,0,1862,445,749,421,247,66,103,66,41,0,1,0,1,1,0
0,4,778,70,708,0,0,1,87,0,0,0,1,0,1,0,0
0,1,4205,332,2429,1403,41,41,316,188,3,0,1,0,1,0,0
0,1,1768,0,608,815,345,0,77,103,20,1,0,0,0,0,0
0,6,1315,228,1087,0,0,32,136,0,0,0,1,0,0,0,0
0,3,3467,509,1779,658,521,79,252,87,64,0,1,0,1,0,0
0,0,4090,384,1165,2060,481,49,169,291,61,0,1,0,1,1,0
0,1,2693,447,1449,797,0,72,187,103,0,0,1,0,1,0,0
0,6,1635,866,319,450,0,123,51,65,0,0,1,0,1,0,0
0,3,5399,1014,4040,345,0,167,569,40,0,0,1,0,1,1,0
0,6,1676,866,810,0,0,123,122,0,0,0,1,0,1,0,0
0,0,4074,229,1748,1646,451,33,241,156,68,0,1,0,1,1,0
0,0,3884,1628,2007,226,23,207,255,30,3,1,1,0,1,1,0
0,4,2893,711,1478,704,0,109,209,90,0,0,1,0,1,1,0
1,0,6380,2065,2381,1245,689,333,367,168,90,1,1,0,1,1,0
0,1,6845,684,5447,0,714,86,701,0,86,0,1,0,1,0,0
0,1,2616,684,1218,714,0,86,150,86,0,0,1,0,1,0,0
0,1,2861,1344,1057,460,0,222,134,61,0,0,1,0,1,0,0
0,0,3444,619,2191,562,72,64,282,78,14,0,1,0,1,0,0
0,6,459,0,432,27,0,0,60,4,0,0,0,0,0,0,1
0,1,1352,0,473,340,539,0,81,56,93,1,0,0,0,1,0
0,0,3688,778,1129,1345,436,115,157,151,77,0,1,0,1,0,0
0,2,3132,558,1219,171,1184,84,177,23,167,1,1,0,1,0,0
0,5,876,228,648,0,0,32,86,0,0,0,1,0,0,0,0
0,5,2465,0,1744,721,0,0,219,92,0,1,0,0,0,0,0
0,1,2625,684,1234,707,0,86,152,86,0,0,1,0,1,0,0
0,0,2482,422,1008,754,298,53,125,94,40,1,1,0,1,1,0
0,2,583,53,381,130,19,10,33,18,3,0,1,0,1,1,0
0,1,3593,936,2477,180,0,140,377,25,0,0,1,0,1,1,0
0,6,1313,228,1085,0,0,32,135,0,0,0,1,0,0,0,0
0,0,2263,275,1296,421,271,39,175,48,36,1,1,0,1,1,0
0,0,2476,910,805,613,148,141,108,90,16,0,1,0,1,0,0
0,1,2615,684,1217,714,0,86,150,86,0,0,1,0,1,0,0
0,7,1534,829,705,0,0,131,98,0,0,0,1,0,1,0,0
0,1,3099,684,1377,1038,0,86,177,120,0,0,1,0,1,0,0
0,1,5748,1708,2213,1053,774,290,352,131,142,0,1,0,1,1,0
0,1,5284,857,3478,615,334,121,514,87,48,0,1,0,1,1,0
0,3,820,0,510,218,92,0,69,26,11,0,0,0,0,0,0
0,7,1534,829,705,0,0,131,98,0,0,0,1,0,1,0,0
0,1,2620,684,1222,714,0,86,151,86,0,0,1,0,1,0,0
0,1,3836,684,1722,1430,0,86,221,164,0,0,1,0,1,0,0
0,1,3701,684,2303,714,0,86,280,86,0,0,1,0,1,0,0
0,1,2950,684,1456,810,0,86,198,92,0,0,1,0,1,0,0
0,1,2535,684,1180,671,0,86,150,80,0,0,1,0,1,0,0
0,1,3982,684,1969,1329,0,86,271,168,0,0,1,0,1,0,0
0,2,1428,800,333,295,0,133,55,41,0,0,1,0,1,0,0
0,1,1813,684,646,483,0,86,81,60,0,0,1,0,1,0,0
0,1,2478,684,1272,522,0,86,156,63,0,0,1,0,1,0,0
0,2,583,53,381,130,19,10,33,18,3,0,1,0,1,1,0
0,2,582,53,383,127,19,10,33,18,3,0,1,0,1,1,0
0,7,703,380,323,0,0,64,43,0,0,0,1,0,1,1,0
0,1,2816,684,1131,1001,0,86,155,128,0,0,1,0,1,0,0
0,1,2618,684,1219,715,0,86,151,86,0,0,1,0,1,0,0
0,1,4226,684,2218,1324,0,86,302,162,0,0,1,0,1,0,0
0,1,2842,684,1393,765,0,86,187,102,0,0,1,0,1,0,0
0,1,3299,684,1887,728,0,86,243,92,0,0,1,0,1,0,0
0,0,1479,829,563,70,17,131,84,10,2,0,1,0,1,1,0
0,1,2615,684,1217,714,0,86,150,86,0,0,1,0,1,0,0
0,8,3773,0,3773,0,0,0,64,0,0,0,0,0,0,0,0
0,3,2281,134,1043,511,593,20,131,75,89,0,1,0,1,0,0
0,1,2408,684,999,725,0,86,130,94,0,0,1,0,1,0,0
0,1,2588,684,1219,685,0,86,151,84,0,0,1,0,1,0,0
0,7,2145,313,1832,0,0,39,250,0,0,0,1,0,1,0,0
0,2,3035,879,1671,485,0,141,223,67,0,0,1,0,1,1,0
0,1,2541,1096,742,703,0,151,102,92,0,0,1,0,1,1,0
0,2,2774,491,739,1544,0,70,104,225,0,0,1,0,1,1,0
0,1,2469,684,1011,774,0,86,132,92,0,0,1,0,1,0,0
0,0,4199,580,2371,847,401,86,349,123,52,1,1,0,1,0,0
0,5,4597,0,1969,2135,493,0,335,326,71,0,0,0,0,0,0
1,0,2942,580,1507,624,231,86,202,93,31,1,1,0,1,0,0
1,0,2802,580,1383,612,227,86,184,88,31,1,1,0,1,0,0
0,1,4029,684,1962,1383,0,86,269,173,0,0,1,0,1,0,0
0,0,4476,1049,2138,931,358,151,261,111,51,1,1,0,1,1,0
0,0,5180,1049,2016,1869,246,151,283,249,35,0,1,0,1,1,0
0,0,3953,774,2323,697,159,115,362,84,25,0,1,0,1,0,0
0,1,4377,684,2264,1429,0,86,293,188,0,0,1,0,1,0,0
0,2,583,53,381,130,19,10,33,18,3,0,1,0,1,1,0
0,1,3240,684,1827,729,0,86,233,92,0,0,1,0,1,0,0
0,1,3744,684,1901,1159,0,86,257,151,0,0,1,0,1,0,0
0,4,2372,879,985,508,0,141,130,71,0,0,1,0,1,1,0
0,1,2617,684,1219,714,0,86,151,86,0,0,1,0,1,0,0
0,1,2661,684,1272,705,0,86,158,86,0,0,1,0,1,0,0
0,6,3399,0,1566,1794,39,0,258,263,5,0,0,0,1,0,0
0,2,3212,868,1522,751,71,119,227,100,9,0,1,0,1,1,0
0,1,2988,684,1739,565,0,86,226,65,0,0,1,0,1,0,0
0,1,2721,684,1323,714,0,86,164,86,0,0,1,0,1,0,0
0,1,2614,684,1213,717,0,86,150,86,0,0,1,0,1,0,0
0,1,2721,684,1368,669,0,86,169,85,0,0,1,0,1,0,0
0,1,4089,684,2011,1394,0,86,268,177,0,0,1,0,1,0,0
0,1,2619,684,1220,715,0,86,152,86,0,0,1,0,1,0,0
0,5,4267,1679,1706,882,0,230,240,120,0,1,1,0,1,0,0
0,1,2686,684,1220,782,0,86,150,95,0,0,1,0,1,0,0
0,4,3532,1970,1562,0,0,312,242,0,0,0,1,0,1,0,0
0,0,2561,606,1026,722,207,84,153,101,37,0,1,0,1,1,0
0,1,4471,890,1203,1720,658,141,186,225,90,0,1,0,1,1,0
0,1,2281,684,937,660,0,86,124,86,0,0,1,0,1,0,0
0,3,2549,803,1657,89,0,105,245,4,0,0,1,0,1,1,0
0,1,1563,829,652,62,20,131,109,9,2,0,1,0,1,1,0
0,1,2622,684,1224,714,0,86,151,86,0,0,1,0,1,0,0
0,7,942,0,942,0,0,0,135,0,0,0,0,0,0,0,0
0,2,583,53,381,130,19,10,33,18,3,0,1,0,1,1,0
0,5,2394,429,1129,595,241,75,178,87,40,0,1,0,1,1,0
1,0,2914,580,1507,600,227,86,202,88,31,1,1,0,1,0,0
0,0,4691,694,2089,1749,159,105,315,260,19,0,1,0,1,0,0
0,7,1237,433,804,0,0,48,130,0,0,0,1,1,1,1,0
0,5,2946,702,647,800,797,110,109,92,116,0,1,0,1,0,0
0,1,3866,684,1947,1235,0,86,261,160,0,0,1,0,1,0,0
0,0,2875,897,1511,147,320,157,238,21,41,0,1,0,1,0,0
0,6,4505,890,3615,0,0,141,492,0,0,0,1,0,1,0,0
0,1,3956,684,1807,1465,0,86,234,173,0,0,1,0,1,0,0
0,0,7755,461,1474,5741,79,65,189,724,11,0,1,0,1,1,0
0,1,3473,684,2291,498,0,86,308,54,0,0,1,0,1,0,0
0,5,3655,1181,719,764,991,156,88,96,116,0,1,0,1,0,0
0,0,1425,829,483,80,33,131,85,15,4,0,1,0,1,1,0
0,1,1603,134,884,585,0,20,120,68,0,1,1,0,1,1,0
0,5,1537,829,601,91,16,131,84,15,2,0,1,0,1,0,0
0,5,3655,1181,719,764,991,156,88,96,116,0,1,0,1,0,0
0,1,4235,684,2488,1063,0,86,327,133,0,0,1,0,1,0,0
0,5,4596,1576,92,2928,0,243,10,390,0,0,1,0,1,1,0
0,5,2733,228,1356,1149,0,32,166,144,0,0,1,0,0,0,0
0,0,4971,575,962,3173,261,81,131,382,40,0,1,0,1,0,0
0,5,5622,1576,232,3814,0,243,36,523,0,0,1,0,1,1,0
0,2,2254,134,1375,463,282,20,211,69,33,0,1,0,1,0,0
0,1,5199,1484,601,2454,660,240,97,382,95,1,1,0,1,1,0
0,1,3092,1095,1077,606,314,192,156,79,54,0,1,0,1,1,0
0,1,2743,790,718,432,803,122,101,60,104,0,1,0,1,0,0
0,1,2114,684,858,572,0,86,117,72,0,0,1,0,1,0,0
0,1,3647,684,1837,1126,0,86,252,149,0,0,1,0,1,0,0
0,0,3060,364,1650,586,460,61,251,83,57,1,1,0,1,0,0
0,1,2715,755,1517,443,0,104,199,62,0,0,1,0,1,1,0
0,0,4009,1042,1391,880,696,178,215,102,111,0,1,0,1,1,0
0,4,3294,0,3294,0,0,0,418,0,0,1,0,0,0,0,1
0,2,583,53,381,130,19,10,33,18,3,0,1,0,1,1,0
0,2,2858,0,1338,1370,150,0,185,167,24,0,0,0,1,0,0
0,2,583,53,381,130,19,10,33,18,3,0,1,0,1,1,0
0,1,842,0,356,276,210,0,50,40,25,0,0,0,1,1,0
0,2,3271,549,1360,1087,275,87,197,167,47,0,1,0,1,1,0
0,1,2771,684,1257,830,0,86,168,110,0,0,1,0,1,0,0
0,4,3788,596,1928,667,597,85,256,96,61,0,1,0,1,1,0
0,1,2534,684,1219,631,0,86,151,75,0,0,1,0,1,0,0
0,3,683,464,219,0,0,71,18,0,0,0,1,0,1,0,0
0,1,3461,1363,1401,497,200,207,208,76,36,0,1,0,1,0,0
1,0,3337,580,1711,607,439,86,239,87,59,1,1,0,1,0,0
1,4,2510,803,1707,0,0,105,255,0,0,0,1,0,1,0,0
0,1,2648,684,1220,744,0,86,151,88,0,0,1,0,1,0,0
0,1,5964,684,3826,1454,0,86,526,194,0,0,1,0,1,0,0
0,4,3072,0,762,2310,0,0,103,322,0,0,0,0,0,0,0
0,2,2685,554,1668,463,0,88,257,55,0,0,1,0,1,1,0
0,1,2469,684,1011,774,0,86,132,92,0,0,1,0,1,0,0
0,0,4862,627,1592,1956,687,89,239,239,95,0,1,0,1,0,0
0,1,2054,1050,791,213,0,155,111,29,0,0,1,0,1,1,0
0,7,1621,433,1188,0,0,48,159,0,0,0,1,1,1,1,0
0,2,1555,1096,325,134,0,149,41,17,0,1,1,0,1,0,0
0,2,3379,746,1743,603,287,127,261,96,37,0,1,0,1,1,0
0,0,4369,904,1449,1339,677,127,210,177,97,1,1,0,1,1,0
0,1,3422,684,1841,897,0,86,239,123,0,0,1,0,1,0,0
0,7,1738,866,872,0,0,123,120,0,0,0,1,0,1,0,0
0,0,2851,557,739,1528,27,87,115,210,3,0,1,0,0,0,0
0,2,586,53,384,130,19,10,34,18,3,0,1,0,1,1,0
0,1,4233,415,2812,767,239,54,419,101,37,0,1,0,1,0,1
0,1,2951,684,1456,811,0,86,197,92,0,0,1,0,1,0,0
0,6,1546,228,1318,0,0,32,185,0,0,0,1,0,0,0,0
0,7,1376,866,510,0,0,123,79,0,0,0,1,0,1,0,0
0,1,3868,720,2156,808,184,126,299,129,23,0,1,0,1,1,0
0,1,2650,684,945,1021,0,86,128,150,0,0,1,0,1,0,0
1,0,4168,580,2340,847,401,86,341,123,52,1,1,0,1,0,0
0,2,1586,829,651,89,17,131,90,15,2,0,1,0,1,0,0
0,0,3048,580,1120,1145,203,86,163,154,27,1,1,0,1,0,0
0,2,2969,1344,1308,0,317,222,188,0,37,1,1,0,1,0,0
0,0,2963,580,1034,1179,170,86,138,181,20,1,1,0,1,0,0
0,2,583,53,381,130,19,10,33,18,3,0,1,0,1,1,0
0,0,4144,580,2316,847,401,86,336,123,52,1,1,0,1,0,0
1,0,2942,580,1507,624,231,86,202,93,31,1,1,0,1,0,0
0,0,4636,606,2679,487,864,77,359,56,148,0,1,0,1,0,0
0,3,1705,829,769,91,16,131,115,15,2,0,1,0,1,1,0
0,1,3645,357,2524,0,764,57,389,0,114,0,1,0,1,1,0
0,1,1304,829,388,70,17,131,62,10,2,0,1,0,1,1,0
0,1,2401,673,1188,438,102,97,194,70,16,1,1,1,1,0,0
0,0,2713,580,1113,907,113,86,159,140,4,1,1,0,1,0,0
0,0,5105,1025,3120,280,680,154,498,31,109,1,1,0,1,1,0
0,1,1608,829,692,70,17,131,112,10,2,0,1,0,1,1,0
0,4,2484,251,1391,424,418,52,204,64,56,0,1,0,1,0,0
0,6,563,474,89,0,0,63,13,0,0,0,1,0,1,0,0
0,1,2473,552,837,732,352,71,95,101,52,0,1,0,1,1,0
0,0,3048,580,1120,1145,203,86,163,154,27,1,1,0,1,0,0
0,3,1501,829,565,91,16,131,79,15,2,0,1,0,1,1,0
0,1,2679,684,1281,714,0,86,157,86,0,0,1,0,1,0,0
1,0,2910,580,533,923,874,86,71,122,123,1,1,0,1,0,0
0,0,2073,430,999,535,109,78,156,72,14,1,1,0,1,1,0
0,2,583,53,381,130,19,10,33,18,3,0,1,0,1,1,0
0,1,3570,868,1830,516,356,119,252,65,61,0,1,0,1,1,0
0,6,998,228,770,0,0,32,112,0,0,0,1,0,0,0,0
0,3,5484,1594,3890,0,0,270,618,0,0,0,1,0,1,1,0
0,0,3230,580,1065,1144,441,86,156,153,36,1,1,0,1,0,0
0,3,2421,865,1556,0,0,124,195,0,0,0,1,0,1,0,0
0,0,2744,463,1320,450,511,67,181,60,67,0,1,0,1,0,0
1,0,2599,627,1648,318,6,111,272,52,1,0,1,0,1,0,0
0,0,4158,1481,1656,573,448,264,248,90,72,0,1,0,1,0,0
0,3,935,134,528,245,28,20,87,37,8,0,1,0,1,0,0
0,8,2087,0,2087,0,0,0,269,0,0,0,0,0,0,0,0
1,0,2936,580,1019,1167,170,86,137,181,20,1,1,0,1,0,0
0,3,5236,1594,3642,0,0,270,592,0,0,0,1,0,1,1,0
0,0,10805,2676,5642,2262,225,392,767,288,33,0,1,0,1,0,0
0,6,2405,1545,524,336,0,226,79,31,0,0,1,0,1,0,0
1,2,5421,1193,667,3386,175,152,84,412,32,0,1,0,1,1,0
0,0,2903,1461,761,398,283,211,104,57,33,1,1,0,1,1,0
0,6,2115,879,922,314,0,141,117,39,0,0,1,0,1,0,0
0,1,3763,606,1786,508,863,77,254,69,147,0,1,0,1,0,0
0,1,5342,684,2719,1939,0,86,367,291,0,0,1,0,1,0,0
0,3,2909,472,2437,0,0,59,318,0,0,1,1,0,0,0,0
0,4,3353,472,2881,0,0,59,381,0,0,0,1,0,0,0,0
0,2,1970,226,1422,322,0,34,208,36,0,0,1,0,1,1,0
0,1,4400,684,2541,1175,0,86,335,145,0,0,1,0,1,0,0
0,1,1532,829,598,89,16,131,89,15,2,0,1,0,1,0,0
0,1,2365,480,989,724,172,69,134,84,24,0,1,0,1,0,0
0,1,3994,1628,1336,1009,21,207,179,125,3,0,1,0,1,1,0
0,2,1764,303,851,610,0,47,123,75,0,0,1,0,1,0,0
0,0,1595,829,679,70,17,131,102,10,2,0,1,0,1,1,0
0,1,3128,684,1590,854,0,86,197,101,0,0,1,0,1,0,0
0,0,3432,997,1418,483,534,157,201,57,64,0,1,0,1,1,0
0,1,3338,684,1834,820,0,86,238,111,0,0,1,0,1,0,0
0,1,2312,684,896,732,0,86,118,91,0,0,1,0,1,0,0
0,1,1714,0,1393,225,96,0,223,36,11,1,0,0,0,0,0
0,2,3697,781,402,1845,669,102,53,216,81,0,1,0,1,0,0
0,5,3226,1252,1266,522,186,198,199,80,24,0,1,0,1,1,0
0,4,3078,310,1089,1202,477,53,171,190,80,0,1,0,1,0,0
0,1,2636,1309,300,1027,0,199,37,137,0,0,1,0,1,1,0
0,1,3700,684,2302,714,0,86,279,86,0,0,1,0,1,0,0
0,1,2000,684,749,567,0,86,104,73,0,0,1,0,1,0,0
0,2,583,53,381,130,19,10,33,18,3,0,1,0,1,1,0
0,1,3030,684,1348,998,0,86,176,112,0,0,1,0,1,0,0
0,1,2595,684,1221,690,0,86,150,85,0,0,1,0,1,0,0
0,1,3178,684,1505,989,0,86,200,136,0,0,1,0,1,0,0
0,2,2405,979,909,517,0,144,127,63,0,0,1,0,1,1,0
0,2,3843,543,2442,414,444,77,342,61,66,0,1,0,1,0,0
0,0,3930,1099,1664,243,924,147,241,32,118,0,1,0,1,1,1
0,5,1733,829,797,91,16,131,102,15,2,0,1,0,1,1,0
0,2,2434,251,1454,366,363,52,240,58,55,0,1,0,1,0,0
0,1,2144,684,744,716,0,86,91,87,0,0,1,0,1,0,0
0,0,3952,717,2314,455,466,120,303,54,67,0,1,0,1,1,0
0,4,288,0,94,194,0,0,12,30,0,0,0,0,0,0,0
0,1,2616,684,1218,714,0,86,150,86,0,0,1,0,1,0,0
0,3,2188,798,1390,0,0,131,181,0,0,0,1,0,1,1,0
0,0,4201,1099,1499,1071,532,147,223,129,77,0,1,0,1,1,1
0,0,3984,1113,1697,855,319,155,239,111,47,0,1,0,1,1,0
0,1,3073,684,1375,1014,0,86,176,116,0,0,1,0,1,0,0
0,1,2986,684,1310,992,0,86,167,116,0,0,1,0,1,0,0
0,1,2605,684,1220,701,0,86,150,88,0,0,1,0,1,0,0
0,1,1455,0,996,380,79,0,137,49,10,0,0,0,1,0,0
0,1,1168,286,289,397,196,43,42,53,30,1,1,0,1,0,0
0,1,2615,684,1218,713,0,86,150,86,0,0,1,0,1,0,0
0,0,3039,461,813,1684,81,65,111,229,10,0,1,0,1,1,0
0,1,2397,684,1011,702,0,86,132,88,0,0,1,0,1,0,0
1,1,3735,660,1870,903,302,112,274,111,39,0,1,0,1,1,0
0,1,2280,684,1119,477,0,86,139,57,0,0,1,0,1,0,0
0,1,3652,570,2220,862,0,77,291,101,0,0,1,0,1,0,0
0,1,1926,329,1215,144,238,50,192,21,41,1,1,0,0,0,0
0,0,2256,1466,452,83,255,222,60,12,29,0,1,0,1,1,0
0,1,4968,536,3341,1074,17,72,421,129,2,0,1,0,1,0,0
0,1,2331,684,864,783,0,86,114,100,0,0,1,0,1,0,0
0,1,3251,684,1575,992,0,86,219,127,0,0,1,0,1,0,0
0,2,583,53,381,130,19,10,33,18,3,0,1,0,1,1,0
0,3,1705,829,769,91,16,131,127,15,2,0,1,0,1,1,0
0,1,1587,829,671,70,17,131,106,10,2,0,1,0,1,1,0
0,1,4964,250,4354,360,0,30,479,58,0,0,1,0,0,0,0
0,3,1519,829,585,89,16,131,80,15,2,0,1,0,1,1,0
0,1,2910,684,1492,734,0,86,181,94,0,0,1,0,1,0,0
0,1,2623,684,1225,714,0,86,151,86,0,0,1,0,1,0,0
0,1,3045,684,1647,714,0,86,213,86,0,0,1,0,1,0,0
0,1,3832,684,2408,740,0,86,311,83,0,0,1,0,1,0,0
0,1,3621,2270,429,445,477,330,62,47,47,0,1,0,1,1,0
0,5,1564,829,630,89,16,131,87,15,2,0,1,0,1,1,0
0,1,1363,134,616,613,0,20,88,87,0,1,1,0,1,1,0
0,5,1056,263,708,0,85,38,118,0,12,0,1,0,1,0,0
0,1,1509,829,593,70,17,131,86,10,2,0,1,0,1,1,0
0,1,2626,684,1228,714,0,86,151,86,0,0,1,0,1,0,0
0,2,583,53,381,130,19,10,33,18,3,0,1,0,1,1,0
0,5,3567,508,2329,392,338,65,358,45,47,0,1,0,1,1,0
0,5,4000,1110,1473,803,614,158,197,119,77,0,1,0,1,1,0
0,0,2323,658,1203,149,313,96,176,25,33,1,1,0,1,0,0
0,1,3702,511,2581,610,0,73,400,80,0,0,1,0,1,1,0
0,5,4808,1110,2170,751,777,158,336,111,105,0,1,0,1,1,0
0,1,1563,829,652,62,20,131,109,9,2,0,1,0,1,1,0
0,7,1489,659,830,0,0,103,128,0,0,0,1,0,1,1,0
0,5,2946,702,647,800,797,110,109,92,116,0,1,0,1,0,0
0,1,1688,684,477,527,0,86,55,70,0,0,1,0,1,0,0
0,3,1567,829,631,91,16,131,87,15,2,0,1,0,1,1,0
0,2,1387,352,499,536,0,52,68,55,0,0,1,0,1,1,0
0,7,1534,829,705,0,0,131,98,0,0,0,1,0,1,0,0
0,2,1507,0,979,528,0,0,131,59,0,0,0,0,0,1,0
0,0,1510,829,597,68,16,131,88,10,2,0,1,1,1,1,0
0,1,2762,1264,663,666,169,216,103,84,22,0,1,0,1,0,0
0,1,2562,684,1234,644,0,86,152,77,0,0,1,0,1,0,0
0,0,3881,708,1767,545,861,114,282,82,128,0,1,0,1,1,0
0,0,3137,1042,1130,284,681,178,170,47,109,0,1,0,1,1,0
0,5,1169,0,864,305,0,0,99,36,0,0,0,0,0,0,0
0,1,2622,684,1232,706,0,86,151,86,0,0,1,0,1,0,0
0,1,1378,380,568,171,259,64,83,23,29,0,1,0,1,1,0
0,1,1630,438,674,472,46,72,117,66,8,0,1,0,1,0,0
0,1,3065,684,1261,1120,0,86,166,141,0,0,1,0,1,0,0
0,5,1601,0,1467,134,0,0,203,17,0,0,0,0,1,0,0
0,0,2740,492,1499,639,110,79,222,84,10,0,1,0,1,1,0
0,1,2755,371,1064,506,814,61,186,68,126,1,1,0,1,1,0
0,2,583,53,381,130,19,10,33,18,3,0,1,0,1,1,0
0,0,4947,1251,900,734,2062,201,157,102,298,1,1,0,1,1,0
0,2,586,53,384,130,19,10,34,18,3,0,1,0,1,1,0
0,4,1503,829,570,88,16,131,80,15,2,0,1,0,1,1,0
0,6,4501,601,3900,0,0,91,536,0,0,0,1,0,1,0,0
0,0,842,345,167,274,56,42,25,42,9,0,1,0,1,1,0
0,2,693,464,105,124,0,71,10,16,0,0,1,0,1,0,0
0,1,2430,0,1491,517,422,0,249,62,74,0,0,0,0,0,0
0,0,2631,549,1401,450,231,87,223,66,37,0,1,0,1,1,0
0,0,3997,1402,1806,558,231,182,237,75,42,0,1,0,1,0,0
0,7,1559,829,730,0,0,131,100,0,0,0,1,0,1,0,0
0,1,2588,684,1217,687,0,86,150,85,0,0,1,0,1,0,0
0,2,2526,321,1375,771,59,46,192,93,7,0,1,0,1,0,0
0,1,3979,684,1967,1328,0,86,270,166,0,0,1,0,1,0,0
0,1,3001,684,1375,942,0,86,176,105,0,0,1,0,1,0,0
0,1,2631,684,1232,715,0,86,152,86,0,0,1,0,1,0,0
0,8,26,0,26,0,0,0,5,0,0,0,0,1,0,0,1
0,1,4462,684,2535,1243,0,86,324,157,0,0,1,0,1,0,0
0,2,1566,829,704,16,17,131,98,3,2,0,1,0,1,1,0
0,0,1515,829,626,44,16,131,92,6,2,0,1,0,1,1,0
0,1,2310,684,912,714,0,86,124,86,0,0,1,0,1,0,0
0,1,3010,684,1425,901,0,86,181,102,0,0,1,0,1,0,0
0,0,4467,2206,1230,348,683,350,185,25,114,0,1,0,1,1,0
0,6,2670,755,1287,628,0,104,172,84,0,0,1,1,1,0,0
0,1,2402,684,962,756,0,86,119,100,0,0,1,0,1,0,0
0,1,4458,684,2531,1243,0,86,323,157,0,0,1,0,1,0,0
0,5,2431,321,261,1424,425,45,42,197,61,0,1,0,1,1,0
0,2,2429,0,1995,378,56,0,308,49,7,0,0,0,0,0,0
0,2,583,53,381,130,19,10,33,18,3,0,1,0,1,1,0
0,0,2463,520,786,701,456,82,115,95,61,0,1,0,1,1,0
0,1,2282,0,678,1323,281,0,118,165,43,0,0,0,1,0,0
0,1,2280,684,1119,477,0,86,140,57,0,0,1,0,1,0,0
0,1,2666,544,886,742,494,76,126,88,92,0,1,0,1,1,0
0,2,583,53,381,130,19,10,33,18,3,0,1,0,1,1,0
0,2,583,53,381,130,19,10,33,18,3,0,1,0,1,1,0
0,1,3171,1344,1304,523,0,222,186,74,0,1,1,0,1,0,0
0,2,644,53,384,188,19,10,34,28,3,0,1,0,1,1,0
0,1,2610,684,1219,707,0,86,151,85,0,0,1,0,1,0,0
0,1,2316,684,876,756,0,86,113,91,0,0,1,0,1,0,0
0,1,2354,684,1216,454,0,86,164,54,0,0,1,0,1,0,0
0,1,2251,535,1273,343,100,77,199,50,12,0,1,0,1,0,0
1,0,3151,256,2617,205,73,40,405,28,9,1,1,0,1,0,0
0,1,6136,2419,1108,2609,0,377,162,354,0,1,1,0,1,1,0
0,2,1978,763,897,184,134,130,155,27,16,0,1,0,1,1,0
0,6,1146,228,918,0,0,32,113,0,0,0,1,0,0,0,0
0,0,3271,1344,1430,298,199,222,213,41,29,1,1,0,1,0,0
0,2,1174,554,620,0,0,88,102,0,0,1,1,0,1,0,0
0,0,4351,525,2234,1187,405,88,327,165,66,1,1,0,1,1,0
0,1,2768,684,1291,793,0,86,160,96,0,0,1,0,1,0,0
0,1,2286,684,768,834,0,86,96,106,0,0,1,0,1,0,0
0,1,2533,684,1191,658,0,86,155,80,0,0,1,0,1,0,0
0,1,2942,684,1320,938,0,86,163,120,0,0,1,0,1,0,0
0,2,1462,0,1237,161,64,0,223,25,10,0,0,0,1,0,0
0,4,1699,515,357,374,453,74,46,40,58,0,1,0,1,0,0
0,2,576,53,381,123,19,10,33,18,3,0,1,0,1,1,0
0,3,3322,463,1112,1747,0,77,199,222,0,0,1,0,1,1,0
0,8,9,0,9,0,0,0,2,0,0,0,0,1,0,0,1
0,1,2619,684,1219,716,0,86,151,87,0,0,1,0,1,0,0
1,2,2587,0,2474,0,113,0,284,0,11,1,0,0,0,0,0
0,1,2968,1344,1055,569,0,222,173,90,0,1,1,0,1,0,0
0,5,4654,1576,150,2928,0,243,18,390,0,0,1,0,1,1,0
0,1,2679,684,1280,715,0,86,157,86,0,0,1,0,1,0,0
0,3,4604,702,2197,1064,641,110,338,181,94,0,1,0,1,0,0
0,1,1990,684,839,467,0,86,111,56,0,0,1,0,1,0,0
0,1,2558,684,1207,667,0,86,171,80,0,0,1,0,1,0,0
0,3,1558,829,624,89,16,131,87,15,2,0,1,0,1,1,0
0,7,454,384,70,0,0,70,13,0,0,0,1,0,1,0,0
0,2,583,53,381,130,19,10,33,18,3,0,1,0,1,1,0
0,1,3735,684,1901,1150,0,86,257,150,0,0,1,0,1,0,0
0,1,3632,684,2134,814,0,86,299,100,0,0,1,0,1,0,0
0,2,3328,610,963,618,1137,87,135,84,167,0,1,0,1,1,0
0,0,2837,1085,1384,348,20,163,187,51,2,0,1,0,1,0,0
0,1,3247,684,1899,664,0,86,244,84,0,0,1,0,1,0,0
0,1,2649,684,1196,769,0,86,153,93,0,0,1,0,1,0,0
0,1,3047,684,1648,715,0,86,201,86,0,0,1,0,1,0,0
0,1,2605,684,1220,701,0,86,150,88,0,0,1,0,1,0,0
0,1,3034,684,1522,828,0,86,182,88,0,0,1,0,1,0,0
0,1,4225,684,2507,1034,0,86,319,130,0,0,1,0,1,0,0
0,5,3954,1110,1520,547,777,158,210,76,105,0,1,0,1,1,0
0,1,3181,684,982,1515,0,86,134,204,0,0,1,0,1,0,0
0,1,2618,684,1219,715,0,86,151,86,0,0,1,0,1,0,0
0,2,554,53,332,150,19,10,28,20,3,0,1,0,1,0,0
0,2,576,53,381,123,19,10,33,18,3,0,1,0,1,1,0
0,5,2539,228,2311,0,0,32,287,0,0,0,1,0,0,0,0
0,1,2790,684,1296,810,0,86,160,97,0,0,1,0,1,0,0
0,4,1685,829,807,49,0,131,116,8,0,0,1,0,1,0,0
0,1,2574,684,1385,505,0,86,185,58,0,0,1,0,1,0,0
0,3,1534,829,598,91,16,131,86,15,2,0,1,0,1,1,0
0,2,1615,829,679,91,16,131,102,15,2,0,1,0,1,1,0
0,0,3987,746,2371,453,417,127,361,73,56,0,1,0,1,1,0
0,1,1535,829,619,70,17,131,97,10,2,0,1,0,1,1,0
0,5,1369,153,366,651,199,25,52,105,26,0,1,0,1,1,0
0,5,4411,1110,1697,865,739,158,249,129,110,0,1,0,1,1,0
0,2,1471,829,602,24,16,131,95,5,2,0,1,0,1,1,0
0,4,2135,1126,304,705,0,172,44,96,0,0,1,1,1,1,0
0,1,886,228,552,6,100,34,83,1,14,0,1,0,1,1,0
0,1,1663,829,747,70,17,131,116,10,2,0,1,0,1,1,0
0,7,1679,866,813,0,0,123,119,0,0,0,1,0,1,0,0
0,5,1103,89,326,264,424,13,49,29,66,0,1,0,1,0,0
0,3,1377,0,1377,0,0,0,180,0,0,0,0,0,0,0,0
0,7,1525,829,696,0,0,131,96,0,0,0,1,0,1,0,0
0,7,404,0,404,0,0,0,69,0,0,0,0,0,0,0,0
0,2,583,53,381,130,19,10,33,18,3,0,1,0,1,1,0
0,1,2619,684,1220,715,0,86,150,86,0,0,1,0,1,0,0
0,2,2825,0,1345,838,642,0,189,125,103,0,0,0,1,1,0
0,1,2676,684,1223,769,0,86,150,93,0,0,1,0,1,0,0
0,1,2617,684,1218,715,0,86,150,86,0,0,1,0,1,0,0
0,1,2619,684,1221,714,0,86,150,86,0,0,1,0,1,0,0
0,1,1910,320,287,1214,89,45,42,138,11,0,1,0,1,1,0
0,1,2859,684,978,1197,0,86,129,154,0,0,1,1,1,0,0
0,1,2574,684,1385,505,0,86,185,58,0,0,1,0,1,0,0
0,1,3172,684,1222,1266,0,86,151,168,0,0,1,0,1,0,0
0,1,2718,684,1356,678,0,86,169,86,0,0,1,0,1,0,0
0,0,3826,472,2705,613,36,59,370,65,5,1,1,0,0,0,0
0,1,351,0,173,91,87,0,25,11,11,0,0,0,0,0,0
0,1,2360,684,974,702,0,86,113,90,0,0,1,0,1,0,0
0,2,583,53,381,130,19,10,33,18,3,0,1,0,1,1,0
0,6,1871,601,1270,0,0,91,195,0,0,0,1,0,1,0,0
1,0,3042,1050,1351,398,243,155,189,55,30,0,1,0,1,1,0
0,4,709,0,709,0,0,0,95,0,0,0,0,0,0,1,0
0,2,583,53,381,130,19,10,33,18,3,0,1,0,1,1,0
0,2,583,53,381,130,19,10,33,18,3,0,1,0,1,1,0
0,5,1577,0,936,641,0,0,149,91,0,0,0,0,0,0,0
0,1,2619,684,1220,715,0,86,150,86,0,0,1,0,1,0,0
0,1,3982,684,1969,1329,0,86,271,167,0,0,1,0,1,0,0
0,0,2706,1126,1041,432,107,163,148,47,16,0,1,0,1,1,0
0,0,4185,1042,1631,831,681,178,238,107,109,0,1,0,1,1,0
0,1,2654,684,1111,859,0,86,143,98,0,0,1,0,1,0,0
0,0,1610,829,694,70,17,131,103,10,2,0,1,0,1,1,0
0,5,4525,1110,2117,561,737,158,299,88,97,0,1,0,1,1,0
0,5,1820,0,938,882,0,0,133,146,0,0,0,0,0,0,0
0,1,2112,684,795,633,0,86,98,78,0,0,1,0,1,0,0
0,4,2676,608,2068,0,0,83,296,0,0,0,1,0,1,0,0
0,5,4590,1110,2199,504,777,158,311,76,105,0,1,0,1,1,0
0,6,1518,228,1290,0,0,32,173,0,0,0,1,0,0,0,0
0,7,1578,433,1145,0,0,48,154,0,0,0,1,1,1,1,0
0,2,624,0,332,292,0,0,58,52,0,1,0,0,0,0,0
0,0,5541,461,2977,2062,41,65,384,278,5,0,1,0,1,1,0
0,1,3237,684,2011,542,0,86,259,72,0,0,1,0,1,0,0
0,1,2363,684,890,789,0,86,117,101,0,0,1,0,1,0,0
0,4,2745,536,914,1295,0,73,151,153,0,0,1,0,1,0,0
0,5,4535,1110,1998,772,655,158,267,104,84,0,1,0,1,1,0
0,1,2650,684,1183,783,0,86,157,95,0,0,1,0,1,0,0
0,1,2258,684,913,661,0,86,121,86,0,0,1,0,1,0,0
0,2,1845,321,718,496,310,45,101,60,38,0,1,0,1,1,0
1,6,1952,1000,952,0,0,155,143,0,0,0,1,0,1,0,0
0,1,2697,684,1268,745,0,86,156,89,0,0,1,0,1,0,0
0,6,1667,829,838,0,0,131,131,0,0,0,1,0,1,0,0
0,1,2584,684,1223,677,0,86,153,86,0,0,1,0,1,0,0
0,1,3089,1385,1276,428,0,216,177,54,0,0,1,0,1,0,0
0,1,3212,684,1764,764,0,86,228,93,0,0,1,0,1,0,0
0,5,3876,1110,1462,690,614,158,213,83,77,0,1,0,1,1,0
0,1,3408,684,2069,655,0,86,257,89,0,0,1,0,1,0,0
0,1,2498,684,1125,689,0,86,137,85,0,0,1,0,1,0,0
0,1,2647,684,1219,744,0,86,151,88,0,0,1,0,1,0,0
0,2,583,53,381,130,19,10,33,18,3,0,1,0,1,1,0
0,0,3215,384,1685,763,383,49,256,105,48,1,1,0,1,1,0
0,0,3342,1025,1348,358,611,148,177,45,75,0,1,0,1,0,0
0,5,1598,619,531,448,0,81,65,59,0,0,1,0,1,1,0
0,0,6205,2065,2162,1289,689,333,333,174,90,1,1,0,1,1,0
0,0,6342,2065,2343,1245,689,333,365,168,90,1,1,0,1,1,0
0,3,836,0,836,0,0,0,134,0,0,0,0,0,0,0,0
0,0,3370,571,1154,873,772,87,182,96,127,0,1,0,1,0,0
0,2,554,53,332,150,19,10,28,20,3,0,1,0,1,0,0
0,2,583,53,381,130,19,10,33,18,3,0,1,0,1,1,0
0,1,3845,470,2345,1030,0,66,300,125,0,0,1,0,1,0,0
0,1,1954,800,766,388,0,130,108,53,0,0,1,0,1,0,0
0,0,6872,2952,1575,1029,1316,399,207,125,193,0,1,0,1,0,0
0,2,583,53,381,130,19,10,33,18,3,0,1,0,1,1,0
0,3,2112,0,830,600,682,0,123,86,87,0,0,0,0,0,0
0,2,583,53,381,130,19,10,33,18,3,0,1,0,1,1,0
0,2,562,53,332,158,19,10,28,21,3,0,1,0,1,0,0
0,5,944,0,120,824,0,0,14,112,0,0,0,0,1,0,0
0,0,1577,505,528,455,89,79,89,61,10,0,1,0,1,0,0
0,1,2618,684,1220,714,0,86,150,86,0,0,1,0,1,0,0
0,0,2781,367,1258,888,268,52,186,105,42,0,1,0,1,1,0
0,2,583,53,381,130,19,10,33,18,3,0,1,0,1,1,0
0,1,568,0,390,128,50,0,57,15,7,0,0,0,0,0,0
0,7,2332,0,1463,869,0,0,194,108,0,0,0,0,1,0,0
0,2,4473,831,1317,1874,451,128,196,210,60,0,1,0,1,0,0
0,0,4097,1113,1956,713,315,155,262,94,45,0,1,0,1,1,0
0,0,3765,1560,1012,1087,106,206,162,140,16,0,1,0,1,0,0
0,2,4418,1594,2824,0,0,270,462,0,0,1,1,0,1,1,0
0,1,1438,0,608,291,539,0,98,41,93,1,0,0,0,1,0
0,1,1711,296,1024,391,0,46,150,59,0,1,1,0,1,1,0
0,2,583,53,381,130,19,10,33,18,3,0,1,0,1,1,0
0,5,875,228,647,0,0,32,85,0,0,0,1,0,0,0,0
0,0,2537,590,938,712,297,88,153,90,39,0,1,0,1,0,0
0,0,7087,619,4990,423,1055,64,666,54,138,1,1,0,1,1,0
0,0,2316,320,868,1039,89,45,137,147,11,0,1,0,1,1,0
0,2,3091,1395,1082,452,162,229,182,77,27,0,1,0,1,1,0
0,0,3278,537,913,1269,559,97,149,128,99,1,1,0,1,0,0
0,0,4354,1103,1096,1556,599,167,130,192,88,1,1,0,1,1,0
0,1,2244,0,1714,442,88,0,217,57,13,0,0,0,0,0,0
0,1,2600,684,1221,695,0,86,150,86,0,0,1,0,1,0,0
0,0,5311,614,2327,1469,901,85,291,168,113,0,1,0,1,0,0
0,2,5215,1708,2150,1357,0,290,365,215,0,0,1,0,1,1,0
0,2,554,53,332,150,19,10,28,20,3,0,1,0,1,0,0
0,2,4564,472,2639,1453,0,59,332,177,0,0,1,0,0,0,0
0,1,1845,829,909,91,16,131,123,15,2,0,1,0,1,0,0
0,0,2696,281,688,965,762,33,88,116,99,0,1,0,1,0,0
0,0,4514,890,2544,424,656,141,359,58,88,0,1,0,1,0,0
0,1,2717,1467,510,437,303,207,83,55,39,1,1,0,1,0,0
0,0,2289,229,793,817,450,33,109,106,68,0,1,0,1,1,0
0,1,2608,1124,1019,465,0,147,135,57,0,0,1,0,1,1,0
0,2,3628,2023,1605,0,0,282,207,0,0,0,1,0,1,0,0
0,0,1940,829,1020,70,21,131,142,9,4,0,1,0,1,1,0
0,4,886,0,886,0,0,0,139,0,0,0,0,0,0,0,0
1,1,1962,774,681,507,0,115,94,72,0,1,1,0,1,0,0
0,2,3940,1970,481,1489,0,312,68,238,0,0,1,0,1,0,0
0,6,1189,0,852,337,0,0,136,50,0,0,0,0,0,0,0
0,5,2189,310,870,718,291,53,130,112,46,0,1,0,1,0,0
0,0,3572,1441,1433,676,22,220,205,85,2,0,1,0,1,1,0
1,0,3228,1050,1174,939,65,155,187,134,7,0,1,0,1,1,0
0,4,5549,1294,4255,0,0,170,513,0,0,0,1,0,1,1,0
0,2,583,53,381,130,19,10,33,18,3,0,1,0,1,1,0
0,3,1507,829,591,70,17,131,90,10,2,0,1,0,1,1,0
0,0,6032,1251,1076,1551,2154,201,159,221,307,1,1,0,1,0,0
0,0,3254,275,2669,252,58,36,412,35,8,1,1,0,1,1,0
0,1,2989,651,1051,851,436,100,144,101,65,0,1,0,1,1,0
0,0,3189,1441,1165,299,284,220,155,38,42,0,1,0,1,1,0
0,0,4904,1319,2610,616,359,147,324,61,50,0,1,0,1,0,0
0,1,3584,0,2512,576,496,0,387,95,84,0,0,0,0,0,0
0,1,1840,0,1114,525,201,0,155,61,28,0,0,0,0,1,0
1,0,2738,353,1799,437,149,50,258,64,19,0,1,0,1,1,0
0,0,4636,606,2679,487,864,77,359,56,148,0,1,0,1,0,0
0,2,3931,1419,1798,477,237,206,291,69,42,0,1,0,1,1,0
0,1,6342,1332,2593,2417,0,190,374,296,0,0,1,0,1,0,0
0,1,836,0,437,375,24,0,53,48,4,1,0,0,0,1,0
0,1,2213,552,889,772,0,71,124,111,0,0,1,0,1,1,0
0,2,2819,134,1758,367,560,20,278,42,95,0,1,0,1,1,0
0,3,3244,913,1406,576,349,75,194,72,43,0,1,1,1,0,0
0,0,2137,748,939,311,139,116,125,39,15,0,1,0,1,1,0
0,2,583,53,381,130,19,10,33,18,3,0,1,0,1,1,0
1,0,2991,580,1065,1144,202,86,156,153,26,1,1,0,1,0,0
0,0,3561,430,1180,1694,257,78,137,214,38,1,1,0,1,1,0
0,6,1130,228,902,0,0,32,97,0,0,0,1,0,0,0,0
0,5,1505,0,1341,164,0,0,189,25,0,1,0,0,0,0,0
0,1,4558,1687,2003,868,0,247,242,101,0,0,1,0,1,1,0
0,1,3124,1264,1174,413,273,216,163,52,40,0,1,0,1,0,0
0,6,1414,228,1186,0,0,32,148,0,0,0,1,0,0,0,0
0,6,410,0,410,0,0,0,56,0,0,0,0,0,0,0,0
0,3,1271,829,336,90,16,131,49,15,2,0,1,0,1,1,0
0,0,3749,717,2141,425,466,120,262,54,67,0,1,0,1,1,0
0,2,583,53,381,130,19,10,33,18,3,0,1,0,1,1,0
0,1,1541,829,625,70,17,131,99,10,2,0,1,0,1,1,0
0,3,2556,712,1305,482,57,108,188,59,8,0,1,0,0,0,0
1,1,3557,333,959,2083,182,48,132,297,20,1,1,0,1,1,0
0,0,4595,1147,710,1359,1379,170,119,187,214,1,1,0,1,1,0
1,0,3229,1050,1172,938,69,155,187,134,8,0,1,0,1,1,0
0,5,1505,0,1341,164,0,0,189,25,0,1,0,0,0,0,0
0,5,4490,1110,1840,770,770,158,257,112,104,0,1,0,1,1,0
0,0,3559,1344,1767,342,106,222,249,47,15,0,1,0,1,0,0
0,3,1508,829,572,91,16,131,78,15,2,0,1,0,1,1,0
0,5,2221,228,1993,0,0,32,247,0,0,0,1,0,0,0,0
0,0,2885,829,1761,235,60,131,267,29,10,0,1,0,1,0,0
0,1,4626,1096,3201,329,0,149,498,40,0,0,1,0,1,1,0
0,3,1256,829,320,91,16,131,47,15,2,0,1,0,1,1,0
0,2,583,53,381,130,19,10,33,18,3,0,1,0,1,1,0
0,6,915,228,687,0,0,32,83,0,0,0,1,0,0,0,0
0,1,681,89,85,138,369,13,15,15,57,0,1,0,1,1,0
0,2,583,53,381,130,19,10,33,18,3,0,1,0,1,1,0
0,3,2421,865,1556,0,0,124,195,0,0,0,1,0,1,0,0
0,0,1755,505,836,292,122,79,97,36,13,1,1,0,1,0,0
0,0,5359,2206,2252,317,584,350,299,39,97,1,1,0,1,1,0
0,0,5365,1251,1099,669,2346,201,174,97,342,1,1,0,1,1,0
1,0,3229,1050,1172,938,69,155,187,134,8,0,1,0,1,1,0
0,2,2904,447,1901,556,0,72,261,72,0,0,1,0,1,0,0
0,5,3768,723,2058,907,80,118,270,119,9,0,1,0,1,0,0
0,2,3138,558,1225,171,1184,84,179,23,167,1,1,0,1,0,0
0,0,4295,1147,523,846,1779,170,78,126,282,1,1,0,1,0,0
0,2,583,53,381,130,19,10,33,18,3,0,1,0,1,1,0
0,1,2361,209,1261,891,0,32,167,115,0,0,1,0,1,1,0
0,3,2746,0,2127,337,282,0,317,47,37,0,0,0,1,0,0
0,5,5622,1576,232,3814,0,243,36,523,0,0,1,0,1,1,0
0,2,3137,558,1224,171,1184,84,178,23,167,1,1,0,1,0,0
0,0,2015,352,643,871,149,57,93,110,22,0,1,0,1,1,0
0,2,583,53,381,130,19,10,33,18,3,0,1,0,1,1,0
0,0,3628,1299,384,1609,336,178,58,214,52,0,1,0,1,0,0
0,6,1132,575,196,361,0,86,28,65,0,0,1,0,1,0,0
0,7,1339,454,885,0,0,68,118,0,0,0,1,0,1,0,0
0,3,1518,829,583,90,16,131,95,15,2,0,1,0,1,1,0
0,2,583,53,381,130,19,10,33,18,3,0,1,0,1,1,0
0,3,1540,829,604,91,16,131,92,15,2,0,1,0,1,1,0
0,1,4003,0,2807,715,481,0,391,101,75,0,0,0,0,0,0
1,1,1392,0,790,318,284,0,108,33,34,0,0,0,0,1,0
0,0,5479,1063,2421,1830,165,164,348,266,27,0,1,0,1,0,0
0,2,3013,229,1569,1215,0,33,232,158,0,0,1,0,1,1,0
0,0,4538,2206,1209,467,656,350,181,65,110,0,1,0,1,1,0
0,0,4156,1685,1013,975,483,263,161,127,64,0,1,0,0,1,0
0,5,1996,758,627,232,379,129,100,31,50,0,1,0,1,0,0
1,0,4463,1562,1464,620,817,218,181,55,105,0,1,0,1,1,0
0,4,3342,553,1564,393,832,72,239,59,122,0,1,0,1,1,0
0,5,1578,310,545,723,0,53,82,104,0,0,1,1,1,0,0
0,5,3705,885,1937,883,0,141,305,140,0,0,1,0,1,1,0
0,1,3858,377,2837,644,0,60,358,75,0,0,1,0,1,0,0
1,0,3158,256,2624,205,73,40,406,28,9,1,1,0,1,0,0
0,8,6447,0,6447,0,0,0,991,0,0,0,0,0,0,0,0
0,4,3340,553,1562,393,832,72,239,59,122,0,1,0,1,1,0
0,2,2456,711,1232,513,0,109,179,70,0,0,1,0,1,1,0
0,0,2265,1564,283,396,22,182,35,51,3,1,1,0,1,1,0
0,4,1357,902,230,225,0,146,44,31,0,0,1,0,1,0,0
0,0,4214,1181,2022,190,821,156,255,25,89,1,1,0,1,0,0
0,2,583,53,381,130,19,10,33,18,3,0,1,0,1,1,0
0,4,2445,460,706,506,773,76,122,80,138,0,1,0,1,0,0
0,1,3272,200,2698,374,0,30,374,42,0,0,1,0,1,1,0
0,2,1627,134,879,423,191,20,125,63,24,0,1,0,1,0,0
0,2,3143,702,1293,914,234,110,177,127,27,0,1,0,1,0,0
0,6,2038,879,821,338,0,141,111,45,0,0,1,0,1,0,0
0,2,2746,1449,998,299,0,210,144,41,0,1,1,0,1,1,0
0,0,3405,536,1191,1552,126,72,178,194,19,0,1,0,1,0,0
0,6,2478,755,1141,582,0,104,148,69,0,0,1,1,1,0,0
0,0,3381,651,1297,933,500,107,182,132,64,0,1,0,1,1,0
0,0,1479,829,563,70,17,131,84,10,2,0,1,0,1,1,0
0,0,3362,746,1622,507,487,127,227,79,74,0,1,0,1,1,0
0,5,2608,228,1317,1063,0,32,160,136,0,0,1,0,0,0,0
0,0,2953,660,842,1146,305,112,121,143,42,0,1,0,1,0,0
0,7,1757,866,891,0,0,123,138,0,0,0,1,0,1,0,0
0,0,6358,2206,2550,894,708,350,362,127,119,0,1,0,1,0,0
0,2,1775,464,488,823,0,71,66,83,0,0,1,0,1,0,0
0,2,3595,879,1831,885,0,141,228,117,0,0,1,0,1,1,0
0,1,9859,1229,6973,1657,0,179,909,212,0,0,1,0,1,0,0
0,0,3304,1264,604,1232,204,216,89,155,37,0,1,0,1,0,0
0,3,2672,1050,645,727,250,155,97,97,37,0,1,0,1,1,0
1,1,1833,0,1316,363,154,0,173,56,23,0,0,0,0,0,0
0,2,3143,558,1230,171,1184,84,180,23,167,1,1,0,1,0,0
0,6,1684,829,855,0,0,131,134,0,0,0,1,0,1,0,0
0,3,1202,829,266,91,16,131,48,15,2,0,1,0,1,1,0
0,1,1947,544,472,437,494,76,74,55,92,0,1,0,1,1,0
0,1,2160,554,1058,548,0,88,153,71,0,0,1,0,1,1,0
0,6,1223,228,995,0,0,32,126,0,0,0,1,0,0,0,0
0,5,837,228,609,0,0,32,91,0,0,0,1,0,0,0,0
0,1,3781,570,1173,1778,260,77,159,244,45,0,1,0,1,1,0
0,0,2756,608,690,484,974,83,101,52,135,0,1,0,1,1,0
0,1,790,228,129,433,0,32,19,35,0,0,1,0,0,0,0
0,2,583,53,381,130,19,10,33,18,3,0,1,0,1,1,0
0,2,583,53,381,130,19,10,33,18,3,0,1,0,1,1,0
0,5,5398,1576,245,3577,0,243,38,476,0,0,1,0,1,1,0
0,2,3139,558,1226,171,1184,84,178,23,167,1,1,0,1,0,0
0,1,1661,829,745,70,17,131,111,10,2,0,1,0,1,1,0
0,1,1572,0,962,386,224,0,147,62,25,1,0,0,0,0,0
0,1,1357,0,616,441,300,0,89,55,41,0,0,0,1,0,0
0,0,2590,657,648,894,391,100,86,119,54,0,1,0,1,0,0
0,5,1398,228,1170,0,0,32,152,0,0,0,1,0,0,0,0
0,2,2446,251,1455,377,363,52,240,60,55,0,1,0,1,0,0
0,1,5811,1708,2912,556,635,290,453,92,116,0,1,0,1,1,0
0,1,3851,571,1583,924,773,87,208,108,128,0,1,0,1,0,0
0,1,1749,0,1149,276,324,0,158,32,47,1,0,0,0,0,0
1,0,3229,1050,1172,938,69,155,187,134,8,0,1,0,1,1,0
0,0,1974,505,824,462,183,79,112,56,20,1,1,0,1,0,0
0,1,1943,748,570,486,139,116,65,62,15,0,1,0,1,1,0
0,1,1484,228,317,939,0,32,42,114,0,0,1,0,0,0,0
0,3,2905,913,931,571,490,75,128,82,66,0,1,0,1,0,0
0,3,2985,671,1551,763,0,108,218,106,0,0,1,0,1,0,0
0,1,3059,755,746,558,1000,118,109,81,155,1,1,0,1,1,0
0,3,2150,529,1207,297,117,80,174,40,16,0,1,0,1,1,0
0,1,3419,1492,1185,742,0,234,164,104,0,0,1,0,1,0,0
0,5,3215,228,1216,1771,0,32,152,220,0,0,1,0,0,0,0
0,5,395,0,395,0,0,0,70,0,0,1,0,0,0,0,0
0,1,2881,1182,1416,0,283,187,184,0,36,1,1,0,1,0,0
1,0,2289,76,1267,435,511,14,198,75,87,0,1,0,1,1,0
0,4,3342,553,1564,393,832,72,239,59,122,0,1,0,1,1,0
0,5,3228,310,790,1651,477,53,121,247,81,0,1,0,1,1,0
0,0,2414,361,328,1568,157,57,53,184,22,1,1,0,1,0,0
0,5,991,228,763,0,0,32,109,0,0,0,1,0,0,0,0
0,0,2156,387,970,555,244,63,159,79,37,0,1,0,1,1,0
0,0,3050,742,1318,858,132,108,187,117,11,0,1,0,1,0,0
0,2,2676,297,1796,583,0,51,218,77,0,0,1,0,1,0,0
0,0,3187,1016,1078,674,419,130,147,82,56,0,1,0,1,1,1
0,0,3078,729,866,1163,320,109,149,156,40,0,1,0,1,1,0
0,2,1330,90,854,173,213,15,134,28,41,0,1,0,1,1,0
0,0,3825,551,1586,1445,243,78,236,196,37,0,1,0,1,1,0
0,5,1916,624,594,362,336,87,72,43,46,0,1,0,1,0,0
0,1,3646,1491,1585,570,0,235,234,79,0,0,1,0,1,0,0
0,1,2136,1486,442,151,57,235,52,20,5,1,1,0,1,0,0
0,6,1766,316,717,733,0,53,103,104,0,0,1,0,1,0,0
0,0,3686,827,1685,593,581,137,264,70,82,0,1,0,1,0,0
0,1,3592,0,2520,576,496,0,385,95,84,0,0,0,0,0,0
0,2,3212,868,1522,751,71,119,227,100,9,0,1,0,1,1,0
0,1,2672,684,1220,768,0,86,150,93,0,0,1,0,1,0,0
0,3,3497,671,1787,1039,0,108,240,169,0,0,1,0,1,0,0
0,0,2111,778,634,263,436,115,95,35,77,0,1,0,1,1,0
0,7,2102,1970,132,0,0,312,23,0,0,0,1,0,1,0,0
0,1,4061,2019,1135,768,139,311,179,122,17,0,1,0,1,1,0
0,0,3757,827,1349,1000,581,137,221,130,82,0,1,0,1,0,0
0,2,3556,2270,253,556,477,330,42,62,47,0,1,0,1,1,0
0,1,408,0,73,316,19,0,10,44,4,0,0,0,0,1,0
0,1,2030,1050,596,384,0,155,83,55,0,0,1,0,1,1,0
0,0,2033,734,863,333,103,113,150,52,16,0,1,0,1,1,0
0,3,1324,829,391,88,16,131,67,15,2,0,1,0,1,1,0
0,8,6636,0,6636,0,0,0,148,0,0,0,0,0,0,0,0
0,0,7830,619,5269,1755,187,64,732,248,26,0,1,0,1,1,0
0,1,3087,250,2751,86,0,30,238,8,0,0,1,0,0,0,0
0,0,3100,1588,678,252,582,261,99,36,95,0,1,0,1,1,0
0,3,2790,838,784,1168,0,131,121,166,0,0,1,0,1,0,0
1,1,2854,685,1180,649,340,102,184,103,51,0,1,0,1,0,0
0,0,2291,726,305,398,862,83,39,49,107,0,1,0,1,0,0
0,5,3340,553,1562,393,832,72,239,59,122,0,1,0,1,1,0
0,2,3602,1392,788,1422,0,209,121,202,0,0,1,0,1,1,0
0,2,1253,0,488,765,0,0,62,108,0,0,0,0,0,1,0
0,4,3521,624,1126,1771,0,87,172,224,0,0,1,0,1,0,0
0,1,3889,624,1152,2113,0,87,174,256,0,0,1,0,1,0,0
0,3,3340,553,1562,393,832,72,239,59,122,0,1,0,1,1,0
0,4,3423,624,891,1908,0,87,137,253,0,0,1,0,1,0,0
0,4,3342,553,1564,393,832,72,239,59,122,0,1,0,1,1,0
0,5,3520,1124,1657,739,0,147,220,85,0,0,1,0,1,1,0
0,5,1321,333,706,282,0,47,93,36,0,0,1,0,1,0,0
0,1,1321,0,658,545,118,0,90,76,12,0,0,0,1,0,0
0,1,2309,632,1049,276,352,112,159,38,54,0,1,0,1,1,0
0,0,1521,683,306,365,167,96,34,46,25,0,1,0,1,0,0
0,2,4573,1708,1877,988,0,290,328,160,0,0,1,0,1,1,0
0,0,3706,917,1959,637,193,148,295,83,22,0,1,0,1,1,0
0,2,1911,672,351,767,121,97,52,109,16,0,1,0,1,1,0
0,0,3558,1187,911,780,680,180,154,127,116,0,1,0,1,1,0
0,0,4354,619,2835,665,235,64,355,91,32,1,1,0,1,1,0
0,0,1249,189,363,496,201,14,57,57,24,0,1,0,1,1,0
0,5,1695,321,629,468,277,45,89,61,37,0,1,0,1,1,0
0,3,454,0,263,98,93,0,30,11,10,0,0,0,0,0,0
0,2,3427,1025,1349,442,611,148,176,59,75,0,1,0,1,0,0
0,7,1778,866,912,0,0,123,134,0,0,0,1,0,1,0,0
0,0,4198,1042,1774,686,696,178,266,88,111,1,1,0,1,1,0
0,5,5622,1576,232,3814,0,243,36,523,0,0,1,0,1,1,0
0,7,1226,0,613,613,0,0,103,76,0,0,0,0,1,0,0
0,7,4194,1410,2784,0,0,215,397,0,0,0,1,0,1,0,0
0,1,2601,278,838,899,586,38,122,133,63,0,1,0,1,0,0
0,1,2781,708,1340,649,84,117,194,84,9,0,1,0,1,1,0
0,0,2095,651,889,446,109,100,121,50,10,0,1,0,1,1,0
0,0,2878,553,1672,369,284,72,209,34,30,0,1,0,1,1,0
0,4,2990,115,2875,0,0,18,442,0,0,1,1,0,1,1,0
0,3,1705,829,91,769,16,131,15,127,2,0,1,0,1,1,0
0,0,3067,580,1676,515,296,86,231,74,41,1,1,0,1,0,0
0,6,1930,879,603,448,0,141,75,58,0,0,1,0,1,0,0
0,2,1367,755,612,0,0,118,103,0,0,0,1,0,1,0,0
0,0,3146,506,1448,671,521,73,229,92,74,0,1,0,1,1,0
0,2,2492,367,953,956,216,52,130,134,31,0,1,0,1,1,0
0,0,3523,1319,1425,481,298,147,201,69,42,0,1,0,1,0,0
0,2,5398,887,4511,0,0,127,597,0,0,0,1,0,1,1,0
0,3,1776,829,91,840,16,131,15,129,2,0,1,0,1,1,0
0,0,3509,789,873,1564,283,112,131,220,38,1,1,0,1,1,0
0,0,3596,1467,2002,53,74,207,315,10,7,0,1,0,1,1,0
0,4,6206,1089,3784,1188,145,154,461,139,19,0,1,0,0,0,0
0,4,3342,553,1564,393,832,72,239,59,122,0,1,0,1,1,0
0,4,3342,553,1564,393,832,72,239,59,122,0,1,0,1,1,0
0,0,5583,1254,1763,2229,337,183,257,296,48,0,1,0,1,0,0
0,0,2896,590,953,1041,312,88,150,134,42,0,1,0,1,0,0
0,0,3582,606,1518,577,881,77,201,55,151,0,1,0,1,0,0
0,6,1057,228,829,0,0,32,105,0,0,0,1,0,0,0,0
0,3,1871,800,280,791,0,133,46,97,0,0,1,0,1,0,0
0,6,907,228,679,0,0,32,116,0,0,0,1,0,0,0,0
0,1,4734,1073,1479,1094,1088,154,202,161,169,0,1,0,1,0,0
0,7,932,454,478,0,0,68,69,0,0,0,1,0,1,0,0
0,0,3010,461,798,1670,81,65,96,221,10,0,1,0,1,1,0
0,0,6045,1137,4222,508,178,191,693,70,22,0,1,0,1,1,0
0,5,1456,228,1228,0,0,32,158,0,0,0,1,0,0,0,0
0,1,1636,79,524,428,605,12,89,54,93,0,1,0,1,0,0
0,0,1919,1018,439,392,70,141,59,50,7,0,1,0,1,0,0
0,0,2358,778,587,557,436,115,87,70,77,0,1,0,1,1,0
0,0,4197,516,1456,1407,818,76,196,171,114,1,1,0,1,0,0
0,0,1905,829,1020,34,22,131,142,5,3,0,1,0,1,1,0
0,1,2000,161,1816,23,0,20,279,3,0,0,1,0,1,0,0
0,2,583,53,381,130,19,10,33,18,3,0,1,0,1,1,0
0,2,2334,588,1582,164,0,96,222,25,0,0,1,0,1,0,0
0,5,1623,445,453,408,317,61,63,52,47,0,1,0,1,0,0
0,5,3693,1025,1221,1115,332,154,173,196,59,0,1,0,1,1,0
0,2,1522,829,626,51,16,131,88,8,2,0,1,0,1,0,0
0,2,2863,1050,1079,509,225,155,157,78,28,0,1,0,1,1,0
0,1,1521,829,605,70,17,131,92,10,2,0,1,0,1,1,0
0,1,2415,323,1145,756,191,48,176,94,22,0,1,0,1,1,0
0,2,1061,0,305,376,380,0,47,44,54,0,0,0,1,0,0
0,7,1785,0,1384,401,0,0,216,58,0,0,0,0,1,1,0
0,2,1735,651,527,327,230,107,68,42,34,0,1,0,1,0,0
0,0,3160,461,1517,1102,80,65,200,146,11,0,1,0,1,1,0
0,2,2712,755,1957,0,0,118,279,0,0,0,1,0,1,0,0
0,2,2726,671,826,1229,0,108,111,136,0,0,1,0,1,1,0
0,1,1102,0,539,334,229,0,58,50,38,1,0,0,0,0,0
0,0,5804,1239,3057,1124,384,110,345,135,52,0,1,0,1,0,0
0,7,1019,0,885,134,0,0,126,16,0,0,0,0,1,0,0
0,1,3588,606,1964,711,307,86,282,96,31,0,1,0,1,0,0
0,0,3958,807,861,1593,697,112,118,199,83,0,1,0,1,0,0
0,4,2355,508,982,681,184,65,150,88,28,0,1,0,1,0,0
0,0,2232,277,1133,437,385,39,167,62,54,1,1,0,1,1,0
0,1,1573,829,671,56,17,131,102,9,2,0,1,0,1,0,0
0,5,4653,1016,2102,1191,344,130,285,157,42,0,1,0,1,1,1
0,7,1534,829,705,0,0,131,98,0,0,0,1,0,1,0,0
0,1,454,0,265,134,55,0,32,16,6,0,0,0,0,0,0
0,2,2234,671,453,1110,0,108,64,155,0,0,1,0,1,0,0
0,4,7271,1016,4466,990,799,130,604,149,100,0,1,0,1,0,1
0,4,1640,1050,340,0,250,155,51,0,37,0,1,0,1,1,0
0,6,1742,333,1004,405,0,47,130,52,0,0,1,0,1,0,0
0,5,1331,829,397,89,16,131,56,15,2,0,1,0,1,1,0
0,1,1938,708,848,273,109,96,117,39,15,0,1,0,1,1,0
0,0,1902,489,840,449,124,83,142,58,19,1,1,0,1,1,0
0,2,1683,0,765,532,386,0,127,94,62,1,0,0,0,0,0
0,0,3075,487,1180,1013,395,67,161,143,49,0,1,0,1,0,0
0,1,4812,1099,1368,880,1465,147,185,128,189,0,1,0,1,1,1
0,2,4006,264,2447,395,900,35,370,67,150,0,1,0,1,0,0
0,3,3803,574,1401,1443,385,86,208,198,52,0,1,0,1,0,0
0,4,3309,671,1669,969,0,108,229,159,0,0,1,0,1,1,0
0,2,2012,0,1597,415,0,0,236,53,0,0,0,0,1,1,0
0,4,2640,651,1119,518,352,107,150,68,48,0,1,0,1,1,0
0,1,2894,229,1227,874,564,33,164,122,76,0,1,0,1,1,0
0,3,3160,421,1957,782,0,56,279,102,0,0,1,0,1,0,0
0,1,3717,1057,891,407,1362,125,133,49,192,0,1,0,1,1,0
0,1,2435,671,958,806,0,108,127,98,0,0,1,0,1,1,0
0,6,1034,387,647,0,0,63,101,0,0,0,1,0,1,0,0
0,6,1560,228,1332,0,0,32,185,0,0,0,1,0,0,0,0
0,5,3143,310,811,1594,428,53,128,251,72,0,1,0,1,0,0
0,2,3654,0,1777,1211,666,0,238,185,92,0,0,0,0,0,0
0,0,1780,133,882,672,93,19,133,80,15,1,1,0,1,0,0
0,0,4780,2559,787,1334,100,424,115,181,9,0,1,0,1,0,0
0,2,4394,1484,1203,1047,660,240,198,152,95,0,1,0,1,1,0
0,1,1466,829,550,70,17,131,82,10,2,0,1,0,1,1,0
0,2,1144,222,858,64,0,34,144,11,0,1,1,0,1,0,0
0,0,4058,651,2419,776,212,100,325,93,29,0,1,0,1,1,0
0,0,4218,1441,1235,520,1022,176,178,84,156,0,1,0,1,1,0
0,5,2379,433,1946,0,0,48,268,0,0,0,1,0,1,0,0
1,1,1735,0,1158,380,197,0,119,48,19,1,0,0,0,0,0
0,0,2764,1099,700,543,422,147,87,64,60,0,1,0,1,1,1
0,2,583,53,381,130,19,10,33,18,3,0,1,0,1,1,0
0,1,2903,0,1355,903,645,0,192,137,101,0,0,0,1,1,0
0,0,7251,1099,3908,1376,868,147,558,169,106,0,1,0,1,1,1
0,0,7459,1099,3603,1193,1564,147,499,150,172,0,1,0,1,1,1
1,0,3325,968,925,935,497,130,133,144,78,0,1,0,1,0,0
0,2,5081,397,4031,653,0,53,561,83,0,0,1,0,1,1,0
0,5,1104,333,500,271,0,47,73,40,0,0,1,0,1,0,0
0,3,1881,310,731,840,0,53,112,119,0,0,1,0,1,0,0
0,2,583,53,381,130,19,10,33,18,3,0,1,0,1,1,0
0,1,5105,1099,3493,513,0,147,534,68,0,0,1,0,1,1,1
0,1,3914,1099,1657,1158,0,147,217,142,0,0,1,0,1,1,1
0,1,2352,1099,641,612,0,147,86,70,0,0,1,0,1,1,1
0,0,5689,1194,2833,1069,593,186,395,138,102,0,1,0,1,1,0
0,0,6392,2206,3339,231,616,350,496,32,105,0,1,0,1,0,0
1,0,1688,367,587,516,218,51,77,80,29,1,1,0,1,1,0
0,3,2667,467,1316,884,0,73,182,113,0,0,1,0,1,1,0
0,7,1410,79,1331,0,0,12,183,0,0,0,1,0,1,0,0
0,2,3821,1050,2175,596,0,155,289,88,0,0,1,0,1,1,0
0,1,3069,1021,861,938,249,183,119,124,26,1,1,0,1,1,0
0,1,6561,904,4726,931,0,124,623,102,0,1,1,0,1,1,0
0,2,3191,0,1098,944,1149,0,181,114,174,0,0,1,0,0,0
0,1,2373,873,785,516,199,146,128,74,34,0,1,0,1,0,0
0,1,3014,755,1525,734,0,118,220,104,0,0,1,0,1,0,0
0,2,583,53,381,130,19,10,33,18,3,0,1,0,1,1,0
0,2,2849,0,1563,796,490,0,241,103,67,0,0,0,0,1,0
1,1,2364,1486,671,207,0,235,106,24,0,0,1,0,1,1,0
0,1,2835,741,1393,701,0,114,181,87,0,0,1,0,1,1,1
0,4,5536,1390,382,3715,49,196,64,499,6,0,1,0,0,1,0
0,4,1694,829,807,58,0,131,116,8,0,0,1,0,1,0,0
1,0,2351,333,906,930,182,48,126,107,20,1,1,0,1,1,0
0,1,3556,741,1657,1158,0,114,217,142,0,0,1,0,1,1,1
0,1,1799,401,1135,263,0,55,151,31,0,0,1,0,0,0,0
0,0,2517,321,1366,771,59,46,191,93,7,0,1,0,1,0,0
0,0,5368,1099,2765,1200,304,147,381,151,42,0,1,0,1,1,1
0,0,2363,720,722,769,152,126,98,81,19,1,1,0,1,1,0
0,0,4043,1042,1399,906,696,178,215,131,111,1,1,0,1,1,0
1,2,2587,0,2474,0,113,0,284,0,11,1,0,0,0,0,0
1,0,6380,2065,2381,1245,689,333,367,168,90,1,1,0,1,1,0
0,2,1710,829,795,70,16,131,111,10,2,0,1,0,1,1,0
0,5,1540,310,545,685,0,53,82,97,0,0,1,0,1,0,0
0,2,583,53,381,130,19,10,33,18,3,0,1,0,1,1,0
0,5,915,70,845,0,0,1,121,0,0,0,1,0,1,0,0
0,0,4266,1073,1539,464,1190,154,212,60,171,1,1,0,1,0,0
0,0,5816,1099,2269,1319,1129,147,309,173,133,0,1,0,1,1,1
0,2,4283,879,2842,562,0,141,342,67,0,0,1,0,1,1,0
0,1,921,0,718,139,64,0,120,12,7,1,0,0,0,0,0
0,2,583,53,381,130,19,10,33,18,3,0,1,0,1,1,0
0,1,2167,134,1221,319,493,20,195,33,79,0,1,0,1,1,0
0,1,1994,741,641,612,0,114,86,70,0,0,1,0,1,1,1
0,1,3580,710,1524,966,380,98,217,132,55,0,1,0,1,1,0
0,1,2615,1564,960,91,0,182,154,11,0,1,1,0,1,1,0
0,5,3719,1179,1539,791,210,199,220,101,34,0,1,0,1,0,0
0,8,369,0,369,0,0,0,40,0,0,0,0,0,0,0,0
0,1,1724,858,640,226,0,159,99,31,0,0,1,0,1,1,0
0,3,4765,1050,2742,723,250,155,350,107,37,0,1,0,1,1,0
0,2,3570,506,914,1068,1082,73,120,147,172,0,1,0,1,1,0
0,0,3973,1007,1217,1721,28,158,168,220,3,0,1,0,1,1,0
0,0,4521,2676,772,835,238,392,91,100,36,0,1,0,1,0,0
0,5,4924,1594,3330,0,0,270,528,0,0,0,1,0,1,1,0
0,0,2441,1264,247,784,146,216,48,136,27,0,1,0,1,0,0
0,2,4701,879,298,3524,0,141,37,437,0,0,1,0,1,1,0
0,3,3266,310,1427,1066,463,53,210,143,80,0,1,0,1,1,0
0,1,4282,236,2584,1462,0,35,338,183,0,0,1,0,1,0,0
0,6,1076,228,848,0,0,32,106,0,0,0,1,0,0,0,0
0,3,3540,755,637,2148,0,118,99,304,0,0,1,0,1,0,0
0,4,2262,1018,838,406,0,141,114,54,0,0,1,0,1,0,0
0,2,2980,0,785,1044,1151,0,131,133,173,0,0,1,0,0,0
0,1,4117,580,2301,835,401,86,335,123,52,1,1,0,1,0,0
0,2,3132,558,1219,171,1184,84,177,23,167,1,1,0,1,0,0
0,5,799,228,571,0,0,32,71,0,0,0,1,0,0,0,0
0,0,1728,105,1247,184,192,14,149,18,34,0,1,0,1,0,0
0,1,2904,627,837,873,567,89,126,115,80,0,1,0,1,0,0
0,6,2329,1913,119,297,0,293,21,41,0,0,1,0,1,1,0
0,5,1462,153,288,813,208,25,50,89,26,0,1,0,1,1,0
0,0,1856,829,854,88,85,131,158,10,10,1,1,0,1,1,0
0,2,2497,0,1492,1005,0,0,179,118,0,0,0,0,0,0,0
0,6,823,0,823,0,0,0,120,0,0,0,0,0,0,0,0
0,0,4500,372,2393,1188,547,55,400,177,82,1,1,0,1,0,0
0,0,2338,1356,461,273,248,207,68,35,40,0,1,0,1,0,0
0,3,2741,0,743,985,1013,0,132,114,153,0,0,1,0,0,0
0,1,2193,320,956,917,0,45,153,125,0,0,1,0,1,1,0
0,1,1381,829,400,103,49,131,71,17,8,0,1,0,1,1,0
0,0,1981,729,886,104,262,109,150,12,29,0,1,0,1,1,0
0,1,1886,554,503,829,0,88,78,128,0,0,1,0,1,0,0
0,0,3997,1402,1805,559,231,182,237,75,42,0,1,0,1,0,0
0,4,1120,70,1050,0,0,1,146,0,0,1,1,0,1,1,0
0,0,2410,1050,965,170,225,155,139,23,28,0,1,0,1,1,0
0,0,2529,622,1318,472,117,89,178,69,16,1,1,0,1,0,0
0,0,2081,729,860,172,320,109,147,28,39,0,1,0,1,1,0
0,0,1805,388,1236,129,52,61,164,17,5,1,1,0,1,0,1
0,0,2477,813,846,606,212,113,136,84,26,1,1,0,1,1,0
0,2,1877,779,853,245,0,134,193,59,0,0,1,0,1,1,0
0,0,5545,1230,811,2415,1089,181,117,343,164,0,1,0,1,1,0
0,2,1446,0,826,499,121,0,115,69,22,0,0,0,0,0,0
0,6,933,228,705,0,0,32,85,0,0,0,1,0,0,0,0
0,5,3041,244,1943,687,167,32,249,95,24,0,1,0,1,0,0
0,1,2996,554,1678,764,0,88,233,98,0,0,1,0,1,1,0
0,0,1422,94,528,475,325,15,94,62,53,1,1,0,1,1,0
0,1,1636,520,170,946,0,91,28,126,0,0,1,0,1,1,0
0,1,2271,447,762,1062,0,72,114,142,0,0,1,0,1,0,0
0,0,3619,746,2036,453,384,127,319,73,52,0,1,0,1,1,0
0,1,2394,475,966,417,536,72,160,69,83,0,1,0,1,0,0
0,1,6398,1868,3214,1226,90,283,449,175,14,0,1,0,1,0,0
0,3,3388,0,3388,0,0,0,447,0,0,0,0,0,0,1,0
0,3,390,0,390,0,0,0,52,0,0,1,0,1,0,0,0
0,0,2856,860,1240,496,260,121,171,61,36,0,1,0,1,0,0
0,1,3253,1181,550,697,825,156,67,84,89,1,1,0,1,0,0
0,2,4384,610,720,2047,1007,87,107,267,147,1,1,0,1,1,0
0,1,3538,1557,720,498,763,230,118,71,114,0,1,0,1,0,0
0,1,1318,134,513,671,0,20,75,89,0,1,1,0,1,1,0
0,1,1608,0,934,539,135,0,115,76,18,0,0,0,0,1,0
0,0,2964,708,753,1386,117,118,126,190,16,1,1,0,1,0,0
0,5,1331,134,513,684,0,20,75,89,0,0,1,0,1,0,0
0,2,1480,613,257,406,204,74,41,63,28,0,1,0,1,0,0
0,5,2862,612,1899,351,0,87,269,45,0,0,1,0,1,0,0
0,0,3155,445,879,909,922,58,124,122,126,0,1,0,1,1,0
0,0,2471,657,754,669,391,100,98,89,54,0,1,0,1,0,0
0,1,3453,1557,441,692,763,230,68,92,114,0,1,0,1,0,0
0,3,3402,1356,1211,587,248,207,156,81,40,0,1,0,1,0,0
0,5,2371,310,1213,700,148,53,189,94,26,0,1,0,1,1,0
0,0,4620,1056,2566,955,43,163,374,141,3,1,1,0,1,1,0
0,0,4011,746,2395,453,417,127,363,73,56,0,1,0,1,1,0
0,0,2345,418,731,804,392,78,111,112,60,0,1,0,1,1,0
0,2,1299,829,390,63,17,131,59,9,2,0,1,0,1,1,0
0,1,2436,651,627,764,394,107,95,124,56,0,1,0,1,1,0
0,3,390,0,390,0,0,0,52,0,0,1,0,1,0,0,0
0,1,3744,1363,1808,573,0,207,254,83,0,1,1,0,1,0,0
0,2,642,53,382,188,19,10,33,28,3,0,1,0,1,1,0
0,0,7487,1049,1589,4632,217,151,222,581,32,0,1,0,1,1,0
0,1,1778,236,1250,292,0,35,163,36,0,0,1,0,1,0,0
0,1,3455,1557,493,641,764,230,71,84,114,0,1,0,1,0,0
0,3,1975,798,1177,0,0,131,155,0,0,0,1,0,1,1,0
0,2,4165,2301,427,414,1023,320,57,68,162,0,1,0,1,0,0
0,0,1805,388,1236,129,52,61,164,17,5,1,1,0,1,0,1
0,0,3997,1402,1805,559,231,182,237,75,42,0,1,0,1,0,0
0,0,2666,673,674,1214,105,97,81,195,19,1,1,0,1,0,0
0,1,3255,549,1708,723,275,87,229,105,47,1,1,0,1,0,0
0,0,2624,219,1628,757,20,36,234,98,2,0,1,0,1,1,0
0,0,2609,975,1130,321,183,147,171,47,25,1,1,0,1,1,0
0,0,2523,552,835,754,382,71,95,104,57,0,1,0,1,1,0
0,0,5822,1208,3631,949,34,155,537,135,5,0,1,0,1,1,0
0,2,3807,1687,1728,392,0,247,230,51,0,0,1,1,1,0,0
0,0,2300,520,607,1085,88,73,95,138,9,0,1,0,1,0,0
0,1,1704,829,723,103,49,131,122,17,8,0,1,0,1,1,0
0,4,1269,445,667,157,0,61,100,21,0,0,1,0,1,0,0
0,2,3642,879,2154,609,0,141,270,78,0,0,1,0,1,1,0
0,2,3092,410,1306,1149,227,67,187,151,33,0,1,0,1,0,0
0,5,3865,1492,1500,422,451,234,246,72,76,0,1,0,1,0,0
0,5,1187,134,664,389,0,20,105,50,0,0,1,0,1,0,0
0,2,1617,0,772,734,111,0,126,85,17,0,0,0,0,0,0
0,1,3150,0,2381,376,393,0,333,43,47,0,0,0,0,0,0
0,6,1413,228,1185,0,0,32,148,0,0,0,1,0,0,0,0
0,0,3424,870,1523,554,477,140,243,68,62,0,1,0,1,1,0
0,2,583,53,381,130,19,10,33,18,3,0,1,0,1,1,0
0,5,3664,310,1058,1794,502,53,174,266,85,0,1,0,1,0,0
0,0,4722,1055,1415,1150,1102,156,213,204,203,1,1,0,1,1,0
0,0,2947,897,1594,143,313,157,262,20,37,1,1,0,1,1,0
0,3,3622,1508,946,1168,0,239,142,164,0,0,1,0,1,1,0
0,0,2729,658,600,580,891,109,99,74,131,0,1,0,1,1,0
0,1,2751,827,1327,597,0,111,181,70,0,0,1,0,1,1,0
0,0,7274,1402,3628,2007,237,182,474,248,41,0,1,0,1,0,0
0,3,1771,0,1420,227,124,0,209,40,21,1,0,0,0,1,0
0,5,1144,228,916,0,0,32,123,0,0,0,1,0,0,0,0
0,3,2576,638,928,840,170,107,145,117,20,0,1,0,1,1,0
0,5,3878,1708,857,234,1079,290,151,39,188,0,1,0,1,1,0
0,0,4278,2559,589,1089,41,424,93,147,4,0,1,0,1,0,0
0,0,2936,897,1377,213,449,157,200,23,74,1,1,0,1,1,0
0,1,3804,571,1871,590,772,87,292,64,127,0,1,0,1,0,0
1,3,826,0,579,247,0,0,77,38,0,0,0,0,0,0,0
0,6,932,0,932,0,0,0,127,0,0,0,0,0,0,0,0
0,1,2303,659,1082,562,0,121,156,98,0,1,1,0,1,0,0
0,6,459,0,432,27,0,0,60,4,0,0,0,0,0,0,1
0,6,725,228,497,0,0,32,83,0,0,0,1,0,0,0,0
0,8,3986,0,3986,0,0,0,50,0,0,0,0,0,0,0,0
0,7,347,252,95,0,0,41,15,0,0,0,1,1,1,0,0
0,0,2082,651,935,284,212,100,116,25,29,0,1,0,1,1,0
0,4,1123,0,1123,0,0,0,134,0,0,1,0,0,0,0,1
0,3,4640,702,2204,1048,686,110,320,154,94,0,1,0,1,0,0
0,7,1534,829,705,0,0,131,98,0,0,0,1,0,1,0,0
0,2,1287,493,306,488,0,70,46,61,0,1,1,0,1,1,0
0,1,3535,1043,1260,627,605,175,205,92,83,1,1,0,1,1,0
0,2,4110,1025,1215,813,1057,148,148,101,143,0,1,0,1,0,0
0,0,8158,1402,3792,2702,262,182,482,331,44,0,1,0,1,0,0
0,1,2881,468,933,1032,448,82,142,150,56,0,1,0,1,1,0
1,0,3485,660,949,1691,185,112,132,215,22,0,1,0,1,1,0
0,0,3431,726,908,899,898,83,136,126,117,0,1,0,1,0,0
0,6,3988,601,3387,0,0,91,463,0,0,0,1,0,1,0,0
0,2,2924,1491,1433,0,0,235,209,0,0,0,1,0,1,0,0
0,1,3193,1099,1393,701,0,147,181,87,0,0,1,0,1,1,1
0,0,2079,447,738,820,74,67,114,94,7,1,1,0,1,0,0
0,3,1497,0,1497,0,0,0,218,0,0,0,0,0,0,0,0
0,2,4918,1958,2102,299,559,335,354,44,88,0,1,0,1,1,0
0,2,4431,773,1467,2191,0,113,230,281,0,0,1,0,1,1,0
0,3,2131,651,920,345,215,107,142,41,27,0,1,0,1,0,0
0,0,4470,541,2566,1275,88,85,319,169,14,0,1,0,1,1,0
0,5,2276,228,2048,0,0,32,264,0,0,0,1,0,0,0,0
0,1,1676,541,870,265,0,85,118,40,0,1,1,0,1,0,0
0,6,1435,493,528,414,0,70,82,59,0,0,1,0,1,1,0
0,1,4482,684,2633,1165,0,86,370,140,0,0,1,0,1,0,0
0,2,4006,1808,2198,0,0,264,311,0,0,0,1,0,1,0,0
0,0,3001,764,821,297,1119,77,112,38,177,1,1,0,1,1,1
0,0,1436,116,525,352,443,17,74,51,62,1,1,0,1,1,0
0,0,5181,734,3984,348,115,113,678,56,20,0,1,0,1,1,0
0,0,1435,116,951,264,104,17,153,37,17,1,1,0,1,1,0
0,1,1311,116,641,362,192,17,106,56,27,1,1,0,1,1,0
0,0,5292,579,2868,1396,449,87,388,174,50,0,1,0,1,1,0
0,2,4935,1808,3127,0,0,264,434,0,0,0,1,0,1,1,0
1,3,2659,0,2173,486,0,0,279,59,0,1,0,0,1,0,0
0,4,3321,553,1564,393,811,72,239,59,119,0,1,0,1,1,0
0,2,1687,244,434,416,593,32,68,65,95,0,1,0,1,1,0
0,6,1766,316,717,733,0,53,103,104,0,0,1,0,1,0,0
0,0,3235,742,1433,945,115,108,213,117,10,0,1,0,1,0,0
0,3,2896,1298,1598,0,0,203,247,0,0,0,1,0,1,0,0
0,1,3012,1016,1441,555,0,130,213,77,0,0,1,0,1,1,1
0,0,2096,1016,931,106,43,130,114,16,4,0,1,0,1,0,1
0,0,2947,1016,636,193,1102,130,84,22,164,1,1,0,1,1,1
0,0,4547,1016,2460,324,747,130,326,37,76,1,1,0,1,1,1
0,0,3381,1016,303,891,1171,130,38,102,164,1,1,0,1,1,1
0,0,3155,1016,310,729,1100,130,40,87,164,1,1,0,1,1,1
0,0,3500,1042,873,889,696,178,142,132,111,0,1,0,1,1,0
0,0,2008,1016,843,108,41,130,107,16,4,0,1,0,1,0,1
0,0,2568,1016,552,598,402,130,69,72,54,0,1,0,1,1,1
0,6,1084,228,856,0,0,32,108,0,0,0,1,0,0,0,0
0,2,5331,1099,1736,818,1678,147,208,101,258,0,1,0,1,0,1
0,2,586,53,384,130,19,10,34,18,3,0,1,0,1,0,0
0,2,2955,1099,1856,0,0,147,269,0,0,0,1,0,1,0,1
0,6,1890,380,1293,0,217,64,187,0,23,0,1,0,1,1,0
0,0,4836,1099,2468,454,815,147,372,55,120,0,1,0,1,1,1
0,1,4345,1099,2193,1053,0,147,290,145,0,0,1,0,1,1,1
0,4,4083,1099,996,1456,532,147,155,183,77,0,1,0,1,1,1
0,0,4178,1099,690,886,1503,147,90,111,165,1,1,0,1,1,1
0,0,5678,1099,762,2606,1211,147,102,331,134,0,1,0,1,1,1
0,1,3295,1099,1448,748,0,147,190,90,0,0,1,0,1,1,1
0,3,3919,1562,272,523,1562,249,41,58,249,0,1,1,1,0,0
0,0,2092,979,600,166,347,144,88,22,46,0,1,0,1,0,0
0,2,3468,467,2441,560,0,73,343,66,0,0,1,0,1,1,0
1,0,3636,990,1810,706,130,167,289,84,25,0,1,1,1,1,0
0,0,3076,487,1180,1014,395,67,161,143,49,0,1,0,1,0,0
0,2,2261,0,1992,269,0,0,273,33,0,1,0,0,1,1,0
1,0,2304,333,877,912,182,48,122,125,20,0,1,0,1,0,0
0,0,2996,868,1164,648,316,119,162,81,53,0,1,0,1,0,0
0,4,2512,228,643,1641,0,32,97,202,0,0,1,0,0,0,0
0,3,3308,755,2553,0,0,118,403,0,0,0,1,0,1,0,0
0,3,2843,421,1683,739,0,56,236,100,0,0,1,0,1,0,0
0,1,1975,0,868,633,474,0,109,78,66,0,0,0,0,0,0
0,5,3690,281,1925,1481,3,33,255,128,1,0,1,0,1,1,0
0,0,1891,445,824,394,228,66,116,60,40,0,1,0,1,1,0
0,2,1148,613,483,52,0,74,61,10,0,0,1,0,1,0,0
0,6,1054,228,826,0,0,32,103,0,0,0,1,0,0,0,0
1,0,3152,256,2618,205,73,40,405,28,9,0,1,0,1,0,0
0,1,3608,807,346,2455,0,112,55,295,0,0,1,0,1,0,0
0,3,1980,134,843,814,189,20,124,110,29,0,1,0,1,1,0
0,4,3906,536,2695,540,135,79,321,59,16,0,1,0,0,0,0
0,0,3274,1341,859,653,421,199,115,89,61,0,1,0,1,1,0
0,0,3192,1460,1294,175,263,199,183,21,44,0,1,0,1,1,0
0,2,3870,2790,608,472,0,370,76,60,0,0,1,0,1,0,0
0,1,3046,807,313,1926,0,112,47,221,0,0,1,0,1,0,0
0,3,4497,805,2487,1205,0,116,366,153,0,0,1,0,1,1,0
1,1,2410,673,500,1107,130,95,76,131,15,0,1,0,1,0,0
0,0,3117,1230,670,1019,198,181,102,152,22,0,1,0,1,1,0
0,0,2714,348,1544,749,73,53,256,97,9,0,1,0,1,1,0
0,5,795,0,320,475,0,0,46,72,0,0,0,0,0,0,0
0,6,1434,228,1206,0,0,32,154,0,0,0,1,0,0,0,0
0,8,5412,0,5412,0,0,0,834,0,0,0,0,0,0,0,0
0,3,1341,613,99,629,0,74,15,78,0,0,1,0,1,0,0
0,0,4843,2676,1145,819,203,392,146,100,29,0,1,0,1,1,0
0,0,3052,913,1063,717,359,130,154,95,50,1,1,0,1,1,0
0,5,2944,816,1067,531,530,129,168,82,87,0,1,0,1,1,0
0,3,3531,755,2776,0,0,118,407,0,0,0,1,0,1,0,0
0,1,1821,0,1064,365,392,0,155,50,54,1,0,0,1,0,0
0,1,1498,829,589,63,17,131,83,9,2,0,1,0,1,1,0
0,5,2877,228,1565,1084,0,32,189,143,0,0,1,0,0,0,0
0,0,4950,2559,908,1383,100,424,138,189,9,0,1,0,1,0,0
0,0,3370,1181,968,401,820,156,118,52,89,0,1,0,1,0,0
0,4,2634,911,1723,0,0,128,253,0,0,0,1,0,1,0,0
0,0,1971,442,1193,246,90,75,168,32,11,0,1,0,1,1,0
0,5,5691,1576,301,3814,0,243,46,523,0,0,1,0,1,1,0
0,2,2330,783,1335,135,77,127,197,17,11,1,1,0,1,0,0
0,3,1433,554,879,0,0,88,136,0,0,0,1,0,1,0,0
0,0,2086,437,283,793,573,65,46,99,83,0,1,0,1,1,0
0,0,3104,357,1137,811,799,57,175,104,119,0,1,0,1,0,0
0,4,2791,134,1354,892,411,20,192,126,55,0,1,0,1,0,0
0,5,3904,321,2655,646,282,45,354,91,35,0,1,0,1,1,0
0,1,2588,1258,773,557,0,230,113,78,0,0,1,0,1,0,0
0,3,2684,281,1960,439,4,33,209,50,1,0,1,0,1,0,0
0,2,3779,1179,1528,791,281,199,219,101,42,0,1,0,1,0,0
0,5,6583,1576,166,4841,0,243,24,621,0,0,1,0,1,1,0
0,2,1240,134,698,222,186,20,107,36,29,0,1,0,1,1,0
0,1,3320,0,1528,652,1140,0,223,79,195,0,0,0,1,0,0
0,1,2020,396,1313,311,0,50,177,35,0,0,1,0,1,0,0
0,3,4640,702,2204,1048,686,110,320,154,94,0,1,0,1,0,0
0,2,3608,710,2664,0,234,98,406,0,29,0,1,0,1,1,0
0,2,3015,529,1720,635,131,80,269,90,17,0,1,0,1,1,0
0,4,2256,598,889,238,531,80,149,37,81,0,1,0,1,0,0
0,5,1300,0,405,895,0,0,64,119,0,0,0,0,1,0,0
0,1,2850,1356,925,321,248,207,132,40,40,0,1,0,1,0,0
0,0,2304,813,835,477,179,113,132,71,21,1,1,0,1,1,0
0,6,2827,228,2599,0,0,32,345,0,0,0,1,0,0,0,0
0,2,3140,1073,979,498,590,154,152,68,102,0,1,0,1,0,0
0,2,1635,0,913,378,344,0,136,50,46,0,0,0,1,0,0
0,4,2863,1179,904,477,303,199,119,72,54,0,1,0,1,0,0
0,2,1189,829,343,17,0,131,49,2,0,0,1,0,1,1,0
0,2,3448,940,1705,0,803,125,254,0,145,0,1,0,1,0,0
0,0,3096,837,1122,374,763,138,160,48,116,0,1,0,1,0,0
0,4,2869,310,803,1254,502,53,127,166,85,0,1,0,1,0,0
0,0,3054,1681,841,172,360,233,114,9,59,1,1,0,1,0,0
0,0,2701,865,840,757,239,137,118,102,42,1,1,0,1,1,0
1,3,4039,842,2587,610,0,124,386,81,0,0,1,0,1,1,0
0,3,2114,638,548,757,171,107,82,112,20,0,1,0,1,1,0
0,3,946,70,876,0,0,1,122,0,0,0,1,0,1,0,0
0,0,1993,445,768,533,247,66,106,87,41,0,1,0,1,1,0
0,1,4270,509,2018,1164,579,79,292,168,73,0,1,0,1,0,0
0,2,2297,308,529,1390,70,44,84,188,8,1,1,0,1,1,0
0,5,2695,385,1332,573,405,69,175,78,69,0,1,0,1,1,0
0,2,2002,0,1001,1001,0,0,150,150,0,1,0,0,0,0,0
0,0,3871,1681,491,1163,536,233,63,149,67,1,1,0,1,0,0
0,4,3361,773,745,1843,0,113,109,239,0,0,1,0,1,1,0
0,2,1527,829,576,91,31,131,94,11,3,0,1,0,1,1,0
0,1,1665,829,750,69,17,131,110,10,2,0,1,0,1,1,0
0,5,1802,624,612,360,206,87,90,44,26,0,1,0,1,0,0
0,5,1444,308,512,624,0,44,76,81,0,0,1,0,1,0,0
0,0,3174,651,622,1691,210,100,88,221,29,0,1,0,1,0,0
0,3,4981,1014,3632,335,0,167,499,39,0,0,1,0,1,1,0
0,0,5967,2206,2789,360,612,350,436,51,102,0,1,0,1,1,0
0,1,3225,0,2384,466,375,0,262,46,36,0,0,0,0,0,0
0,3,3295,651,1876,493,275,107,282,68,39,0,1,0,1,1,0
0,0,3660,693,1406,1406,155,102,172,172,22,1,1,1,0,0,0
0,0,2579,881,383,892,423,133,51,99,59,1,1,0,1,1,0
0,5,1134,228,906,0,0,32,156,0,0,0,1,0,0,0,0
1,0,2839,333,1167,1157,182,48,165,133,20,0,1,0,1,1,0
0,0,3086,613,1735,485,253,90,230,55,30,0,1,0,1,0,0
0,0,4240,1042,1593,909,696,178,235,121,111,0,1,0,1,1,0
0,1,2830,791,1114,925,0,90,155,117,0,0,1,0,1,0,0
0,5,5535,2206,2371,250,708,350,385,38,119,0,1,0,1,1,0
0,1,1715,711,756,217,31,109,118,35,6,0,1,0,1,1,0
0,5,4024,755,3269,0,0,118,494,0,0,0,1,0,1,0,0
0,7,330,0,189,141,0,0,23,21,0,0,0,0,0,0,0
0,1,1816,0,538,733,545,0,86,96,79,0,0,0,0,0,0
0,1,3656,624,872,2160,0,87,131,270,0,0,1,0,1,0,0
1,3,1736,613,363,760,0,74,47,102,0,0,1,0,1,0,0
0,0,2183,1628,462,62,31,207,43,5,5,0,1,0,1,1,0
0,0,2447,829,1017,392,209,126,134,48,22,0,1,0,1,0,0
0,0,2121,729,929,164,299,109,157,24,36,0,1,0,1,1,0
0,3,996,0,439,557,0,0,56,68,0,1,0,0,0,0,0
0,3,2570,1050,666,604,250,155,104,74,37,0,1,0,1,1,0
0,0,3119,1565,1160,235,159,256,199,30,25,1,1,0,1,1,0
0,2,1953,1017,635,168,133,124,96,21,13,0,1,0,1,1,0
0,7,918,708,210,0,0,114,38,0,0,0,1,0,1,0,0
0,1,2345,643,1103,453,146,99,187,61,19,0,1,0,1,1,0
0,6,939,228,711,0,0,32,85,0,0,0,1,0,0,0,0
0,0,4422,708,1972,553,1189,114,295,79,174,0,1,0,1,1,0
0,4,2340,0,1515,578,247,0,242,100,39,0,0,0,1,0,0
0,6,954,228,726,0,0,32,91,0,0,0,1,0,0,0,0
1,0,3076,730,1529,486,331,116,212,61,59,0,1,0,1,1,0
0,2,469,0,6,463,0,0,1,55,0,0,0,0,0,0,0
1,2,2733,0,1025,564,1144,0,146,70,196,0,0,0,1,0,0
0,4,1913,802,745,0,366,140,113,0,67,0,1,0,1,0,0
0,1,2765,807,200,1758,0,112,29,209,0,0,1,0,1,0,0
0,0,2411,410,1165,541,295,67,156,74,39,0,1,0,1,0,0
0,2,1843,570,623,512,138,77,102,86,20,0,1,0,1,1,0
0,1,2518,1507,623,388,0,245,90,57,0,0,1,0,1,0,0
0,1,4228,0,1657,882,1689,0,270,118,246,1,0,0,1,0,0
0,3,3058,672,1836,550,0,96,239,53,0,0,1,0,1,0,0
0,6,1878,228,1650,0,0,32,202,0,0,0,1,0,0,0,0
0,7,1636,829,807,0,0,131,116,0,0,0,1,0,1,0,0
0,3,4604,702,2197,1064,641,110,338,181,94,0,1,0,1,0,0
0,3,2637,1298,1339,0,0,203,209,0,0,0,1,0,1,0,0
0,0,1892,694,843,189,166,105,152,27,24,1,1,0,1,1,0
0,5,2196,739,921,341,195,113,122,43,27,0,1,0,1,0,0
0,4,924,228,696,0,0,32,96,0,0,0,1,0,0,0,0
0,3,2640,353,1044,782,461,44,156,122,63,0,1,0,1,1,0
0,1,599,0,171,393,35,0,26,58,6,1,0,0,1,0,0
0,1,3867,596,2228,743,300,85,280,99,35,0,1,0,1,1,0
0,3,1542,794,347,401,0,111,51,38,0,0,1,0,1,0,0
0,1,2581,1050,1079,202,250,155,140,30,37,0,1,0,1,1,0
1,0,1520,411,760,280,69,69,107,33,7,1,1,0,1,1,0
0,4,3243,1298,1945,0,0,203,305,0,0,0,1,0,1,0,0
0,3,1184,762,422,0,0,111,51,0,0,0,1,0,1,0,0
0,0,3295,870,1523,450,452,140,243,55,60,0,1,0,1,1,0
0,1,3148,694,1836,467,151,105,274,61,19,0,1,0,1,1,0
0,5,1082,228,854,0,0,32,126,0,0,0,1,0,0,0,0
0,1,4202,1271,697,2184,50,204,120,254,8,0,1,0,1,0,0
0,0,1320,783,172,287,78,116,28,41,11,0,1,0,0,0,0
0,1,2625,549,1537,539,0,87,225,63,0,0,1,0,1,1,0
0,3,2964,879,1409,676,0,141,168,83,0,0,1,0,1,1,0
1,2,1479,0,861,618,0,0,127,81,0,1,0,0,0,0,0
0,1,2313,775,101,1425,12,118,12,176,2,0,1,0,0,0,0
0,2,2014,0,654,1118,242,0,97,143,28,0,0,0,0,0,0
0,0,2611,1042,593,756,220,144,68,89,33,0,1,0,1,0,0
0,7,1538,829,709,0,0,131,98,0,0,0,1,0,1,0,0
0,4,2495,651,952,594,298,107,126,73,39,0,1,0,1,1,0
0,3,3265,810,1821,634,0,146,270,95,0,0,1,0,1,0,0
0,2,4045,810,1142,2093,0,146,170,287,0,0,1,0,1,0,0
0,0,2132,675,498,651,308,108,81,61,42,0,1,0,1,0,0
0,3,1260,0,1260,0,0,0,160,0,0,0,0,0,0,0,0
0,6,1400,228,1172,0,0,32,164,0,0,0,1,0,0,0,0
0,2,3444,0,1162,2282,0,0,158,302,0,0,0,1,0,0,0
0,2,1041,0,339,702,0,0,51,85,0,1,0,0,0,0,0
0,1,840,236,509,95,0,35,70,14,0,0,1,0,1,0,0
0,4,4064,879,1713,1472,0,141,222,176,0,0,1,0,1,1,0
0,8,1058,0,1058,0,0,0,129,0,0,0,0,0,1,0,0
0,2,3860,755,3105,0,0,118,432,0,0,0,1,0,1,0,0
1,0,6380,2065,2381,1245,689,333,367,168,90,1,1,0,1,1,0
0,0,1040,382,230,318,110,57,43,35,19,1,1,0,1,1,0
0,3,1253,0,1253,0,0,0,159,0,0,0,0,0,0,0,0
0,2,2835,0,1718,783,334,0,220,99,55,1,0,0,0,0,0
0,2,1777,929,680,168,0,132,110,28,0,0,1,0,1,0,0
0,0,1459,353,639,318,149,50,104,46,19,1,1,0,1,1,0
0,4,1889,228,1362,299,0,32,180,34,0,0,1,0,0,0,0
0,2,4688,1484,1327,1217,660,240,230,182,95,0,1,0,1,1,0
0,2,2281,520,1332,227,202,73,197,20,28,0,1,0,1,0,0
0,6,1100,228,872,0,0,32,124,0,0,0,1,0,0,0,0
0,3,3350,879,1587,884,0,141,199,92,0,0,1,0,1,1,0
0,2,2589,693,914,914,68,102,141,141,10,1,1,0,0,0,0
0,5,1569,672,787,110,0,96,125,14,0,0,1,0,1,1,0
0,5,1088,433,655,0,0,48,90,0,0,0,1,0,1,0,0
0,0,4817,693,2036,2036,52,102,235,235,7,1,1,0,0,0,0
0,6,2679,228,2451,0,0,32,344,0,0,0,1,0,0,0,0
0,2,1517,364,824,246,83,33,122,28,14,0,1,0,1,1,0
0,1,4041,1481,1782,778,0,264,299,94,0,0,1,0,1,0,0
0,5,979,0,973,6,0,0,122,1,0,0,0,0,0,0,0
0,1,1958,437,961,560,0,71,156,65,0,1,1,0,1,1,0
0,1,2813,619,1074,1120,0,81,134,155,0,0,1,0,1,1,0
0,0,2600,501,917,557,625,63,144,89,99,0,1,0,1,0,0
0,1,3365,1258,915,1192,0,230,111,139,0,1,1,0,1,0,0
0,6,2034,380,1437,0,217,64,227,0,23,0,1,0,1,1,0
0,2,700,0,225,475,0,0,36,61,0,1,0,0,0,0,0
0,0,3380,1892,892,238,358,323,149,30,42,0,1,0,1,0,0
0,0,4088,596,2501,808,183,85,338,103,24,0,1,0,1,1,0
0,2,4116,1449,786,1214,667,210,105,144,94,0,1,0,1,1,0
0,4,4503,79,671,2437,1316,12,107,370,196,0,1,0,1,0,0
0,1,2293,693,766,766,68,102,89,89,10,1,1,0,0,0,0
0,0,3296,693,1284,1284,35,102,167,167,6,1,1,0,0,0,0
0,0,1385,693,312,312,68,102,42,42,10,1,1,0,0,0,0
0,0,3356,693,1281,1281,101,102,137,137,14,1,1,0,0,0,0
0,0,3491,693,1365,1365,68,102,181,181,10,1,1,0,0,0,0
0,0,2590,693,898,898,101,102,123,123,14,1,1,0,0,0,0
0,0,2916,693,1094,1094,35,102,131,131,6,1,1,0,0,0,0
0,0,3350,693,1278,1278,101,102,159,159,14,1,1,0,0,0,0
0,0,4778,693,2025,2025,35,102,252,252,6,1,1,0,0,0,0
0,0,5405,693,2322,2322,68,102,317,317,10,1,1,0,0,0,0
0,1,4247,1708,1536,0,1003,290,260,0,175,0,1,0,1,1,0
0,2,1242,0,703,539,0,0,102,69,0,0,0,0,0,1,0
0,0,1740,829,855,34,22,131,134,5,3,0,1,0,1,1,0
0,0,2917,1180,983,250,504,173,125,36,68,0,1,0,1,0,0
0,0,2485,1264,929,256,36,216,129,33,5,0,1,1,1,0,0
0,1,2406,0,778,1574,54,0,91,208,8,1,0,0,0,0,0
0,2,2376,672,1284,420,0,96,165,50,0,0,1,0,1,0,0
0,5,5433,1576,280,3577,0,243,42,476,0,0,1,0,1,1,0
0,5,1821,624,515,415,267,87,68,51,33,0,1,0,1,0,0
0,0,2099,400,510,141,1048,53,71,22,138,1,1,0,1,0,0
0,2,5033,971,822,2195,1045,150,124,279,151,0,1,0,1,1,0
0,0,1740,829,855,34,22,131,134,5,3,0,1,0,1,1,0
0,0,10433,725,3499,3670,2539,119,508,569,442,0,1,0,1,0,0
0,0,1189,132,661,294,102,24,115,35,13,0,1,0,1,1,0
0,0,3710,997,1362,844,507,157,196,95,62,1,1,0,1,0,0
0,6,5414,463,4221,730,0,67,562,83,0,0,1,0,1,0,0
0,0,1960,492,571,221,676,70,89,28,109,0,1,0,1,0,0
0,6,2943,0,1800,1143,0,0,258,147,0,0,0,0,1,0,0
0,0,4054,904,1134,1339,677,127,163,177,97,1,1,0,1,1,0
1,0,1485,422,528,450,85,64,75,60,11,0,1,0,1,1,0
0,0,2560,742,846,843,129,108,99,98,11,0,1,0,1,0,0
0,5,3394,228,1504,1662,0,32,185,210,0,0,1,0,0,0,0
0,6,1914,422,1066,426,0,64,135,56,0,0,1,1,1,1,0
0,0,2854,1120,399,1182,153,164,59,153,18,0,1,0,1,1,0
0,1,2063,396,1450,217,0,50,197,29,0,0,1,0,1,1,0
0,1,3958,1786,1443,507,222,290,216,74,31,0,1,0,1,0,0
0,1,2515,859,1206,450,0,148,189,62,0,0,1,0,1,1,0
0,5,2967,816,1067,554,530,129,168,84,87,0,1,0,1,1,0
0,0,3967,1042,1477,752,696,178,223,98,111,0,1,0,1,1,0
0,1,4881,1708,1841,497,835,290,314,48,156,0,1,0,1,1,0
0,2,2224,902,475,847,0,146,78,105,0,0,1,0,1,0,0
0,1,4421,1096,1455,1870,0,151,195,244,0,0,1,0,1,1,0
0,0,2128,675,717,369,367,108,114,57,49,0,1,0,1,0,0
0,5,4462,1594,2868,0,0,270,453,0,0,0,1,0,1,1,0
1,5,2206,0,1254,909,43,0,206,112,4,0,0,0,0,1,0
0,0,5186,1254,2041,1561,330,183,280,183,50,0,1,0,1,1,0
0,2,1425,762,287,376,0,111,32,55,0,0,1,0,1,0,0
0,2,1753,900,267,586,0,132,38,80,0,1,1,0,1,1,0
0,2,4015,571,2012,660,772,87,313,80,127,0,1,0,1,0,0
0,0,3525,1042,1336,451,696,178,174,55,111,0,1,0,1,1,0
0,1,3623,799,2407,417,0,115,305,47,0,0,1,0,1,1,0
0,5,2326,1511,815,0,0,248,138,0,0,1,1,0,1,0,0
0,0,4992,727,3378,814,73,97,488,118,10,1,1,0,1,0,0
0,5,3158,1298,1860,0,0,203,245,0,0,0,1,0,1,0,0
0,1,2692,159,978,1080,475,28,134,151,62,0,1,0,1,1,0
0,3,4313,1025,2386,673,229,154,400,83,30,1,1,1,1,1,0
0,5,902,228,674,0,0,32,87,0,0,0,1,0,0,0,0
0,1,2228,439,951,838,0,78,154,132,0,1,1,0,1,0,0
0,1,2085,464,389,1232,0,71,44,150,0,0,1,0,1,0,0
1,2,2268,0,1222,350,696,0,176,48,120,0,0,0,1,1,0
0,5,2021,364,473,1073,111,52,93,174,19,0,1,0,1,0,0
0,0,3265,1588,656,439,582,261,93,43,95,0,1,0,1,1,0
0,1,2665,799,1505,361,0,115,186,37,0,0,1,0,1,1,0
0,2,2037,0,1356,681,0,0,192,104,0,0,0,0,0,0,0
0,3,2212,560,1594,58,0,98,235,7,0,0,1,0,1,1,0
0,7,1534,829,705,0,0,131,98,0,0,0,1,0,1,0,0
1,1,3822,615,1240,1023,944,83,171,133,129,0,1,0,1,1,0
0,7,1534,829,705,0,0,131,98,0,0,0,1,0,1,0,0
0,0,2987,281,706,1887,113,33,110,261,14,0,1,0,1,1,0
1,7,877,747,130,0,0,125,22,0,0,0,1,0,1,0,0
0,3,4256,1208,2273,528,247,155,314,69,32,0,1,0,1,1,0
0,4,4977,697,744,3536,0,108,112,437,0,0,1,0,0,0,0
0,2,1713,0,1264,449,0,0,169,59,0,1,0,1,0,0,0
0,5,2882,1185,1697,0,0,178,222,0,0,0,1,0,1,0,0
1,1,4179,586,1363,1550,680,82,215,218,116,0,1,0,1,1,0
0,6,948,228,720,0,0,32,89,0,0,0,1,0,0,0,0
0,0,4636,606,2679,487,864,77,359,56,148,0,1,0,1,0,0
0,3,3834,695,1345,1794,0,86,169,246,0,0,1,0,1,0,0
1,2,3006,747,935,1027,297,125,130,149,40,0,1,0,1,1,0
0,1,3244,1208,1768,163,105,155,254,14,13,0,1,0,1,1,0
0,2,342,53,130,140,19,10,16,18,3,0,1,0,1,0,0
0,0,3777,742,1224,1242,569,108,158,154,72,0,1,0,1,1,0
0,5,5620,1576,230,3814,0,243,36,523,0,0,1,0,1,1,0
0,1,4209,0,2678,899,632,0,399,127,92,1,0,0,0,0,0
0,5,2947,1230,272,359,1086,181,48,39,161,0,1,0,1,0,0
0,1,2832,1050,1619,0,163,155,254,0,25,0,1,0,1,1,0
0,4,3406,115,3291,0,0,18,507,0,0,1,1,0,1,1,0
0,1,2675,424,631,1620,0,59,85,195,0,1,1,0,1,0,0
0,2,1467,0,437,1030,0,0,54,145,0,1,0,0,1,0,0
0,2,2443,0,1912,531,0,0,288,75,0,1,0,0,0,0,0
0,0,2742,675,1431,534,102,108,236,85,19,0,1,0,1,0,0
0,4,881,228,288,365,0,32,29,45,0,0,1,0,0,0,0
0,2,398,0,244,154,0,0,31,18,0,0,0,0,1,0,0
0,2,3590,2270,457,386,477,330,71,34,47,0,1,0,1,1,0
0,5,2287,228,2059,0,0,32,267,0,0,0,1,0,0,0,0
0,2,1530,555,471,504,0,78,48,61,0,0,1,0,1,0,0
0,2,2864,1344,1292,179,49,222,183,21,8,1,1,0,1,0,0
0,3,1183,762,421,0,0,111,49,0,0,0,1,0,1,0,0
0,1,3535,1043,1260,627,605,175,205,92,83,1,1,0,1,1,0
0,2,2159,1263,521,375,0,206,88,33,0,0,1,1,1,0,0
0,0,3554,1264,1094,564,632,216,184,78,99,0,1,0,1,0,0
0,0,3071,384,1456,848,383,49,229,112,48,1,1,0,1,1,0
0,6,1448,762,257,429,0,111,30,55,0,0,1,0,1,0,0
0,3,1324,829,391,88,16,131,67,15,2,0,1,0,1,1,0
0,2,1391,829,475,70,17,131,79,10,2,0,1,0,1,1,0
0,1,1546,829,630,70,17,131,97,10,2,0,1,0,1,1,0
0,0,2840,204,766,1267,603,25,85,143,72,1,1,0,1,1,0
0,0,4883,2559,841,1383,100,424,125,189,9,0,1,0,1,0,0
0,1,2349,0,625,961,763,0,101,128,104,0,0,0,0,0,0
0,5,6582,1576,165,4841,0,243,23,621,0,0,1,0,1,1,0
0,2,2967,869,208,1373,517,134,35,197,69,1,1,0,1,0,0
0,6,1753,0,1753,0,0,0,248,0,0,0,0,0,0,0,0
0,0,6355,2065,2356,1245,689,333,366,168,90,1,1,0,1,1,0
0,4,3926,613,1864,1196,253,90,244,169,30,0,1,0,1,0,0
0,0,3940,1042,1473,729,696,178,206,103,111,0,1,0,1,1,0
0,7,1560,829,731,0,0,131,102,0,0,0,1,0,1,0,0
0,0,2122,321,971,771,59,46,136,93,7,0,1,0,1,0,0
0,1,902,0,668,60,174,0,103,7,26,1,0,0,1,0,0
0,1,2590,536,1459,595,0,73,189,68,0,1,1,0,1,1,0
0,0,4175,1042,1614,838,681,178,238,117,109,0,1,0,1,1,0
0,4,3795,695,1092,1191,817,120,161,186,138,0,1,0,1,1,0
0,0,1284,237,507,308,232,34,80,40,34,0,1,0,1,1,0
0,6,289,0,236,53,0,0,31,6,0,0,0,0,1,1,0
0,1,4061,2019,1135,768,139,311,179,122,17,0,1,0,1,1,0
0,2,3139,558,1226,171,1184,84,178,23,167,1,1,0,1,0,0
0,3,1305,762,543,0,0,111,61,0,0,0,1,0,1,0,0
0,6,2970,575,1242,1153,0,86,165,155,0,0,1,0,1,0,0
0,0,4908,2676,1509,539,184,392,204,66,29,0,1,0,1,0,0
0,1,2772,251,1431,735,355,52,232,96,55,1,1,0,1,0,0
0,1,4453,0,3108,1031,314,0,387,120,47,0,0,0,1,1,0
0,2,4443,779,2509,1155,0,134,279,141,0,0,1,0,1,1,0
0,6,1084,228,856,0,0,32,106,0,0,0,1,0,0,0,0
0,3,2714,1096,578,1040,0,151,85,128,0,0,1,0,1,0,0
0,2,6483,1745,3429,111,1198,269,530,19,177,0,1,0,1,1,0
0,6,6661,0,6271,390,0,0,791,46,0,0,0,0,0,0,1
0,1,6160,2419,1135,2606,0,377,162,351,0,1,1,0,1,0,0
0,4,2415,228,899,1288,0,32,110,174,0,0,1,0,0,0,0
0,0,3044,1180,1048,312,504,173,133,37,68,0,1,0,1,0,0
0,2,1994,554,449,991,0,88,67,126,0,0,1,0,1,0,0
0,5,6581,1576,164,4841,0,243,23,621,0,0,1,0,1,1,0
0,4,3455,325,948,815,1367,49,133,123,197,0,1,0,1,1,0
0,7,3768,516,3252,0,0,76,430,0,0,0,1,0,1,0,0
0,1,3183,250,2847,86,0,30,239,8,0,0,1,0,0,0,0
0,6,1031,228,803,0,0,32,119,0,0,0,1,0,0,0,0
0,7,624,384,240,0,0,70,41,0,0,0,1,0,1,0,0
0,7,1170,454,716,0,0,68,85,0,0,0,1,0,1,0,0
0,2,4222,785,2660,704,73,127,390,101,9,0,1,1,1,0,0
0,2,4932,0,784,4121,27,0,91,485,6,0,0,0,0,0,0
0,1,3146,694,1958,494,0,105,257,66,0,1,1,0,1,1,0
0,0,2551,1286,664,198,403,153,127,25,68,1,1,0,1,0,0
0,2,583,53,381,130,19,10,33,18,3,0,1,0,1,1,0
0,7,1508,672,836,0,0,96,139,0,0,0,1,0,1,1,0
0,0,2045,575,893,460,117,82,121,58,16,0,1,0,1,0,0
0,6,1677,228,1449,0,0,32,182,0,0,0,1,0,0,0,0
0,0,4165,730,1799,333,1303,116,272,44,204,0,1,0,1,0,0
0,1,1845,0,790,763,292,0,126,74,42,0,0,1,1,0,0
0,0,5425,614,2600,1429,782,85,346,176,97,0,1,0,1,0,0
0,0,2877,651,1339,712,175,107,169,99,23,0,1,0,1,1,0
0,0,2014,575,876,446,117,82,120,56,16,0,1,0,1,0,0
0,3,2138,527,1381,33,197,59,222,3,34,0,1,0,1,1,0
0,0,3524,1042,939,847,696,178,154,107,111,1,1,0,1,1,0
0,7,1595,73,1522,0,0,14,224,0,0,0,1,0,1,0,0
0,3,2567,228,1816,523,0,32,227,61,0,0,1,0,0,0,0
0,0,4024,746,2408,453,417,127,364,73,56,0,1,0,1,1,0
0,7,1534,829,705,0,0,131,98,0,0,0,1,0,1,0,0
0,0,3351,746,1807,409,389,127,282,63,53,0,1,0,1,1,0
0,1,3702,694,1947,868,193,105,287,128,27,0,1,0,1,1,0
0,1,2534,229,986,464,855,33,155,68,153,0,1,0,1,1,0
0,6,1202,372,407,423,0,56,69,57,0,0,1,0,1,1,0
0,7,1534,829,705,0,0,131,98,0,0,0,1,0,1,0,0
0,0,2501,829,983,486,203,126,138,72,20,0,1,0,1,0,0
0,1,3419,684,1838,897,0,86,238,123,0,0,1,0,1,0,0
0,2,3857,1508,1586,763,0,239,230,96,0,0,1,0,1,0,0
0,5,2986,816,1078,554,538,129,168,84,87,0,1,0,1,1,0
0,0,2987,275,1293,1143,276,42,203,161,36,0,1,0,1,0,0
0,6,1880,228,1652,0,0,32,203,0,0,0,1,0,0,0,0
0,2,2650,536,1399,578,137,88,219,79,18,0,1,0,1,0,0
0,6,2033,601,1432,0,0,91,202,0,0,0,1,0,1,0,0
0,0,1905,829,1020,34,22,131,142,5,3,0,1,0,1,1,0
0,1,2397,0,1181,1181,35,0,151,151,6,1,0,0,0,0,0
0,2,6359,0,6102,257,0,0,870,33,0,0,0,0,1,0,0
0,1,8410,1745,5463,161,1041,269,819,28,154,0,1,0,1,1,0
0,2,4063,738,2865,411,49,102,348,47,11,0,1,0,1,0,0
0,2,715,0,216,264,235,0,29,39,31,0,0,0,1,0,0
1,0,1908,753,85,950,120,121,15,116,14,0,1,0,1,0,0
0,0,2897,236,1617,977,67,35,224,130,8,0,1,0,1,0,0
0,4,3799,695,1095,1192,817,120,162,186,138,0,1,0,1,1,0
0,4,964,228,320,416,0,32,43,55,0,0,1,0,0,0,0
0,2,2800,0,1400,1400,0,0,166,166,0,1,0,0,0,0,0
0,5,5622,1576,232,3814,0,243,36,523,0,0,1,0,1,1,0
0,7,1557,829,728,0,0,131,102,0,0,0,1,0,1,0,0
0,2,4599,1820,1777,737,265,327,287,97,41,0,1,0,1,1,0
0,1,2349,0,625,961,763,0,101,128,104,0,0,0,0,0,0
0,4,2573,1363,304,722,184,207,47,117,32,0,1,0,1,0,0
0,0,2405,742,785,749,129,108,88,90,11,0,1,0,1,0,0
0,1,5664,2206,2079,748,631,350,307,97,105,0,1,0,1,1,0
0,3,1375,762,613,0,0,111,65,0,0,0,1,0,1,0,0
0,7,1089,454,635,0,0,68,81,0,0,0,1,0,1,0,0
0,0,2271,334,994,281,662,42,157,36,81,1,1,0,1,1,0
0,1,2327,632,1049,276,370,112,159,38,56,0,1,0,1,1,0
0,6,2595,879,331,1385,0,141,48,162,0,0,1,0,1,0,0
0,2,4170,702,1918,914,636,110,268,127,87,0,1,0,1,0,0
0,5,2573,228,1243,1102,0,32,152,141,0,0,1,0,0,0,0
0,3,991,762,229,0,0,111,25,0,0,0,1,0,1,0,0
0,5,3705,1679,853,1173,0,230,106,156,0,1,1,0,1,0,0
0,4,2700,608,2092,0,0,83,296,0,0,0,1,1,1,0,0
0,5,2537,228,2309,0,0,32,286,0,0,0,1,0,0,0,0
0,0,3022,384,1524,758,356,49,203,96,44,0,1,0,1,1,0
0,2,3089,1557,830,576,126,230,114,73,10,0,1,0,1,1,0
0,7,4469,0,3826,643,0,0,324,54,0,0,0,0,1,1,0
0,2,1925,474,1210,241,0,63,125,32,0,0,1,0,1,1,0
0,7,1535,829,706,0,0,131,98,0,0,0,1,0,1,0,0
0,5,1034,70,964,0,0,1,141,0,0,0,1,0,1,0,0
0,0,2164,334,1217,311,302,49,201,36,45,0,1,0,1,1,0
0,5,4026,1110,1527,636,753,158,219,77,90,0,1,0,1,1,0
0,1,621,0,399,170,52,0,51,23,5,0,0,0,0,0,0
0,1,318,0,90,111,117,0,11,14,14,0,0,0,0,0,0
0,2,2027,902,240,885,0,146,40,118,0,0,1,0,1,0,0
0,6,1457,829,528,100,0,131,80,10,0,0,1,0,1,0,0
0,2,172,0,6,166,0,0,1,26,0,0,0,0,0,0,0
0,5,1444,1000,444,0,0,155,64,0,0,0,1,0,1,0,0
0,0,4058,651,2419,776,212,100,325,93,29,0,1,0,1,1,0
0,0,2356,598,922,483,353,80,163,69,63,0,1,0,1,1,0
0,0,3601,598,1052,1320,631,80,180,185,115,0,1,0,1,1,0
0,0,3725,651,2106,532,436,100,297,66,65,0,1,0,1,1,0
0,8,945,0,945,0,0,0,153,0,0,0,0,0,1,0,0
0,0,4494,351,1859,567,1717,48,271,80,208,0,1,0,1,1,0
0,6,1226,228,998,0,0,32,145,0,0,0,1,0,0,0,0
0,0,1815,359,916,374,166,61,139,49,21,0,1,0,1,1,0
0,1,540,0,180,180,180,0,24,24,24,0,0,0,1,0,0
0,5,5586,1576,232,3778,0,243,36,519,0,0,1,0,1,1,0
0,5,679,0,362,317,0,0,66,52,0,0,0,0,1,0,0
0,4,1974,0,868,632,474,0,109,78,66,0,0,0,0,0,0
0,1,2371,362,1336,673,0,53,201,91,0,0,1,0,1,1,0
0,0,2266,598,708,736,224,80,118,101,43,0,1,0,1,1,0
0,5,2946,702,647,800,797,110,109,92,116,0,1,0,1,0,0
0,0,2362,598,882,556,326,80,146,81,57,0,1,0,1,1,0
0,6,1841,349,1038,454,0,56,152,63,0,0,1,0,1,1,0
0,2,3154,746,1518,603,287,127,225,96,37,0,1,0,1,1,0
0,5,1909,79,669,1147,14,12,114,156,1,0,1,0,1,0,0
1,0,887,203,343,182,159,29,55,29,25,0,1,0,1,1,0
0,2,1710,829,795,70,16,131,111,10,2,0,1,0,1,1,0
0,1,1740,0,1120,502,118,0,146,59,12,0,0,0,1,0,0
1,0,3485,660,949,1691,185,112,132,215,22,0,1,0,1,1,0
0,5,2748,463,899,850,536,77,147,138,83,0,1,0,1,1,0
0,6,1245,228,1017,0,0,32,134,0,0,0,1,0,0,0,0
0,2,3812,695,1097,1204,816,120,164,188,138,0,1,0,1,1,0
0,7,631,0,631,0,0,0,103,0,0,0,0,0,1,1,0
0,6,1849,829,1020,0,0,131,142,0,0,0,1,0,1,0,0
0,2,1006,117,494,259,136,17,75,32,23,0,1,0,1,0,0
0,2,2274,0,1797,429,48,0,278,56,6,0,0,0,1,1,0
0,6,486,310,176,0,0,53,15,0,0,0,1,1,1,0,0
0,2,1603,829,687,70,17,131,103,10,2,0,1,0,1,1,0
0,2,3089,799,1692,598,0,115,254,78,0,0,1,0,1,1,0
0,0,4108,622,1659,1496,331,89,224,215,54,1,1,0,1,0,0
0,1,3738,1073,1466,609,590,154,208,78,102,0,1,0,1,0,0
0,2,1667,762,319,586,0,111,41,72,0,0,1,0,1,0,0
0,0,5276,1286,2324,1041,625,153,337,151,84,1,1,0,1,1,0
0,1,3691,651,937,1323,780,107,137,208,110,0,1,0,1,1,0
0,6,1314,228,1086,0,0,32,135,0,0,0,1,0,0,0,0
0,0,4664,1441,1404,797,1022,176,191,116,156,0,1,0,1,1,0
1,0,3451,947,1445,665,394,144,242,92,64,0,1,0,1,0,0
0,1,1109,112,358,639,0,17,57,111,0,0,1,0,1,1,0
0,7,3936,601,3335,0,0,91,442,0,0,0,1,0,1,0,0
0,5,798,228,570,0,0,32,70,0,0,0,1,0,0,0,0
0,0,3213,552,988,1292,381,71,132,167,57,0,1,0,1,1,0
0,3,2814,672,764,610,768,114,99,82,133,0,1,0,1,1,0
0,0,3315,1503,499,1068,245,209,68,142,36,0,1,0,1,1,0
0,0,2858,538,1107,675,538,72,141,87,72,0,1,0,1,1,0
0,6,866,0,866,0,0,0,134,0,0,0,0,0,0,0,0
0,5,4654,1576,150,2928,0,243,18,390,0,0,1,0,1,1,0
0,8,2985,0,2985,0,0,0,27,0,0,0,0,0,0,0,0
0,4,2731,755,1976,0,0,118,297,0,0,0,1,0,1,0,0
0,1,2688,1095,822,422,349,192,134,59,61,0,1,0,1,1,0
1,6,813,575,85,153,0,86,16,25,0,0,1,0,1,0,0
0,0,5893,1503,2840,1410,140,209,386,191,21,0,1,0,1,1,0
0,3,981,762,219,0,0,111,18,0,0,0,1,0,1,0,0
0,1,4323,0,2640,1098,585,0,335,129,80,0,0,0,0,0,0
0,6,4476,904,1036,2536,0,124,134,323,0,0,1,0,1,0,0
0,1,3330,873,1299,558,600,146,200,83,97,0,1,0,1,0,0
0,4,1408,228,195,985,0,32,31,137,0,0,1,0,0,0,0
0,0,2642,1067,1342,230,3,165,208,32,1,1,1,0,1,0,0
1,0,1520,411,760,280,69,69,107,33,7,1,1,0,1,1,0
0,4,1460,0,1411,0,49,0,193,0,9,1,0,0,0,0,0
0,1,2991,684,1367,940,0,86,171,118,0,0,1,0,1,0,0
0,7,1756,898,858,0,0,134,110,0,0,0,1,0,1,1,0
0,2,2100,979,509,612,0,144,81,82,0,0,1,0,1,1,0
0,5,908,228,680,0,0,32,84,0,0,0,1,0,0,0,0
0,4,5816,262,5554,0,0,36,779,0,0,0,1,0,1,1,0
0,0,2458,303,807,1229,119,47,116,175,21,0,1,0,1,0,0
0,1,1223,613,141,411,58,74,25,63,7,0,1,0,1,0,0
0,1,2704,447,1771,486,0,72,240,66,0,0,1,0,1,0,0
0,7,2908,1298,1610,0,0,203,252,0,0,0,1,0,1,0,0
0,0,2707,431,1971,219,86,50,329,35,14,0,1,0,1,1,0
0,7,1604,79,1525,0,0,12,213,0,0,0,1,0,1,0,0
0,4,3307,651,1285,969,402,107,210,155,58,0,1,0,1,1,0
0,6,758,79,362,317,0,12,66,52,0,0,1,0,1,0,0
0,0,6204,1503,3343,1218,140,209,436,158,21,0,1,0,1,1,0
0,6,4109,4007,102,0,0,588,17,0,0,0,1,1,1,0,0
0,0,4960,1503,2153,1164,140,209,292,141,21,0,1,0,1,1,0
0,2,3947,1208,1606,947,186,155,226,124,25,0,1,0,1,0,0
0,7,906,0,272,634,0,0,40,90,0,0,0,0,1,1,0
0,4,2362,539,1823,0,0,81,248,0,0,0,1,0,1,1,0
0,6,6306,252,3540,2514,0,41,499,319,0,0,1,0,1,0,0
0,0,5539,1503,2979,916,141,209,423,114,22,0,1,0,1,1,0
1,2,2587,0,2474,0,113,0,284,0,11,1,0,0,0,0,0
0,0,3370,1042,1126,505,697,178,162,72,111,0,1,0,1,1,0
0,1,3792,606,1894,1040,252,86,261,133,26,0,1,0,1,0,0
0,0,2046,440,888,504,214,58,134,65,27,0,1,0,1,0,0
0,4,1950,230,796,924,0,36,146,118,0,0,1,0,1,0,0
0,0,3286,667,1889,430,300,103,277,51,32,0,1,0,1,1,0
0,0,2888,1082,942,611,253,147,116,70,32,0,1,0,1,0,0
0,5,2383,0,2383,0,0,0,313,0,0,0,0,0,0,0,0
0,7,1534,829,705,0,0,131,98,0,0,0,1,0,1,0,0
0,0,3680,603,1297,894,886,101,177,124,118,1,1,0,1,1,0
0,4,2793,0,2793,0,0,0,407,0,0,0,0,0,0,1,0
0,3,4218,910,2313,679,316,141,323,79,37,0,1,0,1,1,0
0,0,4381,1057,897,813,1614,125,137,99,230,1,1,0,1,1,0
0,2,1267,303,546,418,0,47,83,50,0,0,1,0,1,0,0
0,3,1919,604,1151,164,0,97,183,18,0,0,1,0,1,1,0
0,5,2648,748,1080,681,139,116,144,83,15,0,1,0,1,0,0
0,5,2309,228,595,1486,0,32,77,201,0,0,1,0,0,0,0
0,5,3002,778,1948,276,0,130,308,46,0,0,1,0,1,0,0
0,2,4274,2206,1230,328,510,350,185,46,82,0,1,0,1,1,0
0,6,948,228,720,0,0,32,89,0,0,0,1,0,0,0,0
0,0,2186,352,952,523,359,57,136,66,56,0,1,0,1,1,0
0,5,2955,228,1523,1204,0,32,183,152,0,0,1,0,0,0,0
0,0,3644,1042,1463,443,696,178,190,59,111,0,1,0,1,1,0
0,2,1723,463,734,324,202,67,107,41,25,0,1,0,1,0,0
0,0,6365,2065,2417,1194,689,333,404,161,90,1,1,0,1,1,0
0,1,2480,361,1766,353,0,57,258,53,0,1,1,0,1,1,0
0,0,2089,557,354,1128,50,87,53,152,5,0,1,0,0,0,0
0,0,3590,926,1523,558,583,150,210,67,74,0,1,0,1,0,0
0,3,4941,0,4225,673,43,0,556,83,6,0,0,0,0,0,0
0,4,4023,2636,951,436,0,421,126,52,0,0,1,0,1,1,0
0,1,2266,505,1101,561,99,79,161,83,11,1,1,0,1,1,0
0,1,1671,79,567,420,605,12,94,53,93,0,1,0,1,0,0
0,1,1941,185,1353,403,0,25,170,50,0,0,1,0,1,0,0
0,5,4887,0,4887,0,0,0,689,0,0,1,0,0,0,0,0
0,7,1560,829,731,0,0,131,102,0,0,0,1,0,1,0,0
0,6,2704,228,2476,0,0,32,311,0,0,0,1,0,0,0,0
0,1,3254,267,1277,595,1115,41,205,92,188,1,1,0,1,1,1
0,2,885,0,363,431,91,0,39,49,9,0,0,0,0,0,0
0,1,3960,2270,546,667,477,330,84,74,47,0,1,0,1,1,0
0,0,1618,809,129,376,304,106,17,47,36,1,1,0,1,0,0
0,5,1824,536,457,831,0,73,68,107,0,0,1,0,1,0,0
0,1,1526,829,610,70,17,131,96,10,2,0,1,0,1,1,0
0,6,1284,333,482,469,0,48,67,66,0,0,1,0,1,0,0
0,5,1521,228,1293,0,0,32,152,0,0,0,1,0,0,0,0
0,1,4656,1708,1194,891,863,290,186,130,162,0,1,0,1,1,0
0,6,2700,608,2092,0,0,83,296,0,0,0,1,0,1,0,0
0,0,4543,606,2785,780,372,81,377,98,50,0,1,0,1,0,0
0,4,3971,228,1951,1792,0,32,256,213,0,0,1,0,0,0,0
0,0,1515,829,599,70,17,131,92,10,2,0,1,0,1,1,0
1,0,3310,580,1696,595,439,86,238,87,59,1,1,0,1,0,0
0,6,1021,463,422,0,136,77,70,0,19,0,1,0,1,1,0
0,0,2921,579,484,1368,490,87,76,182,55,0,1,0,1,1,0
0,5,1601,0,749,852,0,0,97,99,0,0,0,0,1,0,0
0,1,2025,627,894,303,201,89,132,36,31,1,1,0,1,0,0
0,1,4320,1507,1488,1325,0,245,196,173,0,0,1,0,1,0,0
0,0,2078,693,1103,213,69,109,165,28,9,0,1,0,1,0,0
0,1,1688,761,416,351,160,103,58,51,20,0,1,0,1,1,0
0,0,687,345,103,186,53,42,16,30,9,0,1,0,1,1,0
0,1,3780,571,1857,590,762,87,290,64,126,0,1,0,1,0,0
0,4,2001,0,1137,864,0,0,156,113,0,0,0,0,1,0,0
0,1,2933,942,958,1033,0,143,158,149,0,0,1,0,1,1,0
0,6,1684,829,855,0,0,131,134,0,0,0,1,0,1,0,0
0,0,3290,1461,623,977,229,211,90,153,23,1,1,0,1,1,0
0,7,741,433,308,0,0,48,54,0,0,0,1,1,1,1,0
0,1,1935,0,1238,562,135,0,159,76,18,0,0,0,0,1,0
0,0,3208,464,2087,274,383,79,282,33,42,1,1,0,1,0,0
0,2,583,53,381,130,19,10,33,18,3,0,1,0,1,1,0
0,6,1918,349,1079,490,0,56,169,75,0,0,1,0,1,0,0
0,0,3530,1029,1829,495,177,151,266,66,30,0,1,0,1,0,0
0,0,2191,373,1065,546,207,59,164,65,27,0,1,0,1,0,0
0,2,3107,1786,594,505,222,290,93,64,31,0,1,0,1,0,0
0,5,1396,228,1168,0,0,32,151,0,0,0,1,0,0,0,0
0,2,1797,693,435,669,0,116,70,84,0,0,1,0,1,1,0
0,6,1901,349,1190,362,0,56,171,60,0,0,1,0,1,1,0
1,4,2297,645,635,446,571,94,91,45,101,0,1,0,1,0,0
0,0,3241,357,1249,836,799,57,201,101,119,0,1,0,1,0,0
0,1,3819,0,1836,1848,135,0,243,226,18,0,0,0,0,1,0
0,2,2725,755,1970,0,0,118,280,0,0,0,1,0,1,0,0
0,0,3654,1174,1182,1038,260,171,158,140,33,1,1,0,1,1,0
0,0,3496,1043,1264,627,562,175,206,92,77,1,1,0,1,1,0
0,5,2946,702,647,800,797,110,109,92,116,0,1,0,1,0,0
0,0,2960,606,1305,723,326,90,157,85,43,0,1,0,1,1,0
0,6,3233,463,799,1971,0,77,141,297,0,0,1,0,1,0,0
0,3,1702,583,776,343,0,82,99,46,0,1,1,0,1,0,0
0,0,1940,829,1020,70,21,131,142,9,4,0,1,0,1,1,0
0,0,1927,408,835,595,89,53,113,80,14,1,1,0,1,1,0
0,1,2377,773,1169,435,0,120,154,44,0,0,1,0,1,1,0
1,2,5162,1820,1983,1004,355,327,296,139,54,0,1,0,1,1,0
0,3,3113,873,1176,1064,0,146,171,150,0,0,1,0,1,0,0
0,0,3961,1344,1472,597,548,222,193,75,76,1,1,0,1,0,0
0,2,1705,0,1136,569,0,0,133,72,0,0,0,0,0,0,0
0,6,781,228,553,0,0,32,86,0,0,0,1,0,0,0,0
0,2,2129,917,774,438,0,155,128,57,0,0,1,0,1,1,0
0,2,1359,0,976,383,0,0,129,47,0,0,0,0,0,0,0
0,1,2374,1073,395,761,145,166,54,110,24,0,1,0,1,1,0
0,1,6066,1318,2683,1902,163,174,371,276,20,0,1,0,1,1,0
0,1,3494,940,1036,819,699,125,161,120,126,0,1,0,1,0,0
0,1,4046,470,2716,860,0,66,351,109,0,0,1,0,1,0,0
0,6,673,0,673,0,0,0,89,0,0,1,0,0,0,0,0
0,5,747,0,747,0,0,0,129,0,0,0,0,0,0,0,0
0,5,1964,332,767,865,0,50,103,104,0,0,1,0,1,1,0
0,3,1509,352,433,724,0,52,65,87,0,0,1,0,1,1,0
0,6,1240,0,1240,0,0,0,158,0,0,0,0,0,0,0,0
0,1,1487,829,571,70,17,131,87,10,2,0,1,0,1,1,0
0,1,382,195,98,86,3,20,16,11,1,0,1,0,1,1,0
0,5,1446,228,1218,0,0,32,155,0,0,0,1,0,0,0,0
0,0,1743,505,546,457,235,79,71,62,31,1,1,0,1,0,0
0,0,2677,373,1433,696,175,59,224,94,22,1,1,0,1,1,0
0,1,1170,0,842,156,172,0,124,23,17,1,0,0,1,0,0
0,0,3883,403,2235,930,315,55,300,116,47,0,1,0,1,0,0
0,1,3293,477,1340,1387,89,63,170,188,12,0,1,0,1,1,0
0,6,4420,910,410,3100,0,141,63,390,0,0,1,0,1,0,0
0,0,3944,730,1382,527,1305,116,208,80,204,0,1,0,1,1,0
0,3,5134,702,1720,1526,1186,110,248,209,158,0,1,0,1,0,0
0,1,3456,1073,827,966,590,154,121,129,102,1,1,0,1,0,0
0,2,4340,1153,1029,1714,444,200,143,227,66,0,1,0,1,0,0
0,1,5048,1153,2451,983,461,200,410,161,74,0,1,0,1,1,0
0,1,3833,1251,1621,961,0,201,240,133,0,1,1,0,1,0,0
0,2,583,53,381,130,19,10,33,18,3,0,1,0,1,1,0
0,0,997,100,175,642,80,13,29,75,10,0,1,0,1,0,0
0,6,2714,228,2486,0,0,32,300,0,0,0,1,0,0,0,0
0,0,3212,229,1508,1024,451,33,240,141,68,0,1,0,1,1,0
0,5,2946,702,647,800,797,110,109,92,116,0,1,0,1,0,0
0,2,2398,0,910,1488,0,0,133,198,0,0,0,0,0,0,0
0,7,1534,829,705,0,0,131,98,0,0,0,1,0,1,0,0
0,4,164,0,83,81,0,0,11,11,0,0,0,0,0,0,0
0,2,1441,0,448,993,0,0,78,121,0,0,0,0,0,0,0
0,0,1853,637,645,302,269,89,93,41,43,0,1,0,1,1,0
0,2,4699,879,297,3523,0,141,37,436,0,0,1,0,1,1,0
0,2,1210,0,275,935,0,0,40,100,0,0,0,0,0,0,0
0,2,4110,1025,1215,951,919,148,148,114,130,0,1,0,1,0,0
0,1,725,0,303,346,76,0,50,43,9,1,0,0,0,0,0
0,6,1057,228,829,0,0,32,105,0,0,0,1,0,0,0,0
0,5,2183,228,1955,0,0,32,238,0,0,0,1,0,0,0,0
0,0,5890,1251,1381,1107,2151,201,209,163,307,0,1,0,1,0,0
0,4,2736,1376,300,737,323,226,40,95,32,0,1,0,1,1,0
0,3,2881,0,1531,1350,0,0,253,225,0,0,0,0,0,0,0
0,2,2089,549,1139,277,124,87,166,51,16,0,1,0,1,1,0
0,0,3160,461,1400,1258,41,65,169,165,5,0,1,0,1,1,0
0,7,1242,1103,139,0,0,167,26,0,0,0,1,0,1,0,0
0,1,1704,829,723,103,49,131,122,17,8,0,1,0,1,1,0
0,2,2981,384,2597,0,0,70,371,0,0,0,1,0,1,1,0
1,0,3229,580,1064,1144,441,86,156,153,36,1,1,0,1,0,0
0,0,3368,1565,1465,139,199,256,252,16,32,0,1,0,1,1,0
1,0,3382,580,1676,515,611,86,231,74,81,1,1,0,1,0,0
0,1,5096,2676,1442,737,241,392,189,102,36,0,1,0,1,0,0
1,0,4168,580,2340,847,401,86,341,123,52,1,1,0,1,0,0
0,8,3407,0,3407,0,0,0,471,0,0,0,0,0,0,0,0
0,0,3697,730,1324,340,1303,116,210,36,204,0,1,0,1,0,0
0,2,1273,0,1117,125,31,0,143,16,4,1,0,0,0,0,0
0,2,2542,879,1663,0,0,127,249,0,0,1,1,0,1,0,0
0,0,3404,229,1190,1456,529,33,183,186,71,0,1,0,1,1,0
0,0,5157,1247,2947,346,617,216,458,47,81,0,1,0,1,1,0
0,2,1922,879,1043,0,0,127,153,0,0,1,1,0,1,1,0
0,2,2083,879,1204,0,0,127,178,0,0,1,1,0,1,0,0
0,1,1731,829,722,103,77,131,121,17,11,0,1,0,1,1,0
1,0,1925,303,562,664,396,47,89,90,61,0,1,0,1,1,0
0,2,4168,0,2695,1264,209,0,369,157,30,0,0,0,1,1,0
0,0,1805,388,1236,129,52,61,164,17,5,1,1,0,1,0,1
0,3,1945,879,1066,0,0,127,169,0,0,1,1,0,1,1,0
0,2,1926,325,679,922,0,49,110,103,0,0,1,0,1,1,0
0,3,2552,549,1446,362,195,87,213,54,30,0,1,0,1,0,0
0,0,4280,1025,2343,376,536,148,293,42,81,0,1,0,1,0,0
0,5,3783,1110,1445,614,614,158,213,79,77,0,1,0,1,1,0
0,0,4920,1958,1987,419,556,335,334,62,87,0,1,0,1,1,0
0,0,3559,1344,1791,318,106,222,250,41,15,0,1,0,1,0,0
0,0,3601,1042,1016,847,696,178,166,107,111,0,1,0,1,1,0
0,1,984,70,494,420,0,1,82,55,0,0,1,0,1,0,0
0,0,3599,357,1188,1248,806,57,190,152,122,0,1,0,1,0,0
0,0,3081,467,1466,1059,89,64,198,147,11,0,1,0,1,1,0
0,1,1529,829,639,44,17,131,97,6,2,0,1,0,1,1,0
0,6,998,0,998,0,0,0,134,0,0,0,0,0,0,0,0
0,0,2313,333,830,968,182,48,114,127,20,1,1,0,1,0,0
0,1,2876,1050,1663,0,163,155,254,0,25,0,1,0,1,1,0
0,3,2436,228,1803,405,0,32,200,55,0,0,1,0,0,0,0
0,5,915,70,845,0,0,1,121,0,0,0,1,0,1,0,0
0,6,4289,2636,1295,358,0,421,180,46,0,0,1,0,1,1,0
0,5,1836,229,1200,407,0,33,171,47,0,0,1,0,1,0,0
0,1,3593,936,2477,180,0,140,377,25,0,0,1,0,1,1,0
0,2,5164,1708,2267,1189,0,290,400,176,0,0,1,0,1,1,0
0,5,3043,228,1287,1528,0,32,153,186,0,0,1,0,0,0,0
0,0,5841,1149,1439,2463,790,160,209,305,118,0,1,0,1,0,0
0,1,1088,0,943,84,61,0,112,15,11,1,0,0,0,0,0
0,6,2998,0,2069,569,360,0,292,78,44,0,0,0,1,0,0
0,4,1014,67,161,689,97,9,28,101,17,0,1,0,1,0,0
0,0,5314,2206,1306,1154,648,350,171,141,103,0,1,0,1,0,0
0,1,2333,827,833,265,408,137,131,34,61,0,1,0,1,0,0
0,0,10545,2690,1438,3446,2971,413,210,455,427,1,1,0,1,1,0
0,2,1946,0,906,408,632,0,136,57,90,0,0,0,1,0,0
0,6,1141,0,1141,0,0,0,158,0,0,0,0,0,0,0,0
0,0,3073,769,1065,427,812,112,135,47,116,0,1,0,1,1,0
0,6,1312,228,1084,0,0,32,134,0,0,0,1,0,0,0,0
0,1,1058,0,527,490,41,0,82,72,8,0,0,0,0,0,0
0,2,2572,651,917,497,507,107,128,78,69,0,1,0,1,0,0
0,2,560,53,361,127,19,10,31,18,3,0,1,0,1,1,0
0,4,1254,485,209,560,0,82,29,78,0,0,1,0,0,0,0
0,1,2143,345,190,935,673,53,32,114,104,0,1,0,1,0,0
0,0,4308,614,1993,789,912,85,235,90,116,0,1,0,1,0,0
0,3,5615,1669,1447,1741,758,251,213,222,92,0,1,0,1,0,0
0,0,3505,297,1897,804,507,43,248,116,66,1,1,0,1,1,0
0,2,1598,829,691,62,16,131,110,10,2,0,1,0,1,1,0
0,3,2872,798,2074,0,0,131,298,0,0,0,1,0,1,1,0
0,7,1538,1369,169,0,0,218,24,0,0,0,1,1,1,0,0
0,7,1804,866,938,0,0,123,134,0,0,0,1,0,1,0,0
0,5,5787,885,3684,1218,0,141,556,187,0,0,1,0,1,0,0
0,0,3990,913,1626,603,848,75,227,91,124,0,1,1,1,0,0
0,4,1057,208,647,202,0,22,88,31,0,0,1,0,1,0,0
0,1,2438,1007,1145,286,0,158,168,32,0,0,1,0,1,1,0
0,2,586,53,384,130,19,10,34,18,3,0,1,0,1,1,0
0,6,899,433,466,0,0,48,75,0,0,0,1,0,1,1,0
0,1,3743,200,2789,754,0,30,405,124,0,0,1,0,1,1,0
0,0,2005,492,616,221,676,70,94,28,109,0,1,0,1,0,0
0,6,1415,228,1187,0,0,32,148,0,0,0,1,0,0,0,0
0,1,1627,236,1359,32,0,35,226,6,0,0,1,0,1,1,0
0,1,2721,807,454,1460,0,112,67,174,0,0,1,0,1,0,0
0,5,5528,1576,174,3778,0,243,28,519,0,0,1,0,1,1,0
0,0,3969,658,1868,345,1098,109,271,37,160,0,1,0,1,0,0
0,4,4270,1708,525,2037,0,290,105,352,0,0,1,0,1,1,0
0,2,2608,0,1995,557,56,0,308,76,7,0,0,0,0,0,0
1,1,1049,0,493,272,284,0,75,26,34,0,0,0,0,1,0
0,1,2981,829,1040,1112,0,128,134,129,0,0,1,0,1,0,0
0,7,1534,829,705,0,0,131,98,0,0,0,1,0,1,0,0
0,0,4448,236,3159,633,420,35,406,85,68,0,1,0,1,0,0
0,1,1558,236,1034,288,0,35,156,46,0,0,1,0,1,0,0
0,0,4626,1208,2703,607,108,155,379,75,17,0,1,0,1,1,0
0,2,1276,829,360,70,17,131,61,10,2,0,1,0,1,1,0
1,0,2911,580,995,1133,203,86,144,154,27,1,1,0,1,0,0
0,0,1962,492,573,221,676,70,89,28,109,0,1,0,1,0,0
0,1,2677,229,1002,917,529,33,141,118,71,0,1,0,1,1,0
0,1,2623,684,1225,714,0,86,152,86,0,0,1,0,1,0,0
0,5,5227,1254,2452,1225,296,183,385,186,46,0,1,0,1,0,0
0,7,2964,1385,1579,0,0,216,261,0,0,0,1,0,1,0,0
0,1,1169,236,901,32,0,35,154,6,0,0,1,0,1,1,0
0,0,3305,1181,1134,879,111,156,148,109,8,1,1,0,1,0,0
0,3,5533,1594,3939,0,0,270,636,0,0,0,1,0,1,1,0
0,3,2882,506,1618,758,0,73,270,111,0,0,1,0,1,1,0
0,1,1169,236,901,32,0,35,154,6,0,0,1,0,1,1,0
0,1,1854,637,712,505,0,89,112,67,0,1,1,0,1,1,0
0,8,1687,0,1687,0,0,0,230,0,0,0,0,0,1,0,0
0,1,2161,552,919,690,0,71,132,96,0,0,1,0,1,1,0
0,4,2842,0,1995,741,106,0,308,101,13,0,0,0,0,0,0
0,1,4826,236,1585,3005,0,35,220,427,0,0,1,0,1,0,0
1,0,4071,472,1448,1636,515,70,203,209,83,1,1,0,1,1,0
0,1,2463,617,1140,399,307,96,160,54,45,0,1,0,1,1,0
0,1,2981,829,1040,1112,0,128,134,129,0,0,1,0,1,0,0
0,2,1332,236,1096,0,0,35,161,0,0,0,1,0,1,0,0
0,0,3927,1465,1832,407,223,230,290,59,36,0,1,0,1,1,0
0,5,2336,397,1369,294,276,72,206,48,40,0,1,0,1,1,0
0,1,894,236,489,169,0,35,61,24,0,0,1,0,1,0,0
0,0,2897,236,1617,977,67,35,224,130,8,0,1,0,1,0,0
0,1,738,236,283,219,0,35,42,38,0,0,1,0,1,0,0
0,0,3952,1230,996,857,869,181,150,108,126,1,1,0,1,1,0
0,4,1637,263,1176,160,38,38,185,20,5,0,1,0,1,0,0
0,1,1769,236,1242,291,0,35,163,36,0,0,1,0,1,0,0
0,1,809,236,460,113,0,35,59,17,0,0,1,0,1,0,0
0,6,5879,575,3128,2176,0,86,380,241,0,0,1,0,1,0,0
0,0,4325,1042,549,2514,220,144,80,300,33,0,1,0,1,0,0
0,1,1096,236,632,228,0,35,90,28,0,0,1,0,1,0,0
0,5,2043,321,254,1052,416,45,42,149,59,0,1,0,1,1,0
0,2,5164,1708,2267,1189,0,290,400,176,0,0,1,0,1,1,0
0,0,2795,552,1288,704,251,71,172,95,35,0,1,0,1,1,0
0,1,681,236,319,126,0,35,49,19,0,0,1,0,1,0,0
0,3,3451,727,741,882,1101,99,102,108,149,0,1,0,1,1,0
0,1,881,236,381,264,0,35,55,46,0,0,1,0,1,0,0
0,0,979,236,489,223,31,35,66,26,4,0,1,0,1,0,0
0,1,1169,236,901,32,0,35,154,6,0,0,1,0,1,1,0
0,1,1558,236,1034,288,0,35,156,46,0,0,1,0,1,0,0
0,1,1955,684,701,570,0,86,79,71,0,0,1,0,1,0,0
0,0,4336,579,1773,1431,553,87,245,175,61,0,1,0,1,1,0
0,0,1964,735,355,758,116,74,46,85,14,0,1,0,1,0,0
0,4,2398,335,1507,158,398,47,251,32,73,0,1,0,1,0,0
0,0,4444,1863,1143,841,597,324,163,118,89,0,1,0,1,1,0
0,0,1414,505,332,409,168,79,44,53,22,0,1,0,1,1,0
0,5,1146,228,918,0,0,32,124,0,0,0,1,0,0,0,0
0,0,3734,236,2290,788,420,35,296,89,68,0,1,0,1,0,0
0,0,3884,403,2235,931,315,55,300,117,47,0,1,0,1,0,0
0,5,2829,310,1178,860,481,53,193,110,81,0,1,0,1,0,0
0,1,1169,236,901,32,0,35,154,6,0,0,1,0,1,1,0
0,3,987,0,865,84,38,0,133,13,5,1,0,0,1,0,0
0,6,1017,0,791,226,0,0,123,36,0,0,0,0,0,0,0
0,5,4948,1052,2061,1054,781,162,305,129,115,0,1,0,1,0,0
0,1,1575,829,664,65,17,131,98,9,2,0,1,0,1,1,0
1,0,2234,829,1049,259,97,131,149,42,8,1,1,0,1,0,0
0,0,2159,392,1368,275,124,68,191,39,23,1,1,0,1,1,0
0,3,3799,695,1095,1192,817,120,162,186,138,0,1,0,1,1,0
0,5,5627,1576,237,3814,0,243,37,523,0,0,1,0,1,1,0
0,4,2689,712,1079,898,0,107,170,109,0,0,1,0,1,0,0
0,0,1003,211,105,487,200,29,18,63,27,1,1,0,1,0,0
0,8,3581,0,3581,0,0,0,81,0,0,0,0,0,0,0,0
0,4,2547,1481,1066,0,0,264,174,0,0,0,1,0,1,0,0
0,0,2315,788,480,950,97,119,67,111,12,0,1,0,1,0,0
0,5,1171,228,943,0,0,32,141,0,0,0,1,0,0,0,0
0,2,1587,492,273,6,816,70,33,1,83,0,1,0,1,0,0
0,1,2063,133,1026,904,0,19,170,123,0,0,1,0,1,0,0
0,5,2946,702,647,800,797,110,109,92,116,0,1,0,1,0,0
0,2,2360,133,1113,1114,0,19,180,150,0,0,1,0,1,0,0
0,4,1703,0,1254,449,0,0,179,56,0,0,0,0,0,1,0
0,5,1315,228,1087,0,0,32,129,0,0,0,1,0,0,0,0
0,7,1534,829,705,0,0,131,98,0,0,0,1,0,1,0,0
0,4,2836,712,1285,839,0,107,214,110,0,0,1,0,1,0,0
0,1,2297,1441,362,494,0,220,48,68,0,0,1,0,1,1,0
0,0,4721,1049,2081,1374,217,151,280,175,32,0,1,0,1,1,0
0,7,1612,866,746,0,0,123,107,0,0,0,1,0,1,0,0
0,0,4588,694,2071,1635,188,105,324,222,23,0,1,0,1,0,0
1,0,3537,662,885,1420,570,113,158,199,101,0,1,0,1,0,0
0,6,1086,228,858,0,0,32,109,0,0,0,1,0,0,0,0
1,0,2289,675,1060,514,40,108,167,82,8,0,1,0,1,0,0
0,6,1190,0,1190,0,0,0,145,0,0,0,0,0,0,0,0
0,0,3194,742,1316,1004,132,108,200,123,11,0,1,0,1,1,0
0,3,3947,627,1922,726,672,89,282,102,94,0,1,0,1,0,0
0,5,4267,2636,1030,601,0,421,150,75,0,0,1,0,1,1,0
0,3,2230,1149,446,635,0,140,48,78,0,0,1,0,1,0,0
0,4,1247,228,313,706,0,32,37,98,0,0,1,0,0,0,0
0,5,1092,228,864,0,0,32,122,0,0,0,1,0,0,0,0
0,4,1645,660,469,152,364,112,65,23,52,0,1,0,1,1,0
0,5,2734,228,1280,1226,0,32,152,153,0,0,1,0,0,0,0
0,2,4754,702,1720,1526,806,110,248,209,116,0,1,0,1,0,0
0,1,2423,825,1175,417,6,147,196,66,1,1,1,0,1,1,0
0,1,2281,859,911,511,0,148,137,70,0,0,1,0,1,1,0
0,0,2176,1143,303,464,266,179,47,53,29,0,1,0,1,1,0
0,0,4027,827,781,1947,472,137,119,237,64,0,1,0,1,0,0
0,0,3970,869,1133,1859,109,40,180,259,11,1,1,0,1,1,0
0,3,2367,798,1569,0,0,131,204,0,0,0,1,0,1,1,0
0,0,3016,1376,542,775,323,226,78,102,32,0,1,0,1,1,0
0,0,4537,1863,1433,616,625,324,213,87,91,0,1,0,1,1,0
0,4,1509,134,729,442,204,20,105,62,32,0,1,0,1,1,0
0,7,1534,829,705,0,0,131,98,0,0,0,1,0,1,0,0
0,1,1343,619,346,378,0,81,58,51,0,0,1,0,1,0,0
0,0,2415,517,1506,218,174,75,182,28,24,1,1,0,0,0,0
0,2,2787,536,1218,700,333,88,197,98,51,0,1,0,1,1,0
0,3,1354,111,1039,204,0,20,154,24,0,0,1,0,1,0,0
1,2,2367,0,1272,713,382,0,193,74,49,0,0,0,1,0,0
0,2,2380,0,1995,329,56,0,308,40,7,0,0,0,0,0,0
0,3,2011,575,798,638,0,86,123,93,0,0,1,0,1,0,0
0,4,3573,1271,1126,1176,0,204,175,129,0,0,1,0,1,1,0
0,3,2150,1126,693,331,0,172,108,51,0,0,1,1,1,1,0
0,7,2976,601,2375,0,0,91,327,0,0,0,1,0,1,0,0
0,0,8194,2270,4150,1528,246,321,566,189,35,1,1,0,1,1,0
0,1,4948,1708,1163,1214,863,290,189,176,162,0,1,0,1,1,0
0,8,5537,0,5537,0,0,0,242,0,0,0,0,0,0,0,0
0,5,1325,815,320,190,0,121,49,29,0,0,1,0,1,1,0
0,1,2257,422,881,577,377,64,136,73,50,0,1,0,1,1,0
1,3,1871,333,1532,6,0,48,228,1,0,0,1,0,1,1,0
0,5,1023,228,795,0,0,32,106,0,0,0,1,0,0,0,0
0,2,2839,305,1006,1199,329,37,134,157,34,0,1,0,1,0,0
0,2,3044,506,1724,587,227,81,212,81,36,1,1,0,1,1,0
0,2,7724,2480,1716,2277,1251,298,229,274,167,1,1,0,1,0,0
0,5,904,228,676,0,0,32,88,0,0,0,1,0,0,0,0
0,3,2215,666,1549,0,0,59,212,0,0,0,1,0,1,0,0
0,7,2422,454,1968,0,0,68,280,0,0,0,1,0,1,0,0
0,1,3563,1229,1673,661,0,179,235,86,0,0,1,0,1,0,0
0,5,3269,310,1430,1147,382,53,230,160,59,0,1,0,1,0,0
1,2,3021,417,1860,625,119,66,265,87,16,0,1,0,1,1,0
0,7,1534,829,705,0,0,131,98,0,0,0,1,0,1,0,0
0,5,2053,153,476,1134,290,25,72,155,31,0,1,0,1,1,0
0,6,1162,228,934,0,0,32,116,0,0,0,1,0,0,0,0
0,0,3261,855,1026,1105,275,118,133,153,41,1,1,0,1,1,0
0,4,2175,134,923,707,411,20,134,93,55,0,1,0,1,0,0
0,0,2286,229,950,655,452,33,140,87,70,0,1,0,1,1,0
0,1,3389,1344,1692,353,0,222,268,48,0,1,1,0,1,0,0
0,0,3898,958,2012,627,301,154,263,69,38,0,1,0,1,1,0
0,4,2691,0,1102,1589,0,0,174,204,0,0,0,0,0,0,0
0,2,2661,672,1440,549,0,96,185,74,0,0,1,0,1,0,0
0,5,3197,0,2019,775,403,0,288,98,55,0,0,0,1,0,0
0,0,6360,1402,1854,2197,907,182,241,260,143,0,1,0,1,0,0
0,2,6154,2480,1096,1327,1251,298,151,164,167,1,1,0,1,1,0
0,2,2928,439,2265,224,0,78,323,24,0,1,1,0,1,0,0
0,1,1524,829,609,69,17,131,89,10,2,0,1,0,1,1,0
0,0,3164,417,1321,914,512,66,184,112,77,0,1,0,1,1,0
0,3,4981,1014,3632,335,0,167,503,39,0,0,1,0,1,1,0
0,2,1849,0,860,745,244,0,117,89,29,0,0,0,1,0,0
0,0,2658,1018,882,701,57,141,119,88,6,0,1,0,1,0,0
0,8,7661,0,7661,0,0,0,249,0,0,0,0,0,0,0,0
0,8,1268,0,1268,0,0,0,167,0,0,0,0,0,0,0,0
0,0,3079,417,1577,679,406,66,235,105,60,1,1,0,1,1,0
0,1,4727,1708,1895,512,612,290,315,66,112,0,1,0,1,1,0
0,5,8166,2438,108,5590,30,328,16,860,4,0,1,0,1,0,0
0,0,3598,856,1734,721,287,116,244,103,38,0,1,0,1,0,0
0,5,2909,228,1344,1337,0,32,171,168,0,0,1,0,0,0,0
0,1,3143,487,1615,646,395,67,219,79,49,0,1,0,1,0,0
0,5,448,160,146,142,0,24,21,21,0,0,1,0,1,0,0
0,3,1699,554,758,387,0,73,126,56,0,0,1,0,1,1,0
0,7,1519,1185,334,0,0,178,46,0,0,0,1,0,1,0,0
0,1,4612,228,2814,1570,0,32,334,215,0,0,1,0,0,0,0
0,1,3298,0,2899,308,91,0,381,34,7,1,0,0,0,0,0
0,1,2918,2287,72,559,0,311,12,66,0,0,1,0,1,0,0
0,1,1731,829,722,103,77,131,121,17,11,0,1,0,1,1,0
0,6,1591,829,709,53,0,131,98,10,0,0,1,0,1,0,0
0,0,3118,513,1394,628,583,82,194,75,80,0,1,0,1,0,0
0,2,2115,384,1731,0,0,70,254,0,0,0,1,0,1,1,0
0,1,2891,536,1401,954,0,73,208,115,0,0,1,0,1,1,0
0,0,2523,552,835,754,382,71,95,104,57,0,1,0,1,1,0
0,4,2402,838,982,582,0,131,145,84,0,0,1,0,1,1,0
0,0,2764,726,773,368,897,83,113,51,117,0,1,0,1,0,0
0,7,2214,601,1613,0,0,91,232,0,0,0,1,0,1,0,0
0,0,2570,717,1143,244,466,120,164,39,67,0,1,0,1,1,0
0,3,3857,970,1518,472,897,134,209,72,143,0,1,0,1,1,0
0,3,1503,829,512,98,64,131,86,18,9,0,1,0,1,1,0
0,5,1622,1013,144,465,0,123,29,78,0,0,1,0,1,0,0
0,0,4989,958,2702,1056,273,154,374,125,36,0,1,0,1,1,0
0,1,1599,0,782,782,35,0,111,111,6,1,0,0,0,0,0
0,1,2243,229,1101,479,434,33,170,76,73,0,1,0,1,1,0
0,0,2472,651,981,629,211,100,123,81,29,0,1,0,1,1,0
0,0,4764,827,1691,1653,593,137,278,220,85,0,1,0,1,0,0
0,2,2906,970,1337,413,186,134,183,63,25,0,1,0,1,1,0
0,1,2298,598,882,818,0,98,120,104,0,0,1,0,1,0,0
0,5,2207,252,162,1793,0,41,24,247,0,0,1,0,1,0,0
0,4,1987,554,1411,11,11,73,202,1,1,0,1,0,1,1,0
0,2,3799,695,1095,1192,817,120,162,186,138,0,1,0,1,1,0
0,1,3271,1050,1511,460,250,155,194,65,37,0,1,0,1,1,0
0,0,3224,1126,1666,249,183,163,200,33,29,0,1,0,1,1,0
0,2,7724,2480,1716,2277,1251,298,229,274,167,1,1,0,1,0,0
0,1,4371,1208,1961,806,396,155,291,107,49,0,1,0,1,1,0
0,3,3005,619,1803,583,0,97,246,77,0,0,1,0,1,1,0
0,3,3001,509,1226,952,314,79,180,155,42,0,1,0,1,0,0
0,7,2060,627,1433,0,0,111,234,0,0,0,1,0,1,0,0
0,5,5906,1594,4312,0,0,270,675,0,0,0,1,0,1,1,0
0,1,2125,229,937,430,529,33,138,61,71,0,1,0,1,1,0
0,2,2309,256,2053,0,0,40,321,0,0,0,1,0,1,0,0
0,1,2766,586,972,526,682,83,156,83,114,0,1,0,1,0,0
0,2,7724,2480,1716,2277,1251,298,229,274,167,1,1,0,1,0,0
0,0,3107,778,725,1168,436,115,101,134,77,0,1,0,1,0,0
0,3,1502,829,511,98,64,131,86,18,9,0,1,0,1,1,0
0,3,1993,1230,763,0,0,184,111,0,0,0,1,0,1,0,0
0,2,2955,897,1638,162,258,157,252,19,34,0,1,0,1,0,0
0,3,2214,554,1353,212,95,73,240,31,14,0,1,0,1,1,0
0,2,583,53,381,130,19,10,33,18,3,0,1,0,1,1,0
0,3,1776,829,91,840,16,131,15,129,2,0,1,0,1,1,0
0,2,2085,554,942,589,0,88,116,75,0,0,1,0,1,1,0
0,2,3279,1503,1332,444,0,209,180,53,0,1,1,0,1,1,0
0,5,5624,1576,234,3814,0,243,37,523,0,0,1,0,1,1,0
1,5,1676,554,711,411,0,73,119,63,0,0,1,0,1,1,0
0,5,5588,1576,234,3778,0,243,37,519,0,0,1,0,1,1,0
0,0,2693,229,992,491,981,33,145,73,148,0,1,0,1,1,0
0,0,3073,781,530,1093,669,102,71,126,81,0,1,0,1,0,0
0,5,6581,1576,164,4841,0,243,23,621,0,0,1,0,1,1,0
0,2,1452,536,516,400,0,73,76,49,0,0,1,0,1,0,0
0,1,2423,487,530,1011,395,67,71,159,49,1,1,0,1,1,0
0,5,3337,310,1432,1161,434,53,226,162,66,0,1,0,1,0,0
0,3,1502,829,511,98,64,131,86,18,9,0,1,0,1,1,0
0,0,3830,229,2100,1051,450,33,321,138,68,0,1,0,1,1,0
0,0,1846,134,742,944,26,20,109,134,6,1,1,0,1,0,0
0,1,3127,1395,1004,538,190,229,145,67,31,1,1,0,1,1,0
1,2,1370,0,282,1025,63,0,42,123,10,0,0,0,1,1,0
0,1,2404,609,919,724,152,95,143,96,17,0,1,0,0,1,0
0,0,2320,735,420,1110,55,74,61,141,8,0,1,0,1,0,0
0,2,2710,463,928,836,483,77,158,102,75,0,1,0,1,0,0
0,5,930,228,702,0,0,32,83,0,0,0,1,0,0,0,0
0,6,3322,511,2019,792,0,73,303,104,0,0,1,0,1,1,0
0,1,1422,365,394,472,191,50,60,60,27,0,1,0,1,1,0
0,0,3710,1113,1559,853,185,155,218,108,24,0,1,0,1,1,0
0,1,3477,799,1855,537,286,115,263,67,44,0,1,0,1,1,0
0,4,857,228,424,205,0,32,57,26,0,0,1,0,0,0,0
0,3,1763,396,1259,108,0,62,166,14,0,0,1,0,1,0,0
0,4,3812,695,1097,1204,816,120,164,188,138,0,1,0,1,1,0
0,6,1461,0,1461,0,0,0,197,0,0,0,0,0,0,0,0
0,0,2759,1557,587,546,69,230,92,70,5,0,1,1,1,1,0
0,0,3927,1208,1976,649,94,155,267,85,11,0,1,0,1,0,0
0,0,5462,384,3666,1222,190,49,487,171,28,0,1,0,1,0,0
0,0,4854,2559,812,1383,100,424,117,189,9,0,1,0,1,0,0
0,4,2031,1264,767,0,0,216,121,0,0,0,1,0,1,0,0
0,0,1442,486,524,328,104,77,68,38,10,0,1,0,1,0,0
0,0,2401,601,1255,179,366,94,195,21,52,0,1,0,1,1,0
0,2,3968,773,1823,1372,0,113,246,170,0,0,1,0,1,1,0
0,0,4120,1150,499,2118,353,160,76,277,26,1,1,0,1,0,0
0,1,3192,536,1695,718,243,88,256,94,40,0,1,0,1,1,0
0,3,1674,310,336,697,331,53,57,94,49,0,1,0,1,1,0
0,5,1637,228,1409,0,0,32,194,0,0,0,1,0,0,0,0
0,0,4088,958,1938,891,301,154,259,101,38,0,1,0,1,1,0
0,2,3891,755,3136,0,0,118,455,0,0,0,1,0,1,0,0
0,0,2253,433,989,566,265,63,140,68,43,0,1,0,1,0,0
0,8,12604,0,12604,0,0,0,301,0,0,0,0,0,0,0,0
0,4,5877,1247,1394,2994,242,175,178,388,33,0,1,0,1,0,0
0,1,1498,829,589,63,17,131,83,9,2,0,1,0,1,1,0
0,0,3386,267,1949,990,180,41,287,103,22,1,1,0,1,1,0
0,0,3496,1043,1264,627,562,175,206,92,77,1,1,0,1,1,0
0,1,2967,0,685,580,1702,0,94,87,242,0,0,0,0,0,0
0,1,3473,799,1851,537,286,115,263,67,44,0,1,0,1,1,0
0,3,2991,0,1516,566,909,0,224,87,131,0,0,0,1,1,0
0,5,930,228,702,0,0,32,83,0,0,0,1,0,0,0,0
0,1,3765,799,1965,711,290,115,277,93,45,0,1,0,1,1,0
0,6,245,0,245,0,0,0,41,0,0,0,0,0,0,0,0
0,5,3466,1179,1318,636,333,199,193,77,51,0,1,0,1,0,0
0,5,1185,0,367,818,0,0,73,154,0,0,0,0,1,0,0
0,5,3475,1179,1327,636,333,199,193,77,51,0,1,0,1,0,0
0,3,1458,829,524,89,16,131,80,15,2,0,1,0,1,1,0
0,5,3757,1025,2388,237,107,154,345,34,21,0,1,1,1,0,0
0,6,3232,601,2631,0,0,91,339,0,0,0,1,0,1,0,0
0,5,943,228,715,0,0,32,120,0,0,0,1,0,0,0,0
0,0,3301,651,1355,566,729,107,177,73,102,0,1,0,1,1,0
0,7,624,384,240,0,0,70,41,0,0,0,1,0,1,0,0
0,0,5827,1194,3018,936,679,186,453,132,114,0,1,0,1,1,0
0,3,1562,829,580,103,50,131,90,17,8,0,1,0,1,1,0
1,6,1023,0,174,674,175,0,31,95,15,0,0,0,1,1,0
0,5,894,228,666,0,0,32,85,0,0,0,1,0,0,0,0
0,0,5094,2662,1605,709,118,379,223,97,12,0,1,0,1,1,0
0,0,4355,891,1549,908,1007,107,198,107,143,0,1,0,1,0,0
0,0,3944,1395,1349,853,347,229,209,133,54,1,1,0,1,1,0
0,6,1251,228,454,569,0,32,56,55,0,0,1,0,0,0,0
0,0,5112,1025,2446,584,1057,148,317,70,143,0,1,0,1,0,0
0,5,2285,228,2057,0,0,32,266,0,0,0,1,0,0,0,0
0,0,4910,2270,1414,749,477,330,174,91,47,0,1,0,1,1,0
0,5,2032,228,1804,0,0,32,264,0,0,0,1,0,0,0,0
0,0,1938,204,1460,121,153,37,247,13,24,0,1,0,1,1,0
0,5,2325,601,1724,0,0,91,228,0,0,0,1,0,1,0,0
0,3,1475,829,541,89,16,131,85,15,2,0,1,0,1,1,0
0,1,2783,229,1491,725,338,33,245,109,55,0,1,0,1,1,0
0,0,2508,829,506,1008,165,126,77,137,17,0,1,0,1,0,0
0,2,2730,1395,757,287,291,229,113,33,37,0,1,0,1,1,0
0,4,1160,0,580,580,0,0,83,83,0,0,0,0,0,0,0
0,0,3597,1181,780,811,825,156,103,107,89,0,1,0,1,0,0
0,3,1811,1364,119,328,0,192,11,40,0,0,1,0,1,1,0
0,0,2648,748,1080,681,139,116,144,83,15,0,1,0,1,1,0
0,3,4953,1014,3584,355,0,167,494,43,0,0,1,0,1,1,0
0,7,1221,0,459,0,762,0,77,0,138,0,0,0,1,0,0
0,2,3699,0,770,2929,0,0,112,356,0,1,0,1,0,0,0
0,1,1828,773,772,283,0,120,91,34,0,0,1,0,1,1,0
0,2,1643,0,1042,601,0,0,136,83,0,0,0,0,1,1,0
0,3,978,70,908,0,0,1,126,0,0,0,1,0,1,0,0
0,0,7077,1402,3264,2174,237,182,429,275,41,0,1,0,1,0,0
0,0,1797,520,912,224,141,91,121,24,19,0,1,0,1,1,0
0,3,1202,263,939,0,0,38,148,0,0,0,1,0,1,0,0
0,0,2293,1050,769,459,15,155,115,72,2,0,1,0,1,1,0
0,1,1724,858,640,226,0,159,99,31,0,0,1,0,1,1,0
0,1,1724,858,640,226,0,159,99,31,0,0,1,0,1,1,0
0,1,1724,858,640,226,0,159,99,31,0,0,1,0,1,1,0
0,7,1545,829,716,0,0,131,99,0,0,0,1,0,1,0,0
0,0,2343,558,680,171,934,84,105,23,139,1,1,0,1,0,0
0,3,1418,829,482,91,16,131,80,15,2,0,1,0,1,1,0
0,1,2348,549,600,360,839,87,110,48,147,1,1,0,1,0,0
0,0,3241,1419,1024,666,132,206,181,124,22,0,1,0,1,0,0
0,0,2865,1460,984,158,263,199,152,21,44,0,1,0,1,1,0
0,6,2447,393,972,1082,0,65,152,149,0,0,1,0,1,0,0
0,0,2902,1264,980,538,120,216,157,76,18,0,1,0,1,0,0
0,2,3621,1251,895,935,540,201,155,141,77,1,1,0,1,1,0
0,5,3725,228,2093,1404,0,32,258,164,0,0,1,0,0,0,0
0,1,2656,606,1323,727,0,108,235,80,0,0,1,0,1,0,0
0,0,3868,596,2030,942,300,85,264,120,36,0,1,0,1,1,0
0,1,3087,250,2751,86,0,30,237,8,0,0,1,0,0,0,0
0,2,2886,1322,986,320,258,198,128,47,34,0,1,0,1,0,0
0,2,4622,415,2893,1314,0,54,397,172,0,0,1,0,1,0,1
0,5,5586,1576,232,3778,0,243,36,519,0,0,1,0,1,1,0
0,0,1541,281,799,384,77,33,113,53,11,0,1,0,1,0,0
0,3,3686,913,1343,933,497,75,182,111,67,0,1,0,1,0,0
0,1,3080,250,2744,86,0,30,237,8,0,0,1,0,0,0,0
0,5,1503,0,557,946,0,0,68,110,0,0,0,0,0,0,0
0,0,3572,1042,1052,782,696,178,166,113,111,0,1,0,1,1,0
0,1,2362,351,1064,898,49,52,131,107,6,1,1,0,1,1,0
0,0,3478,789,1430,981,278,112,219,136,42,1,1,0,1,1,0
0,5,2112,422,877,494,319,64,119,56,38,0,1,0,1,1,0
0,2,2336,1449,706,181,0,210,78,21,0,0,1,0,1,1,0
0,1,1724,858,640,226,0,159,99,31,0,0,1,0,1,1,0
0,6,683,0,683,0,0,0,93,0,0,0,0,0,0,0,0
0,2,1465,471,639,165,190,82,82,21,30,0,1,0,1,0,0
0,1,1640,554,758,328,0,88,102,46,0,0,1,0,1,1,0
0,1,418,160,116,142,0,24,18,21,0,0,1,0,1,0,0
0,2,2102,627,887,588,0,111,128,76,0,0,1,0,1,0,0
0,1,2812,588,1386,726,112,96,181,101,18,0,1,0,1,0,0
0,2,928,155,507,176,90,22,75,27,15,0,1,0,1,1,0
0,1,2541,1419,694,296,132,206,121,50,22,0,1,0,1,1,0
0,1,5065,1057,1002,670,2336,125,151,85,310,0,1,0,1,1,0
0,5,894,228,666,0,0,32,85,0,0,0,1,0,0,0,0
0,7,1084,672,412,0,0,96,68,0,0,0,1,0,1,1,0
0,0,2222,651,607,528,436,100,82,66,65,0,1,0,1,1,0
0,4,3380,741,1642,716,281,111,214,90,33,0,1,0,1,1,0
0,5,2195,310,1179,369,337,53,170,50,55,0,1,0,1,0,0
0,1,3797,0,1936,967,894,0,284,161,122,0,0,0,1,0,0
0,1,3087,250,2751,86,0,30,237,8,0,0,1,0,0,0,0
0,1,3082,250,2746,86,0,30,236,8,0,0,1,0,0,0,0
0,1,1624,236,1356,32,0,35,224,6,0,0,1,0,1,1,0
0,1,1353,228,249,876,0,32,29,90,0,0,1,0,0,0,0
0,6,1124,0,1124,0,0,0,148,0,0,0,0,0,0,0,0
0,4,3262,1229,1539,494,0,179,198,59,0,0,1,0,1,0,0
0,2,4543,1970,653,1920,0,312,95,300,0,0,1,0,1,1,0
0,2,908,0,530,215,163,0,73,31,19,1,0,0,0,1,0
0,1,1724,858,640,226,0,159,99,31,0,0,1,0,1,1,0
0,2,1855,0,1794,61,0,0,269,13,0,0,0,0,0,0,0
0,0,1665,693,578,181,213,106,95,22,26,0,1,0,1,0,0
0,5,4400,702,1421,746,1531,110,199,105,223,0,1,0,1,0,0
0,5,1421,0,1097,324,0,0,146,43,0,0,0,0,0,0,0
0,6,1476,0,1476,0,0,0,208,0,0,0,0,0,0,0,0
0,0,1365,693,177,306,189,106,27,44,19,0,1,0,1,0,0
0,2,1123,561,213,251,98,77,32,39,12,1,1,0,1,0,0
0,0,4005,543,2391,687,384,77,345,106,67,0,1,0,1,1,0
0,1,1722,228,543,951,0,32,54,120,0,0,1,0,0,0,0
0,6,1876,0,1876,0,0,0,240,0,0,0,0,0,0,0,0
0,4,756,0,756,0,0,0,120,0,0,0,0,0,0,0,0
0,1,635,228,66,341,0,32,9,26,0,0,1,0,0,0,0
0,1,3509,479,2533,497,0,63,308,68,0,0,1,0,1,1,0
1,2,1120,0,676,200,244,0,122,22,40,1,0,0,0,0,0
0,0,2007,869,548,418,172,134,97,58,23,1,1,0,1,1,0
0,1,2928,700,1524,704,0,103,198,81,0,0,1,0,1,0,0
0,0,564,236,262,47,19,35,32,8,2,0,1,0,1,0,0
0,7,1540,829,711,0,0,131,100,0,0,0,1,0,1,0,0
0,1,2981,829,1040,1112,0,128,134,129,0,0,1,0,1,0,0
0,1,3477,1687,1467,323,0,247,198,38,0,0,1,0,1,0,0
0,0,5274,778,3334,1050,112,130,508,141,17,0,1,0,1,1,0
0,0,3510,975,1748,627,160,147,288,85,20,1,1,0,1,1,0
0,0,2200,869,333,833,165,134,47,111,25,0,1,0,1,1,0
0,3,2909,472,2437,0,0,59,318,0,0,1,1,0,0,0,0
0,0,2777,869,857,740,311,134,131,102,45,1,1,0,1,0,0
1,0,3228,1050,1174,939,65,155,187,134,7,0,1,0,1,1,0
0,2,4283,879,2842,562,0,141,342,67,0,0,1,0,1,1,0
0,7,2574,454,2120,0,0,68,288,0,0,0,1,0,1,0,0
0,0,2166,651,731,348,436,100,102,57,65,0,1,0,1,1,0
0,2,583,53,381,130,19,10,33,18,3,0,1,0,1,1,0
0,5,2946,702,647,800,797,110,109,92,116,0,1,0,1,0,0
0,6,2828,228,2600,0,0,32,346,0,0,0,1,0,0,0,0
0,1,2161,552,919,690,0,71,132,96,0,0,1,0,1,1,0
0,0,2041,869,621,403,148,134,93,55,23,0,1,0,1,0,0
0,1,3131,536,999,1495,101,88,159,198,12,0,1,0,1,1,0
0,1,1527,829,611,70,17,131,96,10,2,0,1,0,1,1,0
0,1,1338,134,517,687,0,20,83,106,0,1,1,0,1,1,0
0,5,3947,1110,1186,881,770,158,165,121,104,0,1,0,1,1,0
0,5,339,0,236,53,50,0,33,6,4,1,0,0,1,1,0
0,0,4595,1147,710,1359,1379,170,119,187,214,1,1,0,1,1,0
0,1,2304,560,652,852,240,82,106,96,37,0,1,0,1,1,0
0,2,583,53,381,130,19,10,33,18,3,0,1,0,1,1,0
0,6,3245,1052,1530,663,0,162,220,84,0,0,1,0,1,0,0
0,0,3185,869,850,1207,259,134,131,164,39,1,1,0,1,0,0
0,0,2322,869,723,249,481,134,108,31,50,1,1,0,1,0,0
0,0,5987,2952,1226,493,1316,399,162,52,193,0,1,0,1,0,0
0,4,3569,536,2217,657,159,79,307,78,20,0,1,0,0,0,0
0,0,4982,1892,737,464,1889,323,111,55,320,1,1,0,1,0,0
0,1,734,0,384,231,119,0,59,32,17,1,0,0,0,0,0
0,2,583,53,381,130,19,10,33,18,3,0,1,0,1,1,0
0,2,2000,929,124,947,0,132,13,121,0,0,1,0,1,0,0
0,4,1634,660,458,152,364,112,65,23,52,0,1,0,1,1,0
0,7,2777,0,2197,580,0,0,280,65,0,0,0,0,0,0,0
0,6,2937,0,1843,1094,0,0,263,124,0,0,0,0,0,0,0
0,0,3504,958,1396,833,317,154,204,113,40,0,1,0,1,1,0
0,2,1361,0,1011,350,0,0,113,52,0,0,0,0,0,0,0
0,2,946,0,464,482,0,0,67,68,0,1,0,0,0,0,0
0,7,3367,0,3367,0,0,0,507,0,0,0,0,0,0,1,0
0,2,583,53,381,130,19,10,33,18,3,0,1,0,1,1,0
0,2,559,53,332,155,19,10,28,21,3,0,1,0,1,0,0
0,2,2634,463,886,765,520,77,130,98,80,0,1,0,1,1,0
0,1,3255,532,1712,965,46,92,229,122,5,0,1,0,1,1,0
0,5,2277,228,2049,0,0,32,264,0,0,0,1,0,0,0,0
0,2,3192,549,1396,729,518,87,210,120,83,0,1,0,1,1,0
0,2,1242,0,894,348,0,0,119,47,0,0,0,0,0,0,0
0,4,3126,228,1095,1803,0,32,151,222,0,0,1,0,0,0,0
0,7,535,310,225,0,0,50,39,0,0,0,1,0,1,0,0
0,1,2049,445,839,716,49,61,142,87,5,0,1,0,1,1,0
0,2,4534,785,2664,1012,73,127,390,143,9,0,1,0,1,1,0
0,2,5967,2301,2028,837,801,320,281,108,117,0,1,0,1,0,0
0,1,6589,842,4120,910,717,124,615,119,84,1,1,0,1,1,0
0,5,5622,1576,232,3814,0,243,37,523,0,0,1,0,1,1,0
0,5,930,228,702,0,0,32,83,0,0,0,1,0,0,0,0
0,7,2725,0,1455,1270,0,0,200,158,0,0,0,0,1,0,0
0,3,2406,913,521,428,544,75,90,49,76,0,1,0,1,0,0
0,2,1141,603,538,0,0,101,86,0,0,0,1,0,1,0,0
0,1,5819,2419,1074,2326,0,377,158,297,0,1,1,0,1,1,0
0,2,3879,2790,516,573,0,370,64,68,0,1,1,0,1,1,0
0,0,3410,1395,920,789,306,229,153,107,40,1,1,0,1,1,0
0,5,2416,351,993,881,191,48,143,119,20,0,1,0,1,0,0
0,2,2172,774,919,266,213,115,134,35,29,0,1,0,1,0,0
0,1,5182,1708,2065,797,612,290,341,133,112,0,1,0,1,1,0
0,3,2721,361,2006,354,0,57,292,53,0,1,1,0,1,1,0
0,2,1942,620,307,1015,0,85,48,125,0,0,1,0,1,0,0
0,0,2534,588,1763,86,97,96,244,13,14,0,1,0,1,0,0
0,0,4427,658,1974,604,1191,109,294,72,175,0,1,0,1,0,0
0,2,3000,362,1294,433,911,59,199,52,148,0,1,0,1,1,0
0,1,5280,2419,1358,1503,0,377,196,179,0,0,1,0,1,0,0
0,0,3702,614,1641,546,901,85,192,60,112,0,1,0,1,0,0
0,0,2651,717,1191,277,466,120,171,43,67,0,1,0,1,1,0
0,6,156,0,70,86,0,0,9,4,0,0,0,0,0,0,0
0,3,6281,2480,811,1893,1097,298,103,233,147,0,1,0,1,1,0
0,1,2127,0,1108,884,135,0,105,108,18,0,0,0,0,1,0
0,0,4807,351,2456,369,1631,48,373,46,193,0,1,0,1,1,0
0,7,2604,0,2166,438,0,0,331,66,0,0,0,0,1,0,0
0,0,4294,1056,2689,506,43,163,397,64,3,1,1,0,1,1,0
0,1,3456,1073,827,966,590,154,121,129,102,1,1,0,1,0,0
0,0,1948,693,856,330,69,109,133,39,9,0,1,0,1,0,0
0,2,769,271,498,0,0,48,78,0,0,0,1,0,1,0,0
0,1,6046,2419,1136,2491,0,377,189,315,0,1,1,0,1,0,0
0,2,3829,1628,1639,541,21,207,201,65,3,1,1,0,1,1,0
0,1,3168,673,756,1739,0,97,107,266,0,1,1,0,1,0,0
0,0,2409,868,823,402,316,119,112,49,53,0,1,0,1,0,0
0,1,3765,799,1965,711,290,115,277,93,45,0,1,0,1,1,0
0,5,2246,508,1192,391,155,65,178,52,23,0,1,0,1,0,0
0,0,2300,881,242,766,411,133,28,121,57,0,1,0,1,1,0
0,0,2682,702,675,1068,237,100,94,130,33,0,1,0,1,1,0
0,0,2896,726,874,399,897,83,130,55,117,0,1,0,1,0,0
0,0,1410,888,396,78,48,136,56,9,9,0,1,0,1,0,0
0,1,2675,606,1277,440,352,86,173,57,42,0,1,0,1,0,0
0,4,5141,228,1682,3231,0,32,214,298,0,0,1,0,0,0,0
0,1,3133,1271,1061,801,0,204,176,91,0,0,1,0,1,1,0
0,0,3114,229,1277,1135,473,33,188,168,82,0,1,0,1,0,0
0,2,583,53,381,130,19,10,33,18,3,0,1,0,1,1,0
0,0,2839,410,1773,429,227,67,248,53,33,0,1,0,1,0,0
0,2,5490,1708,2522,1260,0,290,446,201,0,0,1,0,1,1,0
0,2,3037,869,216,1435,517,134,35,205,69,1,1,0,1,0,0
0,0,1591,651,430,298,212,100,54,36,29,0,1,0,1,1,0
0,1,1695,387,808,500,0,63,124,59,0,0,1,0,1,1,0
0,0,5237,1239,2817,775,406,110,302,85,53,0,1,0,1,0,0
0,4,2081,134,998,752,197,20,150,108,29,0,1,0,1,0,0
0,0,746,233,198,291,24,33,21,35,3,0,1,0,1,1,0
0,6,3477,619,2332,526,0,97,316,69,0,0,1,0,1,0,0
0,1,2981,439,1599,943,0,78,253,149,0,1,1,0,1,0,0
0,0,1944,302,569,498,575,44,81,78,76,1,1,0,1,0,0
0,0,5272,2676,1283,1066,247,392,162,126,30,0,1,0,1,0,0
0,0,2563,538,974,513,538,72,129,76,72,0,1,0,1,1,0
0,1,4048,1319,1503,838,388,147,204,106,54,0,1,0,1,0,0
0,4,3717,608,3109,0,0,83,454,0,0,0,1,0,1,0,0
0,0,1905,829,1020,34,22,131,142,5,3,0,1,0,1,1,0
0,1,3214,0,1465,963,786,0,237,149,129,1,0,0,1,0,0
0,2,787,0,750,37,0,0,120,6,0,1,0,0,0,0,0
1,1,3975,842,2530,603,0,124,378,80,0,0,1,0,1,1,0
0,0,1950,708,933,200,109,96,127,27,15,0,1,0,1,1,0
0,0,5406,1251,795,1209,2151,201,117,169,307,1,1,0,1,0,0
0,0,3223,587,1955,601,80,85,247,77,9,0,1,0,1,1,0
0,1,1910,320,287,1214,89,45,42,138,11,0,1,0,1,1,0
0,5,3424,228,1216,1980,0,32,152,251,0,0,1,0,0,0,0
0,0,4806,1817,1881,738,370,308,295,115,51,1,1,0,1,0,0
0,1,459,0,205,111,143,0,29,15,21,0,0,0,0,0,0
0,5,3895,508,2535,496,356,65,387,65,54,0,1,0,1,1,0
0,4,1807,228,852,727,0,32,120,95,0,0,1,0,0,0,0
0,1,2688,0,1806,733,149,0,256,87,25,0,0,0,0,0,0
0,0,1872,351,830,516,175,48,116,72,18,0,1,0,1,1,0
0,7,1556,866,690,0,0,123,110,0,0,0,1,0,1,0,0
0,8,9110,0,9110,0,0,0,155,0,0,0,0,0,0,0,0
0,0,2957,726,815,519,897,83,121,69,117,0,1,0,1,0,0
0,2,3077,534,1157,1386,0,78,172,181,0,0,1,0,1,1,0
0,0,4517,2662,882,855,118,379,116,112,12,0,1,0,1,1,0
0,3,1812,651,469,336,356,107,60,42,51,0,1,0,1,1,0
0,3,4443,580,2402,1461,0,93,355,196,0,0,1,0,1,0,0
0,0,2849,742,826,1152,129,108,117,136,11,0,1,0,1,1,0
0,0,2118,729,897,172,320,109,153,28,39,0,1,0,1,1,0
0,2,2292,0,1391,901,0,0,196,132,0,0,0,0,0,0,0
0,4,2254,251,1384,405,214,52,205,61,33,0,1,0,1,0,0
0,3,1616,0,916,700,0,0,113,81,0,0,0,0,1,0,0
0,3,1776,536,749,491,0,73,112,64,0,0,1,0,1,0,0
0,5,1397,228,1169,0,0,32,151,0,0,0,1,0,0,0,0
0,4,2217,228,167,1822,0,32,23,229,0,0,1,0,0,0,0
0,0,4930,591,2370,1158,811,83,313,163,112,1,1,0,1,1,0
0,0,2103,651,607,409,436,100,82,48,65,0,1,0,1,1,0
0,2,583,53,381,130,19,10,33,18,3,0,1,0,1,1,0
0,1,826,0,218,421,187,0,34,52,25,0,0,0,0,0,0
0,2,7173,1103,4194,1876,0,167,602,264,0,0,1,0,1,0,0
0,4,3321,553,1564,393,811,72,239,59,119,0,1,0,1,1,0
0,4,2242,228,1384,630,0,32,170,83,0,0,1,0,0,0,0
0,1,2687,1309,745,633,0,199,95,89,0,0,1,0,1,1,0
0,0,3752,159,2080,892,621,28,308,130,89,0,1,0,1,1,0
0,0,1702,364,933,260,145,33,144,37,21,0,1,0,1,1,0
0,0,3318,726,842,853,897,83,127,122,117,0,1,0,1,0,0
0,5,1636,829,807,0,0,131,116,0,0,0,1,0,1,0,0
0,6,1031,228,803,0,0,32,119,0,0,0,1,0,0,0,0
0,0,3019,267,1858,714,180,41,279,105,22,1,1,0,1,1,0
0,2,2740,0,1359,1381,0,0,156,120,0,0,0,0,1,0,0
0,0,2711,312,1137,1046,216,49,152,126,30,1,1,0,1,1,0
0,1,4268,1629,1063,0,1576,222,171,0,217,1,1,0,0,1,0
0,1,4141,586,1753,1108,694,83,262,162,105,0,1,0,1,0,0
0,2,3629,1025,1127,850,627,148,140,121,72,0,1,0,1,0,0
0,1,892,0,669,141,82,0,115,19,11,1,0,0,0,0,0
0,2,1657,471,473,540,173,82,62,85,26,0,1,0,1,0,0
0,3,4214,723,2688,736,67,118,371,104,8,0,1,0,1,0,0
0,1,3005,1251,1012,742,0,201,159,107,0,0,1,0,1,0,0
0,5,2227,781,1176,270,0,109,173,37,0,0,1,0,1,0,0
0,0,1962,492,573,221,676,70,89,28,109,0,1,0,1,0,0
0,1,4767,1679,630,2458,0,230,80,295,0,1,1,0,1,0,0
0,2,3694,472,3221,1,0,59,411,1,0,1,1,0,0,0,0
0,0,4069,331,2147,1035,556,47,297,163,86,1,1,0,1,1,0
0,7,2058,1447,611,0,0,215,91,0,0,0,1,0,1,1,0
0,2,4966,870,3451,579,66,168,441,81,8,0,1,0,1,1,0
0,0,2893,134,1644,660,455,20,244,99,73,0,1,0,1,0,0
0,1,1232,325,465,247,195,55,64,30,22,0,1,0,1,0,0
0,5,798,0,798,0,0,0,94,0,0,0,0,1,0,0,0
0,1,2731,361,1215,1155,0,57,176,134,0,0,1,0,1,1,0
0,1,3919,774,2376,700,69,115,308,82,5,0,1,0,1,0,0
0,0,527,236,119,89,83,35,15,11,14,0,1,0,1,0,0
0,7,1406,866,540,0,0,123,78,0,0,0,1,0,1,0,0
0,5,1003,228,775,0,0,32,98,0,0,0,1,0,0,0,0
0,6,1816,349,1069,398,0,56,160,63,0,0,1,0,1,1,0
0,0,2361,694,1097,488,82,105,161,71,10,0,1,0,1,1,0
0,1,3068,1344,615,1109,0,222,91,124,0,0,1,0,1,0,0
0,6,1090,228,862,0,0,32,128,0,0,0,1,0,0,0,0
0,4,3701,2130,518,798,255,331,77,91,32,0,1,0,1,0,0
0,1,3268,532,1712,978,46,92,229,123,5,0,1,0,1,0,0
0,1,2618,684,1220,714,0,86,150,86,0,0,1,0,1,0,0
0,4,3233,627,2606,0,0,111,382,0,0,0,1,0,1,0,0
0,4,3347,1376,1027,621,323,226,145,79,32,0,1,0,1,1,0
0,4,4531,228,2667,1636,0,32,342,202,0,0,1,0,0,0,0
0,3,1919,604,1151,164,0,97,183,18,0,0,1,0,1,1,0
0,1,2957,1441,1055,461,0,220,141,63,0,0,1,0,1,1,0
0,1,1652,554,755,343,0,88,107,40,0,0,1,0,1,1,0
0,2,1987,902,343,742,0,146,54,94,0,0,1,0,1,0,0
1,5,2393,1362,1031,0,0,222,130,0,0,0,1,1,1,0,0
0,3,2134,592,410,458,674,92,61,70,123,1,1,0,1,0,0
0,1,4022,702,1396,1201,723,100,172,137,107,0,1,0,1,1,0
0,0,2076,175,1269,582,50,29,190,75,6,0,1,0,1,1,0
0,0,4431,559,2046,1665,161,82,260,211,28,1,1,0,1,1,0
0,2,2785,610,927,239,1009,87,135,32,142,1,1,0,1,1,0
0,6,2920,1557,947,416,0,230,124,59,0,0,1,1,1,0,0
0,5,3098,228,1644,1226,0,32,203,159,0,0,1,0,0,0,0
0,2,2480,711,1232,537,0,109,179,74,0,0,1,0,1,1,0
0,1,3384,1073,697,526,1088,154,100,60,169,0,1,0,1,0,0
0,4,3144,1970,1174,0,0,312,157,0,0,0,1,0,1,0,0
0,5,3927,532,1909,1486,0,92,246,188,0,0,1,0,1,1,0
0,0,2529,622,1318,472,117,89,178,69,16,1,1,0,1,0,0
0,1,1731,829,722,103,77,131,121,17,11,0,1,0,1,1,0
0,1,2364,781,1294,289,0,109,194,28,0,0,1,0,1,0,0
0,1,2351,0,1472,457,422,0,239,53,74,0,0,0,0,1,0
0,6,3434,879,1437,1118,0,141,191,128,0,0,1,0,1,0,0
0,1,3741,717,2284,274,466,120,294,32,67,0,1,0,1,1,0
0,0,2190,592,712,212,674,92,110,23,123,1,1,0,1,0,0
0,0,1921,505,928,366,122,79,116,47,13,1,1,0,1,0,0
0,0,3904,975,2224,550,155,147,343,66,19,1,1,0,1,0,0
0,1,3173,472,2174,527,0,59,265,62,0,1,1,0,0,0,0
0,7,3593,0,1746,1847,0,0,233,228,0,0,0,0,1,0,0
0,1,3865,200,2801,864,0,30,407,113,0,0,1,0,1,1,0
0,0,2890,532,1599,734,25,92,242,96,3,0,1,0,1,0,0
0,4,854,89,564,201,0,13,82,23,0,0,1,0,1,1,0
0,5,1676,560,1116,0,0,98,182,0,0,0,1,0,1,0,0
1,3,4684,1318,2046,1040,280,174,279,139,37,0,1,0,1,1,0
0,6,1217,0,89,1128,0,0,11,144,0,0,0,0,0,0,0
0,1,2516,406,1985,0,125,67,268,0,14,0,1,0,1,1,0
0,1,2401,1018,840,543,0,141,100,69,0,0,1,0,1,0,0
1,3,3905,842,2508,555,0,124,377,74,0,0,1,0,1,1,0
0,3,1229,0,810,419,0,0,96,47,0,0,0,0,0,0,0
0,2,5148,2362,1229,390,1167,378,190,58,199,0,1,0,1,1,0
1,1,1492,0,619,589,284,0,92,64,34,0,0,0,0,1,0
0,0,4786,1323,1991,1210,262,172,289,165,37,0,1,0,1,1,0
1,1,2677,0,255,1211,1211,0,36,192,192,0,0,0,0,0,0
0,1,2029,320,1346,363,0,45,195,50,0,1,1,0,1,0,0
0,3,2634,511,1281,405,437,73,200,53,81,0,1,0,1,1,0
0,0,2523,553,1070,579,321,82,169,79,47,0,1,0,1,1,0
0,7,231,0,231,0,0,0,24,0,0,0,0,0,0,0,1
0,3,3899,438,752,2709,0,53,97,369,0,0,1,0,1,0,0
0,2,1798,888,910,0,0,136,106,0,0,0,1,0,1,0,0
0,4,2502,778,1456,268,0,130,218,32,0,0,1,0,1,0,0
0,5,907,70,837,0,0,1,121,0,0,0,1,0,1,0,0
0,0,4796,2362,829,446,1159,378,131,65,192,0,1,0,1,1,0
0,7,1051,454,597,0,0,68,77,0,0,0,1,0,1,0,0
0,6,1228,228,1000,0,0,32,146,0,0,0,1,0,0,0,0
0,5,2813,574,925,929,385,86,133,124,52,0,1,0,1,0,0
0,1,2742,361,1226,1155,0,57,177,134,0,0,1,0,1,1,0
1,3,3349,1362,652,0,1335,222,100,0,228,0,1,0,1,0,0
0,4,1614,0,1614,0,0,0,220,0,0,0,0,0,0,0,0
0,0,4976,250,4352,361,13,30,477,58,2,0,1,0,0,0,0
0,1,4773,873,1817,1136,947,146,286,181,147,0,1,0,1,0,0
0,1,2348,607,871,870,0,91,131,101,0,0,1,0,1,0,0
0,3,2293,897,835,229,332,157,131,28,39,0,1,0,1,0,0
0,5,2540,781,1224,236,299,109,183,30,40,1,1,0,1,0,0
0,4,3057,421,1839,797,0,56,269,104,0,0,1,0,1,0,0
0,3,4039,1419,2272,348,0,206,308,50,0,1,1,0,1,0,0
0,2,5581,666,4915,0,0,59,580,0,0,1,1,0,1,0,0
0,0,2766,1050,562,924,230,155,80,115,28,0,1,0,1,1,0
0,0,2199,657,801,350,391,100,125,42,54,0,1,0,1,0,0
0,4,3799,695,1095,1192,817,120,162,186,138,0,1,0,1,1,0
0,0,3852,229,1411,1761,451,33,221,232,68,0,1,0,1,1,0
0,2,4598,898,2470,997,233,145,362,128,38,1,1,0,1,0,0
0,4,2741,361,1225,1155,0,57,176,134,0,0,1,0,1,1,0
0,1,2700,505,1323,872,0,79,194,114,0,0,1,0,1,1,0
0,4,3304,228,723,2353,0,32,91,302,0,0,1,0,0,0,0
0,0,3034,928,894,843,369,142,152,137,51,1,1,0,1,0,0
0,6,2426,879,931,616,0,141,117,78,0,0,1,0,1,0,0
0,0,2060,625,907,76,452,71,128,12,55,0,1,0,1,0,0
0,5,930,228,702,0,0,32,101,0,0,0,1,0,0,0,0
0,3,4246,0,4246,0,0,0,641,0,0,0,0,0,0,1,0
0,3,2746,747,1168,831,0,125,158,105,0,0,1,0,1,0,0
0,1,6023,2419,647,2957,0,377,97,377,0,1,1,0,1,0,0
0,8,833,0,833,0,0,0,99,0,0,0,0,0,0,0,0
0,2,6165,415,4646,866,238,54,637,115,36,0,1,0,1,0,1
0,6,944,228,716,0,0,32,88,0,0,0,1,0,0,0,0
0,6,1160,228,932,0,0,32,129,0,0,0,1,0,0,0,0
0,6,1314,433,881,0,0,48,108,0,0,0,1,1,1,1,0
0,2,3091,447,2644,0,0,72,356,0,0,0,1,0,1,0,0
0,1,2172,1229,634,309,0,179,98,32,0,0,1,0,1,0,0
0,6,1154,228,926,0,0,32,105,0,0,0,1,0,0,0,0
0,2,2625,879,1119,441,186,141,141,59,22,0,1,0,1,1,0
0,1,4768,1050,1973,1380,365,155,250,185,44,0,1,0,1,0,0
0,2,1946,0,1205,741,0,0,164,96,0,0,0,0,1,1,0
0,1,4061,2019,1135,768,139,311,179,122,17,0,1,0,1,1,0
0,1,2215,439,1061,715,0,78,186,119,0,1,1,0,1,0,0
0,2,723,0,218,268,237,0,29,43,33,0,0,0,1,0,0
0,0,3862,694,2377,513,278,105,343,67,36,0,1,0,1,1,0
0,4,2441,0,2441,0,0,0,408,0,0,1,0,0,0,1,0
0,5,3721,813,645,1044,1219,113,103,169,186,0,1,0,1,1,0
0,0,4165,1230,2144,497,294,181,323,63,38,1,1,0,1,1,0
0,1,2505,1258,100,1147,0,230,15,139,0,0,1,0,1,0,0
0,3,2021,829,581,591,20,126,80,58,2,0,1,0,1,0,0
0,5,3750,651,1411,1357,331,107,182,187,46,0,1,0,1,0,0
0,0,5888,1930,3188,387,383,271,441,45,41,1,1,0,1,1,0
0,0,2222,651,607,528,436,100,82,66,65,0,1,0,1,1,0
0,2,2434,649,686,1099,0,98,102,120,0,0,1,0,1,1,0
0,1,6754,1679,1523,2964,588,230,200,351,83,1,1,0,1,0,0
0,3,1613,111,1008,494,0,20,144,60,0,0,1,0,1,0,0
0,0,4125,1029,1973,946,177,151,288,129,30,0,1,0,1,0,0
0,2,4283,879,2842,562,0,141,342,67,0,0,1,0,1,1,0
0,4,4201,1014,2667,520,0,167,381,62,0,0,1,0,1,1,0
0,0,2520,606,1448,340,126,90,208,38,17,0,1,0,1,1,0
0,1,3164,1052,1294,818,0,162,224,117,0,1,1,0,1,0,0
0,0,2590,888,1061,573,68,136,133,74,12,0,1,0,1,0,0
0,0,6141,579,3445,1627,490,87,479,207,55,0,1,0,1,1,0
0,3,1292,228,802,262,0,32,93,33,0,0,1,0,0,0,0
0,2,1720,929,500,291,0,132,74,47,0,0,1,0,1,0,0
0,2,4094,1808,2286,0,0,264,300,0,0,1,1,0,1,1,0
0,7,1557,1258,299,0,0,230,37,0,0,0,1,0,1,0,0
0,1,2010,468,980,412,150,74,135,72,19,0,1,0,1,1,0
0,5,2327,310,1089,611,317,53,166,77,49,0,1,0,1,1,0
0,1,4095,1318,1935,689,153,174,257,87,18,0,1,0,1,1,0
0,0,1985,625,832,76,452,71,114,12,55,0,1,0,1,0,0
0,6,2409,406,1815,0,188,67,238,0,21,0,1,0,1,1,0
0,3,1545,829,683,17,16,131,98,4,2,0,1,0,1,1,0
0,0,1155,505,327,257,66,79,38,36,8,1,1,0,1,0,0
0,7,3367,0,3367,0,0,0,507,0,0,0,0,0,0,1,0
0,0,2544,408,1148,845,143,53,155,106,22,1,1,0,1,1,0
0,0,4855,1520,1789,513,1033,214,250,65,167,0,1,0,1,0,0
0,0,3453,549,1632,376,896,87,253,43,157,0,1,0,1,1,0
0,0,6360,1402,1854,2197,907,182,241,260,143,0,1,0,1,0,0
0,4,3726,913,1715,846,252,130,262,109,32,0,1,0,1,0,0
0,0,7326,406,4175,1932,813,52,640,257,93,0,1,0,1,1,0
0,3,4319,727,1107,954,1531,99,152,127,209,0,1,0,1,1,0
0,0,2573,888,880,787,18,136,141,101,2,0,1,0,1,0,0
0,5,1684,829,855,0,0,131,134,0,0,0,1,0,1,0,0
1,1,1150,111,546,301,192,21,76,48,33,0,1,0,1,0,0
0,1,5759,1708,2402,798,851,290,344,107,155,0,1,0,1,1,0
0,0,1614,250,981,370,13,30,81,55,2,0,1,0,0,0,0
0,4,1496,134,767,391,204,20,109,56,32,0,1,0,1,1,0
0,2,1620,902,139,579,0,146,22,78,0,0,1,0,1,0,0
0,1,1226,0,496,191,539,0,79,31,93,1,0,0,0,1,0
0,8,11515,0,11515,0,0,0,323,0,0,0,0,0,0,0,0
0,0,6210,2065,2167,1289,689,333,334,174,90,1,1,0,1,1,0
0,1,2526,630,353,1274,269,91,48,144,29,0,1,0,1,1,0
0,1,3597,793,2101,703,0,116,342,118,0,1,1,0,1,1,0
0,4,1393,228,123,1042,0,32,16,138,0,0,1,0,0,0,0
0,6,2733,1913,200,620,0,293,33,80,0,0,1,0,1,1,0
0,3,3357,0,3058,171,128,0,489,19,20,0,0,0,1,0,0
0,1,2937,755,1627,555,0,118,226,70,0,1,1,0,1,1,0
0,3,1569,829,684,40,16,131,98,7,2,0,1,0,1,1,0
0,0,2893,134,1644,660,455,20,244,99,73,0,1,1,1,0,0
0,1,2021,1005,725,291,0,116,107,51,0,1,1,0,1,1,0
0,4,5247,82,3919,1246,0,12,612,177,0,0,1,0,1,0,0
0,1,2615,708,984,814,109,96,141,115,15,0,1,0,1,0,0
0,7,834,79,755,0,0,12,116,0,0,0,1,0,1,0,0
0,1,2344,826,1190,328,0,107,159,41,0,0,1,0,1,1,0
0,1,3849,1708,1301,332,508,290,221,53,89,0,1,0,1,1,0
0,0,2002,1364,536,19,83,187,84,3,13,0,1,0,1,1,0
0,0,3929,1277,1479,743,430,201,184,88,59,1,1,0,1,1,0
0,0,2029,781,918,204,126,109,146,27,12,0,1,0,1,0,0
0,1,3788,1229,687,1872,0,179,110,272,0,0,1,0,1,0,0
0,6,1175,228,947,0,0,32,134,0,0,0,1,0,0,0,0
0,0,4086,566,1701,842,977,80,224,116,156,0,1,0,1,0,0
0,2,3116,616,799,1345,356,93,121,194,46,0,1,0,1,1,0
0,5,2320,463,880,441,536,77,149,75,83,0,1,0,1,1,0
0,2,2165,377,1788,0,0,60,258,0,0,0,1,0,1,0,0
0,2,2828,439,1671,718,0,78,260,99,0,1,1,0,1,0,0
0,5,2946,702,647,800,797,110,109,92,116,0,1,0,1,0,0
0,7,1320,0,1127,193,0,0,180,23,0,0,0,0,1,1,0
0,6,2196,1394,577,225,0,216,74,23,0,0,1,0,1,0,0
0,5,2405,0,2405,0,0,0,262,0,0,1,0,0,0,0,0
0,0,2282,1460,387,172,263,199,60,28,44,0,1,0,1,1,0
0,1,3845,470,2345,1030,0,66,300,125,0,0,1,0,1,0,0
0,7,1787,321,1466,0,0,45,257,0,0,0,1,0,1,0,0
0,1,4335,1628,1773,894,40,207,243,112,7,1,1,0,1,1,0
0,4,3660,536,2156,761,207,79,262,84,24,0,1,0,0,0,0
0,1,2631,1050,1428,0,153,155,216,0,18,1,1,0,1,1,0
0,5,1926,228,1698,0,0,32,207,0,0,0,1,0,0,0,0
0,4,2588,1298,1290,0,0,203,220,0,0,0,1,0,1,0,0
0,3,2716,509,1176,470,561,79,178,64,84,0,1,0,1,0,0
0,6,894,228,666,0,0,32,80,0,0,0,1,0,0,0,0
0,0,6210,2065,2167,1289,689,333,334,174,90,1,1,0,1,1,0
0,7,1538,829,709,0,0,131,98,0,0,0,1,0,1,0,0
0,1,1537,0,1133,336,68,0,157,45,8,0,0,0,1,1,0
0,6,1224,228,996,0,0,32,107,0,0,0,1,0,0,0,0
0,6,1159,228,931,0,0,32,128,0,0,0,1,0,0,0,0
0,4,2214,264,276,1347,327,35,37,201,52,0,1,0,1,1,0
0,0,2997,996,1183,564,254,158,173,79,40,0,1,0,1,0,0
0,0,4325,1042,549,2514,220,144,80,300,33,0,1,0,1,0,0
0,2,3999,1025,1393,503,1078,148,188,61,149,0,1,0,1,0,0
0,0,2212,788,576,751,97,119,77,98,12,0,1,0,1,0,0
0,1,3189,250,2328,611,0,30,176,89,0,0,1,0,0,0,0
0,0,3188,600,1338,779,471,92,202,105,58,0,1,0,1,1,0
0,0,5041,748,2992,1162,139,116,406,149,15,0,1,0,1,1,0
0,2,4110,1025,1215,813,1057,148,148,101,143,0,1,0,1,0,0
0,0,5320,1049,2475,1435,361,151,333,192,50,0,1,0,1,1,0
0,1,1836,0,1282,436,118,0,182,62,12,0,0,0,1,0,0
0,7,900,734,166,0,0,119,32,0,0,0,1,1,1,0,0
0,3,3733,897,2137,167,532,157,319,20,67,0,1,0,1,0,0
0,1,2050,1050,421,579,0,155,54,75,0,0,1,0,1,0,0
0,1,4062,1344,1051,1667,0,222,144,209,0,0,1,0,1,0,0
0,0,3298,746,1520,435,597,127,227,72,94,0,1,0,1,1,0
0,2,3765,1025,1444,248,1048,148,171,28,144,0,1,0,1,0,0
0,5,4445,525,2329,1187,404,88,339,165,65,0,1,1,1,1,0
0,6,895,228,667,0,0,32,80,0,0,0,1,0,0,0,0
0,0,2932,487,1487,419,539,67,197,48,68,1,1,0,1,0,0
0,7,1525,829,696,0,0,131,96,0,0,0,1,0,1,0,0
0,0,4259,1025,2383,315,536,148,293,39,81,0,1,0,1,0,0
0,2,4922,1708,1848,550,816,290,286,86,156,0,1,0,1,1,0
0,6,1029,228,801,0,0,32,118,0,0,0,1,0,0,0,0
0,4,3820,1970,548,1302,0,312,78,220,0,0,1,0,1,1,0
0,0,4825,1042,1500,1587,696,178,209,256,111,0,1,0,1,1,0
0,2,2795,489,954,1349,3,76,135,190,1,0,1,0,1,1,0
0,2,4384,779,3605,0,0,100,494,0,0,0,1,0,1,0,0
0,1,2665,799,1505,361,0,115,186,37,0,0,1,0,1,1,0
0,4,1788,0,1043,745,0,0,147,114,0,0,0,0,0,1,0
0,5,3701,310,1990,891,510,53,324,127,86,0,1,0,1,0,0
0,7,609,0,609,0,0,0,91,0,0,0,0,0,0,0,0
0,3,1992,0,351,1598,43,0,57,197,6,1,0,0,0,0,0
0,7,1538,829,709,0,0,131,98,0,0,0,1,0,1,0,0
0,4,2715,0,1102,1613,0,0,174,203,0,0,0,0,0,0,0
0,4,2718,0,1102,1616,0,0,174,206,0,0,0,0,0,0,0
0,6,1880,228,1652,0,0,32,203,0,0,0,1,0,0,0,0
0,2,4530,940,1914,1676,0,125,270,209,0,0,1,0,1,0,0
0,5,874,228,646,0,0,32,86,0,0,0,1,0,0,0,0
0,0,6130,1049,2603,2101,377,151,363,232,58,0,1,0,1,1,0
0,5,8308,470,6359,1479,0,59,841,201,0,0,1,0,1,0,0
0,3,1574,829,684,45,16,131,98,8,2,0,1,0,1,1,0
1,0,2775,333,819,1441,182,48,112,186,20,1,1,0,1,0,0
0,0,2172,134,909,726,403,20,130,92,54,0,1,0,1,1,0
0,6,938,228,710,0,0,32,85,0,0,0,1,0,0,0,0
0,6,1422,228,1194,0,0,32,162,0,0,0,1,0,0,0,0
0,2,2163,552,921,690,0,71,131,96,0,0,1,0,1,1,0
0,6,1587,829,705,53,0,131,98,10,0,0,1,0,1,0,0
0,0,4934,614,2137,1401,782,85,269,190,97,0,1,0,1,0,0
0,6,1009,228,781,0,0,32,126,0,0,0,1,0,0,0,0
0,7,3893,601,3292,0,0,91,428,0,0,0,1,0,1,0,0
0,3,4005,590,1716,1699,0,88,245,227,0,0,1,0,1,0,0
0,5,1091,228,863,0,0,32,121,0,0,0,1,0,0,0,0
0,4,1643,660,467,152,364,112,65,23,52,0,1,0,1,1,0
0,1,1376,491,493,392,0,70,74,41,0,0,1,0,1,1,0
0,4,1634,660,458,152,364,112,65,23,52,0,1,0,1,1,0
0,4,1031,137,380,233,281,18,60,44,41,0,1,0,1,1,0
0,3,3640,601,1225,1814,0,91,189,268,0,0,1,0,1,1,0
0,0,1613,336,720,332,225,52,101,42,27,0,1,0,1,0,0
0,0,2079,495,471,233,880,76,81,26,126,0,1,0,1,0,0
0,4,1552,472,1080,0,0,72,171,0,0,0,1,1,1,0,0
0,1,2288,554,1320,414,0,88,196,52,0,0,1,0,1,1,0
0,0,3103,267,1458,1177,201,41,215,141,25,1,1,0,1,1,0
0,0,2570,148,1302,483,637,25,221,76,95,0,1,0,1,1,0
0,1,2089,391,983,579,136,59,146,75,13,0,1,0,1,0,0
0,5,3708,228,1424,2056,0,32,171,252,0,0,1,0,0,0,0
0,2,2529,1025,719,243,542,148,85,29,74,0,1,0,1,0,0
0,5,2122,321,262,1038,501,45,42,143,72,0,1,0,1,1,0
0,0,1985,387,1001,330,267,63,147,49,44,0,1,0,1,1,0
0,0,3848,1042,1449,661,696,178,223,92,111,0,1,0,1,1,0
0,0,2717,549,1555,340,273,87,239,41,44,0,1,0,1,0,0
0,6,1536,228,1308,0,0,32,182,0,0,0,1,0,0,0,0
0,0,2685,1588,623,202,272,261,93,35,48,0,1,0,1,1,0
0,1,2274,0,1438,701,135,0,182,81,18,0,0,0,0,1,0
1,1,1201,775,95,319,12,118,11,36,2,0,1,0,0,0,0
0,5,1435,720,171,173,371,126,34,21,42,0,1,1,1,1,0
0,0,3889,726,887,1226,1050,83,126,151,129,0,1,0,1,0,0
0,3,3172,257,1936,979,0,36,231,138,0,0,1,0,1,0,0
0,7,127,0,46,81,0,0,9,13,0,0,0,0,1,0,0
0,0,2893,134,1644,660,455,20,244,99,73,0,1,0,1,0,0
0,5,6100,2480,910,1613,1097,298,111,197,147,0,1,0,1,1,0
0,3,3340,610,776,529,1425,87,119,73,211,1,1,0,1,1,0
0,0,2981,281,688,2009,3,33,88,243,1,0,1,0,1,1,0
0,1,1778,511,846,421,0,73,133,65,0,0,1,0,1,1,0
0,0,1833,532,484,440,377,87,75,74,60,0,1,0,1,1,0
0,1,2675,606,1277,440,352,86,173,57,42,0,1,0,1,0,0
0,1,2873,439,1906,528,0,78,279,71,0,1,1,0,1,0,0
0,0,1391,729,243,172,247,109,45,28,32,0,1,0,1,1,0
0,3,3104,755,2349,0,0,118,364,0,0,0,1,0,1,0,0
0,3,2120,638,1015,297,170,107,148,32,20,0,1,0,1,1,0
0,6,2610,313,1393,904,0,39,195,134,0,0,1,0,1,0,0
0,6,1164,228,936,0,0,32,133,0,0,0,1,0,0,0,0
0,1,1663,829,747,70,17,131,116,10,2,0,1,0,1,1,0
0,1,2957,574,950,1433,0,86,140,195,0,0,1,0,1,0,0
0,4,5149,0,3820,1329,0,0,639,213,0,0,0,0,0,1,0
0,3,4128,2790,964,178,196,370,122,20,34,0,1,0,1,0,0
0,1,1535,829,619,70,17,131,97,10,2,0,1,0,1,1,0
0,1,2114,1052,394,483,185,169,58,67,21,1,1,0,1,1,0
0,6,450,0,282,168,0,0,32,25,0,0,0,0,0,0,0
0,6,2229,885,932,412,0,141,129,63,0,0,1,0,1,0,0
0,0,1926,133,1127,573,93,19,170,62,15,1,1,0,1,0,0
0,0,2096,603,1348,92,53,94,151,10,7,0,1,0,1,1,0
0,3,1418,491,629,298,0,70,93,32,0,1,1,0,1,1,0
0,1,3643,570,1173,1778,122,77,159,244,20,0,1,0,1,1,0
0,3,4035,2790,871,178,196,370,121,20,34,0,1,0,1,0,0
0,6,1084,228,856,0,0,32,108,0,0,0,1,0,0,0,0
0,2,4403,2438,93,1837,35,328,13,272,5,0,1,0,1,0,0
0,1,1657,0,826,637,194,0,128,84,33,0,0,0,1,0,0
0,1,2261,0,894,929,438,0,115,122,74,0,0,0,0,1,0
0,6,4373,879,2045,1449,0,141,258,179,0,0,1,1,1,0,0
0,7,660,0,660,0,0,0,99,0,0,0,0,0,0,0,0
0,1,1194,0,857,167,170,0,119,26,17,1,0,0,1,0,0
0,0,5092,532,2936,1582,42,92,398,206,5,0,1,0,1,1,0
0,0,3413,742,901,1253,517,108,128,161,68,0,1,0,1,0,0
0,3,4807,1419,2796,592,0,206,380,70,0,0,1,0,1,0,0
0,1,2918,0,1306,858,754,0,205,116,127,0,0,0,1,0,0
1,0,3485,660,949,1691,185,112,132,215,22,0,1,0,1,1,0
0,0,4160,1230,1156,746,1028,181,179,93,155,0,1,0,1,1,0
0,6,1057,228,829,0,0,32,105,0,0,0,1,0,0,0,0
0,0,4645,606,2950,919,170,81,400,115,21,0,1,0,1,0,0
0,6,5322,463,4090,769,0,67,543,86,0,0,1,0,1,0,0
0,0,3492,1043,1260,627,562,175,205,92,77,1,1,0,1,1,0
0,3,5035,1014,3663,358,0,167,507,44,0,0,1,0,1,1,0
0,1,3500,365,560,2575,0,54,88,326,0,1,1,0,1,1,0
0,5,864,0,399,465,0,0,60,57,0,0,0,0,1,1,0
0,5,1247,228,1019,0,0,32,129,0,0,0,1,0,0,0,0
0,0,3125,726,907,595,897,83,139,76,117,0,1,0,1,0,0
0,0,3472,726,1109,741,896,83,164,102,117,0,1,0,1,0,0
0,2,5443,0,4384,1059,0,0,609,134,0,1,0,0,0,0,0
0,0,6131,4007,1169,820,135,588,155,91,11,0,1,0,1,1,0
0,1,5454,1344,3087,1023,0,222,411,120,0,1,1,0,1,0,0
0,1,5364,1309,3245,810,0,199,395,104,0,0,1,0,1,1,0
1,0,810,55,510,127,118,6,67,15,19,1,1,0,1,0,0
0,0,2796,275,1229,699,593,42,174,97,88,0,1,0,1,0,0
0,2,1701,610,480,611,0,91,56,71,0,0,1,0,1,0,0
0,1,2961,0,1807,800,354,0,307,114,39,1,0,0,0,0,0
0,4,1650,0,1269,381,0,0,176,54,0,0,0,0,1,0,0
0,0,2860,1398,676,780,6,196,106,119,1,0,1,0,1,1,0
0,0,4028,859,2273,494,402,112,303,70,61,1,1,0,1,0,0
0,1,2755,1178,627,631,319,173,82,78,43,1,1,0,1,1,0
0,3,1986,463,790,733,0,67,113,98,0,0,1,0,1,0,0
0,4,3094,310,863,1201,720,53,137,183,116,0,1,0,1,0,0
0,1,2779,1226,1125,428,0,164,159,52,0,0,1,0,1,0,0
0,1,3902,614,1687,674,927,85,233,83,117,0,1,0,1,0,0
0,3,1056,0,613,443,0,0,93,62,0,0,0,0,1,0,0
0,0,6383,4007,1468,771,137,588,200,83,11,0,1,0,1,1,0
0,1,2753,917,1352,336,148,148,184,49,13,0,1,0,1,1,0
0,3,1980,554,952,474,0,73,143,72,0,0,1,0,1,1,0
0,1,2338,684,693,961,0,86,89,110,0,0,1,0,1,0,0
0,2,6980,361,1106,1629,3884,57,164,220,509,1,1,0,1,1,0
0,4,1239,0,713,526,0,0,103,84,0,0,0,0,0,0,0
0,0,4879,2065,2326,308,180,333,372,42,21,0,1,0,1,1,0
0,3,5046,1014,3658,374,0,167,522,44,0,0,1,0,1,1,0
0,2,1239,0,713,526,0,0,103,84,0,0,0,0,0,0,0
0,2,1447,0,494,953,0,0,95,134,0,0,0,0,0,0,0
0,3,2259,580,1174,505,0,93,151,65,0,0,1,0,1,0,0
0,4,1239,0,713,526,0,0,103,84,0,0,0,0,0,0,0
0,3,3200,651,1549,482,518,107,208,63,65,0,1,0,1,0,0
0,1,2775,708,598,580,889,114,98,74,130,0,1,0,1,1,0
0,4,3799,695,1095,1192,817,120,162,186,138,0,1,0,1,1,0
0,4,1239,0,713,526,0,0,103,84,0,0,0,0,0,0,0
0,3,1472,0,502,970,0,0,98,150,0,0,0,0,0,0,0
0,4,2510,487,1029,599,395,67,142,72,49,0,1,0,1,0,0
0,4,1488,0,502,986,0,0,98,150,0,0,0,0,0,0,0
0,4,1472,0,502,970,0,0,98,150,0,0,0,0,0,0,0
0,0,2871,1264,873,518,216,216,138,67,32,0,1,0,1,0,0
0,2,2480,393,899,962,226,65,99,154,31,0,1,0,1,0,0
0,1,2449,361,1702,386,0,57,247,57,0,1,1,0,1,1,0
1,1,2110,94,1097,739,180,16,160,97,25,0,1,0,0,0,0
0,3,1468,0,498,970,0,0,98,150,0,0,0,0,0,0,0
0,1,4496,1527,2007,962,0,247,287,120,0,0,1,0,1,1,0
0,2,2727,0,1102,1625,0,0,174,225,0,0,0,0,0,0,0
0,5,930,228,702,0,0,32,101,0,0,0,1,0,0,0,0
0,6,896,228,668,0,0,32,81,0,0,0,1,0,0,0,0
0,4,2691,0,1102,1589,0,0,174,204,0,0,0,0,0,0,0
0,1,2597,554,1027,1016,0,88,152,154,0,0,1,0,1,1,0
0,6,1247,228,1019,0,0,32,135,0,0,0,1,0,0,0,0
0,2,3089,799,1692,598,0,115,254,78,0,0,1,0,1,1,0
0,6,1218,228,990,0,0,32,143,0,0,0,1,0,0,0,0
0,6,1493,380,896,0,217,64,135,0,23,0,1,0,1,1,0
0,0,2233,148,1047,569,469,25,160,83,67,0,1,0,1,1,0
0,1,1487,829,609,21,28,131,100,3,2,0,1,0,1,1,0
0,0,2672,570,1299,514,289,77,208,79,47,0,1,0,1,1,0
0,7,2718,0,1102,1616,0,0,174,206,0,0,0,1,0,0,0
0,1,2493,598,1025,616,254,80,171,86,45,1,1,0,1,1,0
0,2,1383,0,985,234,164,0,160,32,29,0,0,0,1,0,0
0,0,3552,863,1657,984,48,137,235,130,7,0,1,0,1,1,0
0,7,3572,1410,2162,0,0,215,319,0,0,0,1,0,1,0,0
0,1,4239,1332,1153,1754,0,190,160,206,0,0,1,0,1,0,0
0,2,5073,1808,3265,0,0,264,452,0,0,1,1,0,1,1,0
0,0,4686,1449,694,1691,852,210,105,228,121,0,1,0,1,1,0
0,5,2951,228,667,2056,0,32,78,272,0,0,1,0,0,0,0
0,2,1789,902,128,759,0,146,20,92,0,0,1,0,1,0,0
0,0,2069,518,1029,415,107,72,138,55,16,0,1,0,1,0,0
0,0,2562,148,1294,483,637,25,220,76,95,0,1,0,1,1,0
0,7,1108,73,1035,0,0,14,150,0,0,0,1,0,1,0,0
0,2,1283,175,838,0,270,29,124,0,44,0,1,0,1,1,0
0,3,4166,1004,1995,1167,0,139,280,142,0,0,1,0,1,1,0
0,7,1350,601,749,0,0,91,97,0,0,0,1,0,1,0,0
0,2,3080,250,2830,0,0,30,245,0,0,0,1,0,0,0,0
0,0,3711,657,1673,990,391,100,243,132,54,0,1,0,1,0,0
0,0,2474,726,554,298,896,83,81,41,117,0,1,0,1,0,0
0,2,1297,0,1232,65,0,0,152,8,0,1,0,0,0,1,0
0,1,3429,607,1913,909,0,91,281,112,0,0,1,0,1,0,0
0,2,4149,438,2748,963,0,53,399,128,0,0,1,0,1,0,0
0,0,2312,643,1067,467,135,99,180,62,18,0,1,0,1,1,0
0,3,1716,0,928,788,0,0,111,121,0,1,0,0,0,1,0
0,0,4007,580,2243,804,380,86,308,119,50,1,1,0,1,0,0
0,6,2536,879,1130,527,0,141,151,77,0,0,1,1,1,0,0
0,4,4143,1014,2554,575,0,167,352,73,0,0,1,0,1,1,0
0,7,1376,866,510,0,0,123,79,0,0,0,1,0,1,0,0
0,0,4913,2559,871,1383,100,424,129,189,9,0,1,0,1,0,0
0,5,1096,228,868,0,0,32,116,0,0,0,1,0,0,0,0
0,1,2733,897,1439,139,258,157,229,18,34,0,1,0,1,1,0
0,7,1516,1298,218,0,0,203,38,0,0,0,1,1,1,0,0
0,0,3460,357,1244,1053,806,57,193,125,122,0,1,0,1,0,0
0,3,764,0,764,0,0,0,104,0,0,1,0,0,0,0,0
0,3,410,0,325,41,44,0,49,7,8,1,0,0,0,0,1
0,1,4320,2140,1088,855,237,312,157,109,38,0,1,0,1,1,0
0,3,4604,702,2197,1064,641,110,338,181,94,0,1,0,1,0,0
0,2,2618,669,1108,128,713,109,143,21,109,0,1,1,1,0,0
0,0,5514,2847,1402,533,732,394,225,67,111,0,1,0,1,0,0
0,7,1535,829,706,0,0,131,98,0,0,0,1,0,1,0,0
0,6,958,228,730,0,0,32,92,0,0,0,1,0,0,0,0
0,1,3862,808,2578,476,0,144,372,58,0,0,1,0,1,1,0
0,0,2174,651,607,480,436,100,82,59,65,0,1,0,1,1,0
0,1,3390,509,1413,932,536,79,210,130,67,0,1,0,1,0,0
0,1,3701,2790,452,459,0,370,62,53,0,1,1,0,1,0,0
0,6,579,0,196,331,52,0,28,58,4,0,0,0,0,0,0
0,1,2200,480,992,499,229,69,147,71,32,0,1,0,1,0,0
0,3,774,0,774,0,0,0,106,0,0,1,0,0,0,0,0
0,7,1075,334,741,0,0,42,87,0,0,0,1,0,1,0,0
0,4,1801,0,1460,341,0,0,232,47,0,0,0,0,1,0,0
0,1,1943,0,1091,564,288,0,71,25,10,0,0,0,0,0,0
0,3,2016,249,929,838,0,26,117,110,0,0,1,0,1,1,0
0,0,1422,94,528,475,325,15,94,62,53,1,1,0,1,1,0
0,6,2481,619,1590,272,0,97,233,35,0,0,1,0,1,1,0
0,5,1290,228,1062,0,0,32,152,0,0,0,1,0,0,0,0
0,2,1467,829,577,44,17,131,87,6,2,0,1,0,1,1,0
0,5,909,228,681,0,0,32,87,0,0,0,1,0,0,0,0
0,2,1537,859,453,225,0,152,61,26,0,1,1,1,1,0,0
0,6,1485,380,888,0,217,64,137,0,23,0,1,0,1,1,0
0,8,6877,0,6877,0,0,0,324,0,0,0,0,0,0,0,0
0,2,4437,2301,980,169,987,320,146,26,145,0,1,0,1,0,0
0,0,3475,844,1071,1388,172,117,163,169,18,0,1,0,1,1,0
0,0,2435,463,1137,393,442,67,163,50,62,0,1,0,1,0,0
0,1,3080,0,1234,627,1219,0,168,84,177,0,0,0,0,1,0
0,2,2669,1025,859,243,542,148,99,29,74,0,1,0,1,0,0
0,1,2686,781,374,862,669,102,51,104,81,0,1,0,1,0,0
0,1,5113,842,3483,788,0,124,551,121,0,1,1,0,1,1,0
0,7,1534,829,705,0,0,131,98,0,0,0,1,0,1,0,0
0,6,766,228,538,0,0,32,81,0,0,0,1,0,0,0,0
0,5,1398,228,1170,0,0,32,152,0,0,0,1,0,0,0,0
0,0,3077,579,1165,782,551,87,162,111,64,0,1,0,1,1,0
0,2,2811,1179,942,315,375,199,130,38,59,0,1,0,1,0,0
0,6,2968,0,1986,499,483,0,347,56,67,0,0,1,0,0,0
0,7,1534,829,705,0,0,131,98,0,0,0,1,0,1,0,0
0,0,2130,320,1346,389,75,45,195,53,11,1,1,0,1,0,0
0,5,1790,624,442,484,240,87,58,63,42,0,1,0,1,0,0
0,0,4487,543,2989,560,395,77,441,77,59,0,1,0,1,1,0
0,7,1520,1369,151,0,0,218,20,0,0,0,1,1,1,1,0
0,1,1417,382,814,183,38,67,125,25,6,1,1,0,1,0,0
0,0,2681,134,1634,869,44,20,215,102,9,0,1,0,1,0,0
0,1,2975,200,2655,120,0,30,408,17,0,0,1,0,1,1,0
0,2,3989,844,2143,530,472,117,345,67,56,0,1,0,1,0,0
0,6,1574,567,617,390,0,88,87,47,0,0,1,0,1,1,0
0,2,1198,829,345,24,0,131,50,3,0,0,1,0,1,1,0
0,2,6339,842,3560,1937,0,124,563,259,0,1,1,0,1,1,0
0,3,1909,111,1613,185,0,20,247,22,0,0,1,0,1,0,0
0,7,1534,829,705,0,0,131,98,0,0,0,1,0,1,0,0
0,6,1918,866,708,344,0,123,107,51,0,0,1,0,1,0,0
0,1,4097,1264,1488,1022,323,216,205,138,30,0,1,0,1,0,0
0,5,4829,1576,209,3044,0,243,32,411,0,0,1,0,1,1,0
0,6,1132,1000,132,0,0,155,24,0,0,0,1,0,1,0,0
0,1,4625,788,2496,691,650,89,374,108,106,1,1,0,1,1,0
0,4,1682,829,807,46,0,131,116,7,0,0,1,0,1,0,0
0,3,1998,228,977,793,0,32,128,101,0,0,1,0,0,0,0
0,4,2877,115,2762,0,0,18,425,0,0,1,1,0,1,1,0
0,5,1578,310,545,723,0,53,82,104,0,0,1,0,1,0,0
0,4,2335,228,1073,1034,0,32,126,136,0,0,1,0,0,0,0
0,6,2200,1913,186,101,0,293,32,15,0,0,1,0,1,1,0
0,3,3449,0,2621,828,0,0,378,98,0,1,0,0,1,0,0
0,1,4821,606,2413,939,863,77,316,130,147,0,1,0,1,0,0
0,1,1125,236,675,214,0,35,86,27,0,0,1,0,1,0,0
0,2,1847,902,150,795,0,146,22,97,0,0,1,0,1,0,0
0,2,3598,873,1632,1093,0,146,224,144,0,0,1,0,1,0,0
0,5,3005,816,1067,572,550,129,168,84,90,0,1,0,1,1,0
0,2,408,0,6,402,0,0,1,58,0,1,0,0,1,0,0
0,7,1538,829,709,0,0,131,98,0,0,0,1,0,1,0,0
0,2,3774,342,3029,84,319,47,462,13,48,0,1,0,1,1,0
0,0,1851,229,408,357,857,33,65,56,136,0,1,0,1,1,0
0,0,1736,651,491,353,241,107,72,44,33,0,1,0,1,0,0
0,1,2417,463,940,495,519,77,146,72,80,0,1,0,1,1,0
0,2,1903,560,792,551,0,98,137,80,0,0,1,0,1,1,0
0,1,2454,417,1169,868,0,66,186,111,0,0,1,0,1,1,0
0,3,649,0,649,0,0,0,76,0,0,1,0,0,0,0,0
0,1,2627,460,544,776,847,76,86,124,134,0,1,0,1,0,0
0,0,5053,614,2137,1401,901,85,269,190,113,0,1,0,1,0,0
0,2,2038,549,944,316,229,87,143,42,34,1,1,0,1,1,0
0,1,3413,487,2053,478,395,67,268,61,49,0,1,0,1,0,0
0,0,3665,720,1745,1041,159,126,233,124,20,0,1,0,1,1,0
0,7,1776,406,1370,0,0,67,179,0,0,0,1,0,1,1,0
0,0,3603,571,1351,910,771,87,196,114,127,0,1,0,1,0,0
0,3,2880,970,686,769,455,134,103,86,67,0,1,0,1,1,0
0,2,1633,0,1022,237,374,0,151,34,54,1,0,0,0,0,0
0,0,478,195,256,22,5,20,29,5,1,0,1,0,1,1,0
0,8,262,0,262,0,0,0,36,0,0,0,0,0,0,0,0
0,1,3110,773,1685,652,0,113,206,81,0,0,1,0,1,1,0
0,6,629,233,288,108,0,33,42,8,0,0,1,0,1,0,0
0,5,3012,778,1958,276,0,130,309,46,0,0,1,0,1,0,0
0,3,2844,1441,673,730,0,220,108,108,0,0,1,0,1,1,0
0,1,3087,610,1075,450,952,87,152,62,132,1,1,0,1,1,0
0,1,3623,799,2407,417,0,115,305,47,0,0,1,0,1,1,0
0,3,1596,866,570,160,0,123,80,20,0,0,1,0,1,0,0
0,1,3766,2287,521,958,0,311,72,113,0,0,1,0,1,0,0
0,5,2180,624,807,466,283,87,81,64,38,0,1,0,1,0,0
0,0,1947,134,1081,327,405,20,171,51,54,0,1,0,1,1,0
0,6,5833,2636,2278,919,0,421,355,131,0,0,1,0,1,1,0
0,4,3309,508,2177,356,268,65,319,41,42,0,1,0,1,1,0
0,1,1491,382,889,182,38,67,146,25,6,1,1,0,1,0,0
0,4,901,619,218,64,0,81,28,8,0,0,1,0,1,1,0
0,2,1834,417,1045,372,0,66,165,52,0,0,1,0,1,1,0
1,0,3228,1050,1174,939,65,155,187,134,7,0,1,0,1,1,0
0,1,1937,826,369,742,0,107,54,85,0,0,1,0,1,1,0
0,7,734,0,734,0,0,0,119,0,0,0,0,0,0,0,0
0,1,2389,501,921,345,622,63,146,58,101,0,1,0,1,0,0
0,3,4180,467,2406,1307,0,73,328,161,0,0,1,0,1,1,0
0,7,272,0,272,0,0,0,43,0,0,0,0,0,0,0,0
0,1,2143,505,476,955,207,79,64,126,28,1,1,0,1,0,0
0,2,716,0,302,414,0,0,49,60,0,0,0,0,1,0,0
0,5,4723,1576,219,2928,0,243,28,390,0,0,1,0,1,1,0
0,1,1445,829,574,25,17,131,92,3,2,0,1,0,1,1,0
0,4,1969,0,738,876,355,0,96,117,42,0,0,0,0,0,0
0,1,2398,512,660,675,551,78,97,96,91,0,1,0,1,0,0
0,1,1839,133,1264,349,93,19,197,40,15,1,1,0,1,0,0
1,0,3033,315,1504,768,446,49,167,118,82,0,1,0,1,1,0
0,1,2594,1564,448,582,0,182,71,88,0,1,1,0,1,0,0
0,0,2369,105,811,790,663,16,119,125,97,0,1,0,1,0,0
0,2,3140,558,1227,171,1184,84,179,23,167,1,1,0,1,0,0
0,0,1242,431,674,52,85,78,112,6,9,0,1,0,1,0,0
0,6,2898,879,1379,640,0,141,177,75,0,0,1,0,1,0,0
0,0,2157,505,490,955,207,79,65,126,28,1,1,0,1,0,0
0,4,1504,257,933,314,0,36,115,52,0,0,1,0,1,1,0
0,6,2794,1410,1384,0,0,215,198,0,0,0,1,0,1,0,0
0,1,3657,2388,385,589,295,361,68,93,43,0,1,0,1,1,0
0,1,2090,315,1082,546,147,54,166,62,14,0,1,0,1,0,0
0,0,4917,1049,1953,1557,358,151,257,187,51,0,1,0,1,1,0
0,1,2804,680,992,1132,0,74,135,150,0,1,1,0,1,0,0
0,4,2260,619,741,900,0,81,94,121,0,0,1,0,1,1,0
0,1,2568,1076,832,598,62,145,118,80,11,0,1,0,1,1,0
0,6,936,228,708,0,0,32,105,0,0,0,1,0,0,0,0
0,1,4271,651,935,1905,780,107,135,293,110,0,1,0,1,1,0
0,0,3126,447,1781,780,118,72,269,102,17,0,1,0,1,0,0
0,6,2991,406,2318,0,267,67,293,0,29,0,1,1,1,0,0
0,3,1776,829,91,840,16,131,15,129,2,0,1,0,1,1,0
0,8,1161,0,1161,0,0,0,178,0,0,0,0,0,0,0,0
0,2,2906,970,1337,413,186,134,183,63,25,0,1,0,1,1,0
0,2,3309,0,2446,863,0,0,355,95,0,1,0,0,0,0,0
0,2,1138,0,864,274,0,0,120,48,0,0,0,0,0,0,0
0,2,1274,829,358,70,17,131,61,10,2,0,1,0,1,1,0
0,1,3574,596,1834,830,314,85,228,97,39,0,1,0,1,1,0
0,3,797,0,797,0,0,0,127,0,0,1,0,0,0,0,0
0,0,2624,536,1641,322,125,72,208,35,19,0,1,0,1,0,0
0,1,3071,532,1583,956,0,68,209,107,0,0,1,0,1,0,0
0,2,2044,755,1289,0,0,118,207,0,0,0,1,0,1,0,0
0,7,783,553,230,0,0,82,42,0,0,0,1,0,1,1,0
0,3,797,0,797,0,0,0,127,0,0,1,0,0,0,0,0
0,0,2517,321,1366,771,59,46,191,93,7,0,1,0,1,0,0
0,1,2674,827,544,976,327,137,87,132,43,0,1,0,1,0,0
0,1,2101,433,1127,541,0,63,180,75,0,0,1,0,1,0,0
0,0,2147,651,555,731,210,100,63,92,29,0,1,0,1,1,0
0,4,2535,228,951,1356,0,32,99,171,0,0,1,0,0,0,0
0,0,2252,748,1054,311,139,116,143,39,15,0,1,0,1,1,0
0,4,1914,619,339,956,0,81,60,123,0,0,1,0,1,1,0
0,1,2709,296,1212,1201,0,46,172,156,0,1,1,0,1,1,0
0,2,5028,0,4506,475,47,0,785,60,5,0,0,0,0,1,0
0,1,2199,281,405,1432,81,33,52,149,11,0,1,0,1,0,0
0,8,734,0,734,0,0,0,119,0,0,0,0,0,0,0,0
0,4,1035,145,278,612,0,16,44,71,0,0,1,0,1,0,0
0,2,2300,649,535,1116,0,98,79,122,0,0,1,0,1,0,0
0,0,3290,726,1136,532,896,83,163,78,117,0,1,0,1,0,0
0,0,6346,2065,2347,1245,689,333,366,168,90,1,1,0,1,1,0
0,0,2972,638,934,1230,170,107,120,166,20,0,1,0,1,1,0
0,3,3893,2790,1057,46,0,370,133,8,0,0,1,0,1,0,0
0,2,1930,675,661,594,0,108,104,74,0,0,1,0,1,0,0
0,0,4247,2206,1230,301,510,350,185,41,82,0,1,0,1,1,0
0,0,2221,651,607,527,436,100,82,66,65,0,1,0,1,1,0
0,0,1808,505,785,325,193,79,110,40,28,1,1,0,1,0,0
0,4,1638,660,462,152,364,112,65,23,52,0,1,0,1,1,0
0,1,2872,131,2073,340,328,19,302,41,54,0,1,0,1,0,0
0,2,2351,0,1008,1343,0,0,133,183,0,0,0,0,1,0,0
0,3,278,0,228,50,0,0,28,5,0,0,0,0,1,0,0
0,3,3796,695,1092,1192,817,120,161,186,138,0,1,0,1,1,0
0,2,583,53,381,130,19,10,33,18,3,0,1,0,1,1,0
0,2,2274,596,863,580,235,85,114,82,15,0,1,0,1,1,0
0,7,734,0,734,0,0,0,119,0,0,0,0,0,0,0,0
0,4,1645,660,469,152,364,112,66,23,52,0,1,0,1,1,0
0,2,2502,1264,829,131,278,216,113,12,41,0,1,0,1,0,0
0,5,1551,228,1323,0,0,32,203,0,0,0,1,0,0,0,0
0,4,1664,660,488,152,364,112,69,23,52,0,1,0,1,1,0
0,2,583,53,381,130,19,10,33,18,3,0,1,0,1,1,0
0,4,1645,660,469,152,364,112,66,23,52,0,1,0,1,1,0
0,0,6139,417,1488,194,4040,70,196,33,583,1,1,0,1,0,0
0,2,1274,0,308,966,0,0,45,130,0,0,0,0,1,0,0
0,2,1646,660,470,152,364,112,66,23,52,0,1,0,1,1,0
0,6,948,228,720,0,0,32,89,0,0,0,1,0,0,0,0
0,2,3612,1392,788,1432,0,209,121,203,0,0,1,0,1,1,0
1,5,2563,911,779,647,226,145,129,85,34,0,1,0,1,1,0
0,0,3696,1042,1318,1115,221,144,175,154,34,0,1,0,1,0,0
0,2,583,53,381,130,19,10,33,18,3,0,1,0,1,1,0
0,0,2232,365,955,608,304,50,123,96,45,0,1,0,1,1,0
0,3,2642,79,1150,1144,269,12,173,164,39,0,1,0,1,0,0
0,0,4567,1052,2172,553,790,162,322,66,116,1,1,0,1,0,0
0,2,2932,0,2575,357,0,0,326,54,0,0,0,0,1,0,0
0,2,2122,0,1243,879,0,0,199,115,0,0,0,0,1,0,0
0,1,5531,2559,2130,802,40,424,324,97,4,0,1,0,1,0,0
0,2,2803,897,1397,246,263,157,213,31,36,0,1,0,1,0,0
0,1,3826,0,891,2616,319,0,120,348,49,1,0,0,0,0,0
0,2,610,0,320,290,0,0,45,35,0,0,0,0,0,1,0
0,0,2580,365,1303,608,304,50,195,96,45,0,1,0,1,1,0
0,5,4204,608,3596,0,0,83,508,0,0,0,1,0,1,0,0
0,2,2935,1219,724,992,0,160,89,130,0,0,1,0,1,0,0
0,2,4997,0,1386,0,3611,0,189,0,530,0,0,0,1,0,0
0,7,1539,829,710,0,0,131,98,0,0,0,1,0,1,0,0
0,2,2685,351,779,1307,248,48,121,188,29,0,1,0,1,1,0
0,0,1974,442,1196,246,90,75,169,32,11,0,1,0,1,1,0
0,5,3126,616,814,1294,402,93,123,185,52,0,1,0,1,1,0
0,6,1668,228,1440,0,0,32,175,0,0,0,1,0,0,0,0
0,1,3920,596,2228,698,398,85,280,94,41,0,1,0,1,1,0
0,5,3173,228,1447,1498,0,32,173,186,0,0,1,0,0,0,0
0,0,2107,625,954,76,452,71,132,12,55,0,1,0,1,0,0
0,0,4638,2676,592,1110,260,392,79,145,38,0,1,0,1,0,0
0,0,2034,391,968,494,181,59,136,62,20,0,1,0,1,0,0
0,7,1538,829,709,0,0,131,98,0,0,0,1,0,1,0,0
0,6,940,228,712,0,0,32,86,0,0,0,1,0,0,0,0
1,0,2942,580,1507,624,231,86,202,93,31,1,1,0,1,0,0
0,0,2725,746,1508,293,178,127,225,48,25,0,1,0,1,1,0
0,5,940,228,712,0,0,32,104,0,0,0,1,0,0,0,0
0,0,2545,492,1438,447,168,83,197,51,24,1,1,0,1,1,0
0,2,2574,492,1260,408,414,83,202,55,67,1,1,0,1,0,0
0,5,939,228,711,0,0,32,103,0,0,0,1,0,0,0,0
0,5,1144,228,916,0,0,32,123,0,0,0,1,0,0,0,0
0,2,4498,1110,1227,1117,1044,158,168,143,157,0,1,0,1,1,0
0,2,2625,879,1119,441,186,141,141,59,22,0,1,0,1,1,0
0,0,2933,445,907,654,927,58,124,88,126,0,1,0,1,1,0
0,6,4062,1052,1954,1056,0,162,290,125,0,0,1,0,1,0,0
0,0,2459,632,1138,279,410,112,162,34,63,0,1,0,1,1,0
0,7,1557,866,691,0,0,123,110,0,0,0,1,0,1,0,0
0,5,2665,708,813,572,572,114,104,72,82,0,1,0,1,1,0
0,2,1848,902,131,815,0,146,22,101,0,0,1,0,1,0,0
0,5,2503,228,2275,0,0,32,278,0,0,0,1,0,0,0,0
0,2,2609,755,1854,0,0,118,314,0,0,1,1,0,1,1,0
0,5,2783,632,1554,379,218,112,223,50,29,0,1,0,1,0,0
0,2,2118,779,967,372,0,134,214,85,0,0,1,0,1,1,0
0,0,2234,1187,416,266,365,180,65,44,61,0,1,0,1,1,0
0,2,3543,0,1143,1464,936,0,189,184,144,0,0,1,0,0,0
0,2,1351,217,515,619,0,32,63,91,0,0,1,0,0,1,0
0,2,2060,755,1305,0,0,118,196,0,0,0,1,0,1,0,0
0,0,5490,854,1838,618,2180,141,250,82,289,0,1,0,1,1,0
0,3,2342,0,1938,404,0,0,255,52,0,0,0,0,0,0,0
0,6,2143,252,1000,891,0,41,118,95,0,0,1,0,1,0,0
0,5,1247,228,1019,0,0,32,129,0,0,0,1,0,0,0,0
0,1,2464,131,1403,930,0,19,199,128,0,0,1,0,1,0,0
0,1,3425,684,1845,896,0,86,239,123,0,0,1,0,1,0,0
0,8,515,0,515,0,0,0,92,0,0,0,0,0,0,0,0
0,1,4159,1527,1249,1383,0,247,203,178,0,0,1,0,1,0,0
0,6,1322,228,1094,0,0,32,174,0,0,0,1,0,0,0,0
0,1,3415,1344,1201,586,284,222,187,62,49,0,1,0,1,0,0
0,2,4213,1708,1762,743,0,290,289,123,0,0,1,0,1,1,0
0,0,4381,702,1894,1062,723,100,241,120,107,0,1,0,1,1,0
0,1,1477,554,439,484,0,88,52,64,0,0,1,0,1,0,0
0,2,2017,509,918,397,193,79,139,50,22,0,1,0,1,0,0
0,1,1141,829,225,70,17,131,35,10,2,0,1,0,1,1,0
1,0,5897,1286,2709,1245,657,153,421,163,108,1,1,0,1,1,0
0,2,1867,441,722,501,203,74,103,66,28,0,1,0,1,1,0
0,7,733,79,654,0,0,12,90,0,0,0,1,0,1,0,0
0,0,3605,1264,1404,736,201,216,184,85,27,0,1,0,1,1,0
0,2,1660,829,770,44,17,131,118,6,2,0,1,0,1,1,0
0,1,3051,1264,1260,479,48,216,174,63,6,0,1,0,1,0,0
0,4,2759,879,1587,293,0,141,214,38,0,0,1,0,1,1,0
0,5,985,228,757,0,0,32,92,0,0,0,1,0,0,0,0
0,7,1418,866,552,0,0,123,89,0,0,0,1,0,1,0,0
0,6,944,228,716,0,0,32,88,0,0,0,1,0,0,0,0
0,2,3982,702,1369,1218,693,100,187,137,102,0,1,0,1,1,0
0,0,3726,746,1932,583,465,127,280,81,72,0,1,0,1,1,0
0,1,1217,0,288,908,21,0,45,118,3,1,0,0,1,1,0
0,8,7461,0,7461,0,0,0,315,0,0,0,0,0,0,0,0
0,1,2328,0,1248,672,408,0,183,83,56,1,0,0,0,0,0
0,0,3075,487,1180,1013,395,67,161,143,49,0,1,0,1,0,0
0,1,1093,263,585,245,0,39,86,14,0,1,1,0,1,0,0
0,4,3763,536,2164,868,195,79,307,98,23,0,1,0,0,0,0
0,6,917,228,689,0,0,32,84,0,0,0,1,0,0,0,0
0,5,1169,228,140,801,0,32,16,104,0,0,1,0,0,0,0
1,0,1799,94,1137,429,139,15,176,56,21,1,1,0,1,1,0
0,2,3149,0,2232,721,196,0,309,91,29,0,0,0,1,1,0
0,4,1478,0,1000,478,0,0,121,71,0,0,0,0,0,0,0
0,2,1576,651,286,254,385,107,36,30,54,0,1,0,1,1,0
0,1,1974,377,843,754,0,60,105,101,0,0,1,0,1,0,0
0,3,1999,690,913,396,0,118,133,48,0,0,1,0,0,1,0
0,2,577,53,382,123,19,10,33,18,3,0,1,0,1,1,0
0,1,2291,79,665,401,1146,12,108,46,189,0,1,0,1,0,0
0,6,3259,619,1815,825,0,97,279,120,0,0,1,0,1,0,0
0,3,2414,580,1050,784,0,93,138,98,0,0,1,0,1,0,0
0,2,2674,755,1919,0,0,118,273,0,0,0,1,0,1,0,0
0,7,2038,1447,591,0,0,215,82,0,0,0,1,0,1,1,0
0,5,2285,228,2057,0,0,32,266,0,0,0,1,0,0,0,0
0,0,4039,1230,1148,578,1083,181,168,80,161,0,1,0,1,1,0
0,1,1724,858,640,226,0,159,99,31,0,0,1,0,1,1,0
0,4,1431,775,110,498,48,98,13,66,8,0,1,0,1,0,0
0,0,1724,520,367,776,61,73,51,98,9,0,1,0,1,0,0
0,5,1307,153,602,365,187,25,87,55,22,0,1,1,1,1,0
0,2,4537,1708,1333,884,612,290,216,143,112,0,1,0,1,1,0
0,1,3463,917,1403,663,480,155,209,80,81,0,1,0,1,1,0
0,0,2028,888,544,497,99,136,72,62,18,0,1,0,1,0,0
0,1,2044,717,1048,279,0,120,159,36,0,0,1,0,1,1,0
0,0,1711,362,959,307,83,62,148,44,11,1,1,0,1,1,0
0,0,2701,774,1440,327,160,115,223,49,25,0,1,0,1,0,0
0,0,6848,351,3217,1612,1668,48,443,209,198,0,1,0,1,1,0
0,0,4027,702,1396,1206,723,100,172,140,107,0,1,0,1,1,0
0,0,3075,487,1180,1013,395,67,161,143,49,0,1,0,1,0,0
0,6,2837,651,1513,673,0,107,221,84,0,0,1,0,1,0,0
0,5,4830,1576,210,3044,0,243,33,411,0,0,1,0,1,1,0
0,0,1782,651,420,375,336,107,53,48,48,0,1,0,1,1,0
0,1,2982,1419,694,635,234,206,121,103,38,0,1,0,1,1,0
0,3,1276,0,1276,0,0,0,177,0,0,0,0,0,0,0,0
0,0,1546,729,521,136,160,109,70,17,21,0,1,0,1,1,0
0,1,1860,1449,143,169,99,210,20,24,14,0,1,0,1,1,0
0,5,1243,228,1015,0,0,32,150,0,0,0,1,0,0,0,0
0,2,1706,441,697,365,203,74,124,55,28,0,1,0,1,1,0
0,3,3115,580,1450,1085,0,93,212,135,0,0,1,0,1,0,0
0,3,1687,441,752,291,203,74,131,36,28,0,1,0,1,1,0
0,5,1656,624,337,556,139,87,42,65,22,0,1,0,1,0,0
0,0,3850,571,1583,924,772,87,208,108,127,0,1,0,1,0,0
0,5,798,228,570,0,0,32,70,0,0,0,1,0,0,0,0
0,2,5347,1786,1598,1741,222,290,251,255,31,0,1,0,1,0,0
0,0,3143,339,1166,1406,232,48,184,217,32,1,1,0,1,1,0
0,1,1563,829,647,70,17,131,98,10,2,0,1,0,1,1,0
0,5,3655,1181,719,764,991,156,88,96,116,0,1,0,1,0,0
0,2,3686,1419,1137,1130,0,206,198,181,0,0,1,1,1,1,0
0,7,1756,866,890,0,0,123,138,0,0,0,1,0,1,0,0
0,0,6232,2065,2189,1289,689,333,338,174,90,1,1,0,1,1,0
0,3,2407,0,1771,636,0,0,244,70,0,1,0,0,1,0,0
0,6,2794,1557,764,473,0,230,96,52,0,0,1,1,1,0,0
0,0,2049,505,878,484,182,79,108,55,24,1,1,0,1,0,0
0,0,3259,1461,683,854,261,211,93,115,27,1,1,0,1,1,0
1,4,1928,1000,928,0,0,155,133,0,0,0,1,0,1,0,0
0,0,3660,1181,1021,633,825,156,118,73,89,1,1,0,1,0,0
0,5,1141,228,913,0,0,32,111,0,0,0,1,0,0,0,0
0,6,938,228,710,0,0,32,85,0,0,0,1,0,0,0,0
0,1,2063,0,1057,463,543,0,140,64,80,1,0,0,1,0,0
0,2,583,53,381,130,19,10,33,18,3,0,1,0,1,1,0
0,1,2356,0,1679,556,121,0,217,73,16,0,0,0,0,0,0
0,1,4413,1073,1973,655,712,154,305,80,88,0,1,0,1,0,0
0,5,1546,228,1318,0,0,32,185,0,0,0,1,0,0,0,0
0,5,1917,758,548,232,379,129,87,31,50,0,1,0,1,0,0
0,4,623,228,237,158,0,32,25,21,0,0,1,0,0,0,0
0,1,1419,352,594,328,145,57,95,42,13,0,1,0,1,1,0
0,5,1454,228,1226,0,0,32,157,0,0,0,1,0,0,0,0
0,2,2184,536,1443,205,0,72,182,28,0,1,1,0,1,0,0
0,6,1668,228,1440,0,0,32,175,0,0,0,1,0,0,0,0
0,2,2676,552,874,1250,0,71,115,170,0,0,1,0,1,0,0
0,2,1672,829,748,62,33,131,117,13,4,0,1,0,1,1,0
0,1,1840,0,1026,428,386,0,167,67,65,0,0,0,0,0,0
0,2,1736,829,855,31,21,131,134,5,4,0,1,0,1,1,0
0,2,1613,651,259,279,424,107,33,34,61,0,1,0,1,1,0
0,0,2829,433,1299,447,650,63,202,75,101,0,1,0,1,0,0
0,0,3304,742,1467,963,132,108,220,120,11,0,1,0,1,1,0
0,0,2555,372,1312,520,351,55,167,67,49,1,1,0,1,1,0
0,0,2377,422,806,848,301,53,112,105,40,1,1,0,1,1,0
0,3,2925,561,1014,1350,0,86,139,180,0,0,1,0,1,1,0
0,0,3247,702,885,937,723,100,119,106,107,0,1,0,1,1,0
0,1,7112,1533,3811,1768,0,219,581,261,0,0,1,0,1,0,0
0,3,1773,683,917,146,27,124,123,22,5,0,1,0,1,0,0
0,1,1922,463,1073,112,274,67,152,15,27,0,1,0,1,0,0
0,0,3014,986,1707,156,165,132,237,23,20,0,1,0,1,1,0
0,0,4247,2206,1230,301,510,350,185,41,82,0,1,0,1,1,0
0,5,1431,228,1203,0,0,32,164,0,0,0,1,0,0,0,0
0,2,3918,1630,1749,480,59,208,247,69,12,0,1,0,1,1,0
0,2,1587,554,361,672,0,88,57,110,0,0,1,0,1,0,0
0,2,889,0,264,309,316,0,32,42,53,0,0,0,0,0,0
1,2,2205,480,705,1020,0,67,91,120,0,0,1,0,0,0,0
0,0,3350,357,1216,978,799,57,189,130,119,0,1,0,1,0,0
0,2,4283,879,2842,562,0,141,342,67,0,0,1,0,1,1,0
0,3,1689,0,1117,299,273,0,146,39,37,0,0,0,1,1,0
0,7,340,200,140,0,0,30,25,0,0,0,1,0,1,1,0
1,0,3228,1050,1174,939,65,155,187,134,7,0,1,0,1,1,0
0,2,2967,869,208,1373,517,134,35,197,69,1,1,0,1,0,0
0,0,3411,1042,1069,604,696,178,146,80,111,0,1,0,1,1,0
0,4,1090,0,1090,0,0,0,199,0,0,0,0,0,1,0,0
0,6,2991,406,2318,0,267,67,293,0,29,0,1,0,1,1,0
0,4,2586,1126,961,499,0,172,143,71,0,0,1,1,1,1,0
0,1,2115,134,1239,742,0,20,171,86,0,1,1,0,1,1,0
0,2,583,53,381,130,19,10,33,18,3,0,1,0,1,1,0
0,4,2575,134,1356,888,197,20,221,134,29,0,1,0,1,0,0
0,2,4130,1149,682,950,1349,140,105,149,216,0,1,0,1,0,0
0,0,3460,742,1077,1499,142,108,140,156,12,0,1,0,1,0,0
0,0,2846,384,1270,809,383,49,194,110,48,1,1,0,1,1,0
0,1,3875,1481,1616,778,0,264,271,94,0,0,1,0,1,0,0
0,1,2019,544,581,483,411,76,98,68,71,0,1,0,1,1,0
0,2,1402,175,1109,0,118,29,168,0,10,0,1,0,1,1,0
0,1,2733,447,755,1531,0,72,106,225,0,0,1,0,1,0,0
0,3,3053,596,1516,637,304,85,200,80,36,0,1,0,1,0,0
0,0,1557,457,734,202,164,80,107,32,24,0,1,0,1,1,0
0,6,1553,0,1553,0,0,0,194,0,0,0,0,0,0,0,0
0,1,4272,1685,1440,664,483,263,189,103,64,0,1,0,0,1,0
0,3,1965,762,1203,0,0,111,151,0,0,0,1,0,1,0,0
0,3,1606,134,694,591,187,20,100,78,26,0,1,0,1,1,0
0,5,1790,310,793,543,144,53,118,76,26,0,1,0,1,0,0
1,0,3229,1050,1172,938,69,155,187,134,8,0,1,0,1,1,0
0,2,3394,970,1337,901,186,134,183,133,25,0,1,0,1,1,0
0,1,2376,598,947,831,0,98,139,112,0,0,1,0,1,0,0
0,7,2002,0,1414,588,0,0,184,89,0,0,0,0,1,0,0
1,1,1292,0,539,521,232,0,87,76,32,0,0,0,0,0,0
0,6,2305,684,1621,0,0,87,232,0,0,0,1,0,1,0,0
0,4,5035,536,2776,907,816,72,369,125,111,0,1,0,1,0,0
0,0,4626,1254,1354,1681,337,183,213,217,48,0,1,0,1,0,0
0,0,3254,975,1422,594,263,147,207,73,32,1,1,0,1,0,0
0,1,2912,1050,1708,0,154,155,256,0,19,1,1,0,1,1,0
0,6,1021,228,793,0,0,32,116,0,0,0,1,0,0,0,0
0,1,2708,377,1521,810,0,60,206,106,0,0,1,0,1,0,0
0,1,1330,342,464,425,99,53,63,50,13,0,1,0,1,0,0
0,1,3477,799,1855,537,286,115,263,67,44,0,1,0,1,1,0
0,0,2365,558,971,6,830,84,143,1,109,1,1,0,1,0,0
0,0,6009,532,4088,1213,176,92,569,157,22,0,1,0,1,1,0
0,7,1354,1000,354,0,0,155,57,0,0,0,1,0,1,0,0
1,7,667,0,424,243,0,0,59,32,0,0,0,0,0,0,0
0,0,1866,520,749,387,210,73,101,42,29,0,1,0,1,0,0
0,1,1696,829,779,71,17,131,107,10,2,0,1,0,1,1,0
0,2,583,53,381,130,19,10,33,18,3,0,1,0,1,1,0
0,5,3126,816,1146,626,538,129,180,96,87,0,1,0,1,1,0
0,1,2710,1286,880,346,198,153,137,48,27,1,1,0,1,0,0
0,1,2368,432,1748,188,0,68,249,28,0,1,1,0,1,0,0
0,5,2600,321,1420,608,251,45,177,87,30,0,1,0,1,1,0
0,0,1950,708,933,200,109,96,127,27,15,0,1,0,1,1,0
0,7,2146,355,1791,0,0,58,302,0,0,0,1,0,1,1,0
0,7,733,384,349,0,0,70,62,0,0,0,1,0,1,0,0
0,0,3317,726,1014,680,897,83,140,88,116,0,1,0,1,0,0
0,1,2365,148,1106,467,644,25,184,71,96,0,1,0,1,1,0
0,7,2853,454,2399,0,0,68,351,0,0,0,1,0,1,0,0
0,1,2178,437,953,788,0,71,155,86,0,1,1,0,1,0,0
0,0,2528,520,836,701,471,82,122,95,64,0,1,0,1,1,0
0,4,1859,0,1859,0,0,0,267,0,0,0,0,0,1,0,0
0,1,2624,1404,963,214,43,224,146,28,7,0,1,0,1,0,0
0,0,4319,439,1385,2184,311,71,223,339,51,1,1,0,1,0,0
0,7,3672,601,3071,0,0,91,407,0,0,0,1,0,1,0,0
0,2,1277,70,1207,0,0,1,163,0,0,0,1,0,1,0,0
0,4,1137,695,442,0,0,106,66,0,0,0,1,0,1,0,0
0,1,3183,627,1068,1198,290,89,166,151,39,0,1,0,1,1,0
0,4,3104,746,1732,257,369,127,250,38,48,0,1,0,1,1,0
0,1,5995,1708,2093,1161,1033,290,337,163,190,0,1,0,1,1,0
0,0,3747,726,1141,986,894,83,160,118,114,0,1,0,1,0,0
0,0,2575,431,1911,211,22,50,320,35,4,1,1,0,1,1,0
0,1,1579,134,790,360,295,20,117,49,44,0,1,0,1,1,0
0,1,2146,536,1081,529,0,73,167,55,0,0,1,0,1,1,0
0,2,583,53,381,130,19,10,33,18,3,0,1,0,1,1,0
0,6,1158,228,930,0,0,32,128,0,0,0,1,0,0,0,0
0,7,473,0,184,289,0,0,26,42,0,0,0,0,0,1,0
0,2,984,0,649,335,0,0,108,57,0,0,0,0,1,1,0
0,0,3056,1565,1168,124,199,256,182,13,32,1,1,0,1,1,0
0,2,583,53,381,130,19,10,33,18,3,0,1,0,1,1,0
0,0,2520,148,1365,538,469,25,222,81,67,0,1,0,1,1,0
0,0,4527,813,1298,1120,1296,113,188,171,194,1,1,0,1,1,0
0,4,5318,1679,1490,2149,0,230,218,260,0,1,1,0,1,0,0
0,2,1962,0,828,1040,94,0,123,141,11,0,0,0,1,1,0
0,0,2579,255,926,1096,302,35,122,165,36,1,1,0,1,1,0
0,1,3238,396,1868,738,236,62,299,102,37,0,1,0,1,1,0
0,1,8763,2419,1061,5283,0,377,157,686,0,1,1,0,1,1,0
0,0,3253,726,919,720,888,83,129,90,115,0,1,0,1,0,0
0,5,2022,0,2022,0,0,0,301,0,0,0,0,0,0,0,0
0,3,5899,470,5429,0,0,59,757,0,0,0,1,0,1,0,0
0,0,3074,746,1505,484,339,127,234,75,47,0,1,0,1,1,0
0,0,3032,726,831,578,897,83,127,82,117,0,1,0,1,0,0
0,1,2536,606,1061,517,352,86,149,69,42,0,1,0,1,1,0
0,0,2662,636,1133,727,166,95,168,103,22,1,1,0,1,1,0
0,6,2625,0,2625,0,0,0,384,0,0,0,0,0,1,1,0
0,0,3098,726,1032,457,883,83,152,62,114,0,1,0,1,0,0
0,0,4504,813,825,1457,1409,113,115,219,213,0,1,0,1,1,0
0,1,808,236,336,219,17,35,50,38,2,0,1,0,1,0,0
0,0,3523,1043,1262,627,591,175,206,92,82,1,1,0,1,1,0
0,2,2695,352,1026,1317,0,52,143,155,0,0,1,0,1,1,0
0,6,3933,228,1699,2006,0,32,222,261,0,0,1,0,0,0,0
0,5,2277,228,2049,0,0,32,264,0,0,0,1,0,0,0,0
0,2,2480,651,937,649,243,107,149,92,35,0,1,0,1,1,0
0,2,3236,769,1573,0,894,112,215,0,132,0,1,0,1,0,0
0,1,5911,1251,1671,838,2151,201,260,115,307,1,1,0,1,0,0
0,6,361,0,361,0,0,0,41,0,0,0,0,0,0,0,0
0,0,5062,1052,2131,1089,790,162,321,140,116,0,1,0,1,0,0
0,5,2569,214,2145,184,26,33,116,30,3,0,1,0,0,1,0
0,5,1638,634,349,500,155,100,57,68,25,0,1,0,1,0,0
0,5,5564,1576,174,3814,0,243,28,523,0,0,1,0,1,1,0
0,2,4423,1808,2615,0,0,264,330,0,0,0,1,0,1,1,0
0,3,2610,879,1305,426,0,141,170,53,0,0,1,0,1,1,0
0,6,3845,1913,611,1321,0,293,89,173,0,0,1,0,1,1,0
0,5,1849,829,1020,0,0,131,142,0,0,0,1,0,1,0,0
0,4,1311,89,326,395,501,13,49,58,76,0,1,0,1,0,0
0,3,2739,638,1356,745,0,87,178,86,0,0,1,0,1,0,0
0,3,2573,610,834,618,511,87,126,84,82,0,1,0,1,1,0
0,4,2639,1126,637,876,0,172,92,124,0,0,1,1,1,1,0
0,2,3485,1025,1469,235,756,148,174,28,98,0,1,0,1,0,0
0,4,3262,228,1608,1426,0,32,206,184,0,0,1,0,0,0,0
0,2,1127,464,287,376,0,71,32,55,0,0,1,0,1,0,0
0,2,377,0,190,187,0,0,29,26,0,0,0,0,0,0,0
0,1,2540,807,251,1482,0,112,34,172,0,0,1,0,1,0,0
0,1,730,228,123,379,0,32,19,38,0,0,1,0,0,0,0
0,2,2812,570,1551,691,0,77,243,98,0,0,1,0,1,1,0
0,8,3250,0,3250,0,0,0,442,0,0,0,0,0,0,0,0
0,2,1748,0,600,1058,90,0,98,146,10,0,0,0,1,0,0
0,2,1897,1050,386,461,0,155,51,55,0,0,1,0,1,1,0
0,6,1449,0,1449,0,0,0,191,0,0,1,0,0,0,0,0
0,3,1888,587,1301,0,0,96,182,0,0,0,1,0,1,1,0
0,6,2379,703,772,904,0,94,125,136,0,0,1,1,1,1,0
0,4,1593,324,588,213,468,47,92,24,71,0,1,0,1,0,0
0,0,3211,730,1893,398,190,116,318,67,23,0,1,0,1,1,0
0,3,2538,397,2141,0,0,55,294,0,0,0,1,0,1,0,0
0,2,586,53,384,130,19,10,34,18,3,0,1,0,1,1,0
0,1,2777,1185,117,1475,0,178,16,196,0,0,1,0,1,0,0
0,0,2063,832,319,825,87,132,55,143,9,1,1,0,0,0,0
0,0,3219,726,794,802,897,83,120,104,117,0,1,0,1,0,0
0,7,1172,0,288,884,0,0,42,129,0,0,0,0,1,0,0
0,2,3508,1441,1626,441,0,220,229,60,0,0,1,0,1,1,0
0,2,1489,0,989,500,0,0,117,59,0,1,0,0,0,0,0
0,2,4516,1419,2821,276,0,206,376,38,0,1,1,0,1,0,0
0,1,2652,638,595,1249,170,107,89,182,20,0,1,0,1,0,0
0,3,2958,554,1706,698,0,73,267,109,0,0,1,0,1,1,0
0,2,3586,755,2831,0,0,118,425,0,0,1,1,0,1,0,0
0,2,2758,911,1847,0,0,128,270,0,0,0,1,0,1,1,0
0,0,3956,730,1397,526,1303,116,220,75,204,0,1,0,1,1,0
1,2,2222,615,799,720,88,83,110,89,14,0,1,0,1,0,0
0,0,2755,947,748,352,708,144,103,46,87,0,1,0,1,0,0
0,1,2105,228,883,994,0,32,120,126,0,0,1,0,0,0,0
0,8,339,0,339,0,0,0,51,0,0,0,0,0,0,0,0
0,4,2685,134,1409,563,579,20,217,81,78,0,1,0,1,1,0
0,5,1145,228,917,0,0,32,123,0,0,0,1,0,0,0,0
0,0,3816,348,415,2926,127,53,54,379,17,0,1,0,1,1,0
0,1,3499,1868,907,628,96,283,122,77,14,0,1,0,1,1,0
0,7,1535,829,706,0,0,131,98,0,0,0,1,0,1,0,0
0,1,3304,439,2025,840,0,78,289,131,0,1,1,0,1,0,0
0,7,1679,866,813,0,0,123,119,0,0,0,1,0,1,0,0
0,2,1328,0,1144,184,0,0,163,37,0,1,0,0,0,0,0
0,6,840,433,407,0,0,48,63,0,0,0,1,0,1,1,0
0,7,1525,829,696,0,0,131,96,0,0,0,1,0,1,0,0
0,5,873,228,645,0,0,32,104,0,0,0,1,0,0,0,0
0,1,8681,2419,1590,4672,0,377,238,638,0,1,1,0,1,0,0
0,0,5214,1230,1968,927,1089,181,298,111,164,1,1,0,1,1,0
0,1,852,63,347,442,0,11,62,62,0,0,1,0,1,0,0
0,0,3595,2559,333,662,41,424,56,94,4,0,1,0,1,0,0
1,3,2362,775,567,854,166,98,83,110,22,0,1,0,1,0,0
0,1,522,53,314,136,19,10,23,18,3,0,1,0,1,1,0
0,7,3981,684,3297,0,0,108,408,0,0,0,1,0,1,0,0
0,3,861,0,585,160,116,0,95,24,25,1,0,0,0,0,0
0,5,2538,228,2310,0,0,32,286,0,0,0,1,0,0,0,0
0,3,390,0,390,0,0,0,52,0,0,1,0,0,0,0,0
0,3,558,0,558,0,0,0,82,0,0,1,0,1,0,0,0
0,3,144,0,92,35,17,0,18,6,3,0,0,0,0,1,0
0,0,2766,746,1549,293,178,127,230,48,25,0,1,0,1,1,0
0,1,1994,0,1881,72,41,0,297,10,5,1,0,0,0,0,0
0,2,2718,0,2394,324,0,0,314,45,0,0,0,0,0,0,0
0,0,6725,1402,2789,2297,237,182,352,281,41,0,1,0,1,0,0
0,1,2511,1016,1259,236,0,130,175,24,0,0,1,0,1,1,1
0,6,448,0,421,27,0,0,59,4,0,0,0,0,0,0,1
0,3,1834,0,1541,146,147,0,213,18,24,0,0,0,0,1,1
0,2,3304,1419,1137,616,132,206,198,109,22,0,1,0,1,1,0
0,1,2267,0,1566,444,257,0,228,47,37,1,0,0,0,1,0
0,0,1817,204,1269,170,174,37,213,23,36,0,1,0,1,1,0
0,8,3668,0,3668,0,0,0,556,0,0,0,0,0,0,0,0
0,0,7306,2676,3382,1043,205,392,208,81,30,0,1,1,1,1,0
0,5,3007,0,3007,0,0,0,510,0,0,0,0,0,1,0,0
0,6,3211,0,2856,352,3,0,414,46,1,0,0,0,0,1,0
0,8,2601,0,2601,0,0,0,332,0,0,0,0,0,1,1,0
0,0,2598,818,923,622,235,117,137,108,39,0,1,0,1,0,0
0,0,2793,351,1149,1049,244,48,155,145,39,0,1,0,1,1,0
0,3,4461,716,2293,1452,0,104,331,181,0,0,1,0,1,1,0
0,2,3413,1247,1688,478,0,192,248,72,0,0,1,0,1,0,0
1,0,3214,2648,442,93,31,401,70,16,4,1,1,0,1,0,0
0,2,3381,1247,1688,446,0,192,248,68,0,0,1,0,1,0,0
0,0,4884,566,2124,1216,978,80,284,169,157,0,1,0,1,0,0
0,1,645,53,456,117,19,10,50,15,3,0,1,0,1,1,0
0,1,3374,812,702,1795,65,131,113,239,6,0,1,0,1,0,0
0,3,7688,2438,92,5109,49,328,12,721,8,0,1,0,1,0,0
0,5,2737,72,685,1676,304,11,111,238,54,0,1,0,1,1,0
0,5,5757,1057,867,1866,1967,125,134,235,275,0,1,0,1,1,0
0,5,654,353,79,51,171,64,12,5,32,0,1,0,1,1,0
0,0,4243,1628,2526,32,57,207,378,6,9,0,1,0,1,0,0
0,5,6982,476,4266,2030,210,74,578,272,32,0,1,0,1,1,0
0,8,510,0,510,0,0,0,61,0,0,0,0,0,0,0,0
0,1,1711,0,1274,313,124,0,195,44,14,0,0,0,1,0,0
0,1,2871,684,1195,992,0,86,158,127,0,0,1,0,1,0,0
0,0,2391,1085,931,355,20,163,117,51,2,0,1,0,1,0,0
0,8,4821,0,4821,0,0,0,719,0,0,0,0,0,0,1,0
0,7,3325,0,3220,105,0,0,449,11,0,0,0,0,0,0,0
1,7,4100,3899,201,0,0,562,34,0,0,0,1,0,1,1,0
0,8,3313,0,3313,0,0,0,448,0,0,0,0,0,0,0,0
0,0,7738,1466,3461,2635,176,222,423,368,13,1,1,0,1,0,0
0,8,2885,0,2885,0,0,0,393,0,0,0,0,0,0,1,0
0,8,3735,0,3735,0,0,0,513,0,0,0,0,0,0,0,0
0,3,475,0,253,80,142,0,46,9,15,0,0,0,0,0,0
0,0,515,33,226,149,107,6,32,18,14,0,1,0,1,1,0
0,5,5020,699,993,3328,0,104,138,428,0,0,1,1,1,0,0
0,4,5121,699,1528,1618,1276,104,216,241,197,0,1,0,1,0,0
0,1,2614,0,1031,1519,64,0,136,187,9,0,0,0,0,0,0
0,7,241,0,162,79,0,0,29,11,0,0,0,0,0,0,0
0,1,3242,812,785,1598,47,131,129,218,5,0,1,1,1,0,0
0,0,5059,1510,1511,1916,122,260,213,268,19,0,1,0,1,0,0
0,1,2714,684,1353,677,0,86,169,86,0,0,1,0,1,0,0
0,0,1166,729,101,150,186,109,18,16,23,0,1,0,1,1,0
0,1,3168,684,1274,1210,0,86,157,169,0,0,1,0,1,0,0
0,8,206,0,206,0,0,0,21,0,0,0,0,0,1,0,0
0,0,3171,521,790,1710,150,64,111,217,23,1,1,0,0,1,0
0,0,5040,850,2105,849,1236,146,294,126,207,0,1,0,1,0,0
0,8,381,0,381,0,0,0,33,0,0,0,0,0,0,0,0
1,2,2587,0,2474,0,113,0,284,0,11,1,0,0,0,0,0
0,0,606,33,234,185,154,6,37,25,23,1,1,0,1,1,0
0,6,5597,1419,3552,626,0,206,497,76,0,0,1,0,1,0,0
0,3,3265,183,429,2653,0,37,66,395,0,0,1,0,1,0,0
0,6,1777,0,508,953,316,0,71,131,47,0,0,0,0,1,0
0,6,332,0,71,227,34,0,12,35,6,0,0,0,0,1,0
0,1,1376,0,1331,29,16,0,168,5,2,0,0,0,0,0,0
0,2,712,115,571,26,0,15,87,3,0,0,1,0,1,0,0
0,0,2237,748,832,567,90,116,113,71,15,0,1,0,1,1,0
0,2,1331,197,730,404,0,31,106,44,0,0,1,0,1,0,0
0,5,3277,310,1321,1170,476,53,209,168,73,0,1,0,1,1,0
0,3,538,0,514,24,0,0,53,4,0,1,0,0,0,0,0
0,1,2938,684,1543,711,0,86,203,103,0,0,1,0,1,0,0
0,2,583,53,381,130,19,10,33,18,3,0,1,0,1,1,0
0,2,3825,66,3170,589,0,9,474,67,0,0,1,0,0,1,0
0,7,6580,2206,4374,0,0,350,696,0,0,0,1,0,1,0,0
0,6,4291,2130,1941,220,0,331,321,20,0,0,1,0,1,1,0
0,6,739,175,494,0,70,29,77,0,4,0,1,0,1,1,0
0,4,2034,0,1698,261,75,0,223,35,9,0,0,0,0,0,0
0,5,4256,1091,1465,725,975,175,232,112,150,0,1,0,1,1,0
0,1,8617,2676,3268,1338,1335,392,171,46,54,0,1,0,1,0,0
0,3,596,0,596,0,0,0,81,0,0,0,0,0,1,1,0
0,3,3325,1481,1066,778,0,264,174,94,0,0,1,0,1,0,0
0,0,2741,1083,803,524,331,147,102,65,48,0,1,0,0,0,0
0,3,4560,426,3375,528,231,62,550,70,40,0,1,0,1,1,0
0,1,1387,0,543,803,41,0,72,115,6,1,0,0,1,0,0
0,2,1581,0,855,275,451,0,122,34,61,0,0,0,1,0,0
0,7,1534,829,705,0,0,131,98,0,0,0,1,0,1,0,0
0,1,1513,784,284,445,0,107,47,54,0,0,1,0,1,1,0
0,1,1828,692,954,182,0,115,128,23,0,0,1,0,1,0,0
0,5,1961,517,1391,0,53,75,222,0,7,0,1,0,0,0,0
0,6,1925,1247,448,230,0,192,68,34,0,0,1,0,1,0,0
0,8,64,0,64,0,0,0,10,0,0,0,0,0,0,0,0
0,2,3144,558,1231,171,1184,84,180,23,167,1,1,0,1,0,0
0,1,2046,219,1604,223,0,36,250,33,0,0,1,0,1,1,0
0,5,1879,462,334,995,88,66,52,114,8,0,1,0,1,1,0
0,6,3633,781,2178,674,0,109,328,91,0,0,1,0,1,0,0
0,3,3402,0,3402,0,0,0,443,0,0,0,0,0,0,0,0
0,1,2635,812,564,1209,50,131,106,143,7,0,1,0,1,1,0
0,7,760,0,744,16,0,0,119,2,0,0,0,0,0,0,0
0,0,3642,825,1928,442,447,147,301,53,68,1,1,0,1,1,0
0,3,2175,0,2041,134,0,0,330,15,0,0,0,0,1,1,0
0,3,5028,1014,3645,369,0,167,502,44,0,0,1,0,1,1,0
0,6,926,0,625,214,87,0,94,37,12,0,0,0,0,1,0
0,3,2493,0,2493,0,0,0,362,0,0,0,0,1,0,0,1
0,5,5694,1251,1222,1234,1987,201,189,170,283,0,1,0,1,0,0
0,0,2636,397,1208,770,261,70,183,108,41,1,1,0,1,0,0
0,2,2959,0,879,1447,633,0,132,200,100,0,0,0,0,0,0
0,0,405,53,175,158,19,10,25,21,3,0,1,0,1,1,0
0,3,617,0,274,343,0,0,44,55,0,0,0,0,0,1,0
0,2,583,53,381,130,19,10,33,18,3,0,1,0,1,1,0
0,7,518,0,447,71,0,0,47,10,0,0,0,0,0,1,0
0,3,5639,879,3404,1356,0,141,437,170,0,0,1,0,1,1,0
0,2,583,53,381,130,19,10,33,18,3,0,1,0,1,1,0
0,1,3243,684,1853,706,0,86,242,96,0,0,1,0,1,0,0
0,2,3399,1247,1688,464,0,192,248,70,0,0,1,0,1,0,0
0,0,465,53,235,158,19,10,37,21,3,0,1,0,1,1,0
0,8,3630,0,3630,0,0,0,452,0,0,0,0,0,0,0,0
0,4,4078,710,3368,0,0,98,427,0,0,0,1,0,1,0,0
0,2,1367,0,845,522,0,0,126,71,0,0,0,0,1,0,0
0,4,3934,996,2566,224,148,158,405,32,21,0,1,0,1,0,0
0,0,3066,1419,1137,378,132,206,198,64,22,0,1,0,1,1,0
0,3,2741,134,1181,732,694,20,172,103,104,0,1,0,1,1,0
1,6,1718,0,728,886,104,0,119,118,16,0,0,0,0,0,0
0,6,499,0,279,168,52,0,37,26,10,0,0,1,0,1,0
0,0,9752,1508,3204,4931,109,239,468,625,11,1,1,0,1,1,0
0,7,3785,0,3785,0,0,0,584,0,0,0,0,0,0,0,0
0,2,4805,470,4335,0,0,59,550,0,0,0,1,0,1,0,0
0,6,2828,0,2156,496,176,0,335,82,22,0,0,0,0,0,0
0,1,4232,692,3445,95,0,115,490,9,0,0,1,0,1,0,0
0,4,4719,1208,2543,721,247,155,367,98,32,0,1,0,1,1,0
0,4,1988,0,1346,450,192,0,198,74,30,0,0,0,0,0,0
0,0,562,53,332,158,19,10,27,21,3,0,1,0,1,1,0
0,4,2108,0,2108,0,0,0,262,0,0,0,0,0,0,0,0
0,1,2578,788,1082,479,229,89,180,59,34,0,1,0,1,1,0
0,1,7387,638,5362,1317,70,88,564,161,1,1,1,0,1,1,0
0,1,385,0,146,55,184,0,24,11,28,1,0,0,0,0,1
1,2,628,113,124,318,73,20,22,51,13,0,1,0,1,1,0
0,6,336,233,103,0,0,33,15,0,0,0,1,0,1,0,0
0,2,7385,470,6915,0,0,59,851,0,0,0,1,0,1,1,0
0,7,2656,56,2600,0,0,7,338,0,0,0,1,0,1,0,0
0,5,3322,0,2321,1001,0,0,345,135,0,0,0,0,0,0,1
0,1,2956,0,1547,797,612,0,235,128,92,0,0,0,1,1,0
0,0,465,53,235,158,19,10,37,21,3,0,1,0,1,1,0
0,2,3370,1247,1687,436,0,192,248,66,0,0,1,0,1,0,0
1,7,2068,119,1949,0,0,16,304,0,0,0,1,0,1,0,0
0,0,1729,105,1247,185,192,14,149,18,34,0,1,0,1,0,0
0,0,1556,829,666,44,17,131,103,6,2,0,1,0,1,1,0
0,4,3051,1685,574,374,418,263,74,46,52,0,1,0,0,1,0
0,2,3159,384,2775,0,0,70,420,0,0,0,1,0,1,1,0
0,7,3439,188,3251,0,0,25,437,0,0,0,1,0,1,0,0
0,0,1414,778,196,196,244,115,31,31,39,0,1,0,1,0,0
0,5,3927,516,3411,0,0,76,455,0,0,0,1,0,1,0,0
0,0,3891,532,1779,1548,32,92,240,197,5,0,1,0,1,1,0
0,2,2587,0,2474,0,113,0,284,0,11,1,0,0,0,0,0
0,2,2587,0,2474,0,113,0,284,0,11,1,0,0,0,0,0
0,0,472,53,242,158,19,10,37,21,3,0,1,0,1,1,0
0,2,1608,587,1021,0,0,96,143,0,0,0,1,0,1,0,0
0,2,2587,0,2474,0,113,0,284,0,11,1,0,0,0,0,0
0,1,2019,1564,342,113,0,182,52,18,0,1,1,0,1,1,0
0,5,1926,228,1698,0,0,32,207,0,0,0,1,0,0,0,0
0,0,2916,599,1570,651,96,93,208,90,15,0,1,0,1,0,0
0,6,680,0,439,161,80,0,62,25,13,0,0,0,0,0,1
0,0,3756,1042,1222,796,696,178,184,98,111,0,1,0,1,1,0
0,0,2207,643,912,497,155,99,157,80,20,0,1,0,1,1,0
0,0,474,53,244,158,19,10,35,21,3,0,1,0,1,1,0
0,5,2668,503,976,1051,138,78,162,173,19,0,1,0,0,0,0
0,0,4142,825,1348,697,1272,147,215,105,219,1,1,0,1,1,0
0,2,1320,829,467,24,0,131,66,3,0,0,1,0,1,1,0
0,7,1447,433,1014,0,0,48,172,0,0,0,1,1,1,1,0
0,0,1473,829,558,70,16,131,87,10,2,0,1,0,1,1,0
0,4,2900,0,1979,921,0,0,270,121,0,0,0,0,0,0,1
0,2,770,0,342,428,0,0,56,66,0,1,0,0,0,0,0
0,2,583,53,381,130,19,10,33,18,3,0,1,0,1,1,0
0,1,3387,229,1987,719,452,33,306,96,70,0,1,0,1,1,0
1,1,6934,1252,2576,2990,116,198,378,386,18,0,1,0,1,1,0
0,2,583,53,381,130,19,10,33,18,3,0,1,0,1,1,0
0,0,2325,878,797,450,200,134,113,68,27,0,1,0,1,1,0
0,2,583,53,381,130,19,10,33,18,3,0,1,0,1,1,0
0,8,5834,0,5834,0,0,0,885,0,0,0,0,0,0,0,0
0,2,583,53,381,130,19,10,33,18,3,0,1,0,1,1,0
0,2,2534,0,930,963,641,0,119,129,104,0,0,0,0,1,0
0,4,3139,508,1196,1245,190,65,181,182,29,0,1,0,1,0,0
0,2,583,53,381,130,19,10,33,18,3,0,1,0,1,1,0
0,1,1788,0,562,1155,71,0,79,161,9,0,0,0,0,1,0
1,3,6405,335,6070,0,0,66,1151,0,0,0,1,0,0,0,0
0,3,3335,1014,1723,598,0,167,245,76,0,0,1,0,1,1,0
0,0,3595,1099,960,1114,422,147,124,153,60,0,1,0,1,1,1
0,6,2830,228,2602,0,0,32,347,0,0,0,1,0,0,0,0
0,0,3962,392,2173,1246,151,68,349,209,19,0,1,0,1,1,0
0,1,753,236,486,31,0,35,64,4,0,0,1,0,1,1,0
0,7,1832,433,1399,0,0,48,213,0,0,0,1,1,1,1,0
0,1,781,0,419,282,80,0,56,40,11,1,0,0,0,0,0
0,8,7438,0,7438,0,0,0,1113,0,0,0,0,0,0,0,0
0,3,4359,467,2453,1439,0,73,345,184,0,0,1,0,1,1,0
0,1,3327,684,1653,990,0,86,216,110,0,0,1,0,1,0,0
0,1,3979,684,1967,1328,0,86,270,166,0,0,1,0,1,0,0
0,1,3175,0,1044,1309,822,0,161,151,127,0,0,0,1,0,0
0,1,2555,684,1179,692,0,86,150,81,0,0,1,0,1,0,0
0,5,1771,405,942,424,0,53,136,59,0,0,1,0,1,0,0
0,0,4663,571,2385,925,782,87,350,112,128,0,1,0,1,0,0
0,0,4453,351,3020,897,185,48,448,109,20,0,1,0,1,1,0
0,5,3231,463,1081,1687,0,77,180,250,0,0,1,0,1,0,0
0,0,5454,615,2296,899,1644,97,397,157,295,1,1,0,1,0,0
0,5,2293,0,388,1905,0,0,70,319,0,1,0,0,0,1,0
1,1,3111,116,1220,1653,122,20,189,248,12,0,1,0,1,1,0
0,2,2564,0,2278,0,286,0,362,0,43,0,0,0,0,0,0
0,1,2637,684,1261,692,0,86,161,97,0,0,1,0,1,0,0
0,8,10124,0,10124,0,0,0,285,0,0,0,0,0,0,0,0
0,1,4339,684,2262,1393,0,86,319,175,0,0,1,0,1,0,0
0,5,366,0,366,0,0,0,53,0,0,0,0,0,1,0,0
0,4,7137,228,3221,3688,0,32,401,461,0,0,1,0,0,0,0
0,2,5358,970,2039,1824,525,134,276,224,70,0,1,0,1,1,0
0,0,2764,1043,1161,447,113,175,188,70,13,1,1,0,1,1,0
0,1,7168,1057,801,3411,1899,125,122,433,276,0,1,0,1,1,0
0,0,9163,2419,3477,3256,11,377,479,421,1,1,1,0,1,1,0
0,3,3949,384,3565,0,0,70,460,0,0,0,1,0,1,1,0
0,3,2535,332,1176,892,135,50,162,106,21,0,1,0,1,1,0
0,7,1534,829,705,0,0,131,98,0,0,0,1,0,1,0,0
0,2,2967,869,208,1373,517,134,35,197,69,1,1,0,1,0,0
1,0,2195,333,802,878,182,48,110,108,20,1,1,0,1,0,0
1,2,4328,0,3895,433,0,0,522,48,0,0,0,0,0,0,0
0,2,3269,384,2885,0,0,70,435,0,0,0,1,0,1,1,0
0,1,2366,432,1746,188,0,68,249,28,0,1,1,0,1,0,0
0,0,2941,1126,1178,471,166,163,163,50,22,0,1,0,1,1,0
0,4,3425,671,1715,1039,0,108,231,169,0,0,1,0,1,1,0
0,7,1626,866,760,0,0,123,118,0,0,0,1,0,1,0,0
0,1,5016,1817,1229,881,1089,308,188,108,191,0,1,0,1,1,0
0,1,3535,1043,1260,627,605,175,205,92,83,1,1,0,1,1,0
0,1,2709,1099,1170,440,0,147,158,49,0,0,1,0,1,1,1
0,0,10624,2690,1749,3217,2968,413,248,445,427,1,1,0,1,1,0
0,0,3503,447,1755,1116,185,78,279,156,25,1,1,0,1,1,0
0,1,2909,422,1263,1101,123,68,182,133,14,0,1,0,1,0,0
0,2,2648,1230,985,433,0,184,144,54,0,1,1,0,1,0,0
0,7,209,0,209,0,0,0,19,0,0,0,0,0,0,0,0
0,7,1534,829,705,0,0,131,98,0,0,0,1,0,1,0,0
0,1,3675,693,1491,1491,0,102,189,189,0,1,1,0,0,0,0
0,0,4311,145,2693,1387,86,22,357,184,11,0,1,0,1,1,0
0,8,3010,0,3010,0,0,0,357,0,0,0,0,0,0,0,0
0,2,3472,1349,1628,495,0,206,233,63,0,0,1,0,1,1,0
0,5,3094,0,483,2611,0,0,58,321,0,0,0,0,1,0,0
0,1,895,303,369,223,0,47,60,32,0,0,1,0,1,1,0
1,0,3032,1050,1341,398,243,155,188,55,30,0,1,0,1,1,0
0,8,6661,0,6661,0,0,0,981,0,0,0,0,0,0,0,0
0,0,3772,708,1058,874,1132,114,150,118,167,0,1,0,1,1,0
0,1,4215,0,2055,2055,105,0,303,303,14,1,0,0,0,0,0
0,7,7524,0,7475,49,0,0,1101,8,0,0,0,0,0,0,0
0,6,182,0,182,0,0,0,25,0,0,0,0,0,0,0,0
0,4,2033,228,497,1308,0,32,67,173,0,0,1,0,0,0,0
0,5,3297,310,1432,1121,434,53,226,157,66,0,1,0,1,0,0
0,1,1790,0,1279,119,392,0,216,15,52,1,0,1,0,1,0
0,7,1534,829,705,0,0,131,98,0,0,0,1,0,1,0,0
0,2,2527,0,1294,1233,0,0,179,153,0,0,0,0,0,0,0
0,0,3132,330,1824,693,285,51,262,91,38,0,1,0,1,1,0
0,1,1487,829,576,65,17,131,90,9,2,0,1,0,1,1,0
0,5,2286,228,2058,0,0,32,266,0,0,0,1,0,0,0,0
0,6,2828,228,2600,0,0,32,346,0,0,0,1,0,0,0,0
0,4,201,0,76,125,0,0,9,22,0,0,0,0,0,0,0
1,1,6934,1252,2576,2990,116,198,378,386,18,0,1,0,1,1,0
0,2,4122,1630,2238,195,59,208,289,27,12,0,1,0,1,1,0
0,5,2073,228,1845,0,0,32,246,0,0,0,1,0,0,0,0
0,7,3367,0,3367,0,0,0,507,0,0,0,0,0,0,1,0
0,1,2502,142,1788,572,0,22,271,78,0,1,1,0,1,0,0
0,8,730,0,730,0,0,0,121,0,0,0,0,0,0,0,0
0,7,1486,659,827,0,0,103,127,0,0,0,1,0,1,1,0
0,7,1538,829,709,0,0,131,98,0,0,0,1,0,1,0,0
0,0,2776,1137,1239,180,220,191,206,25,32,1,1,0,1,0,0
0,2,3030,0,327,2703,0,0,53,339,0,0,0,0,1,1,0
0,3,3073,755,2318,0,0,118,306,0,0,0,1,0,1,0,0
0,1,2929,1344,1239,309,37,222,196,50,5,0,1,0,1,0,0
0,3,294,0,242,52,0,0,38,9,0,0,0,0,1,0,0
1,1,5188,1252,2027,1642,267,198,309,198,37,0,1,0,1,1,0
0,6,1455,463,757,235,0,67,100,38,0,0,1,0,1,0,0
0,5,3747,228,2077,1442,0,32,235,182,0,0,1,0,0,0,0
0,5,1638,228,1410,0,0,32,195,0,0,0,1,0,0,0,0
0,1,2034,527,1165,144,198,59,171,21,34,0,1,0,1,1,0
0,1,6431,0,4329,1574,528,0,462,177,85,0,0,0,0,0,0
0,6,3513,601,2912,0,0,91,439,0,0,0,1,0,1,0,0
0,8,15,0,15,0,0,0,3,0,0,0,0,1,0,0,1
0,2,1423,486,572,258,107,77,73,32,10,0,1,0,1,0,0
0,7,1555,866,689,0,0,123,110,0,0,0,1,0,1,0,0
0,0,4167,1042,1529,900,696,178,224,139,111,0,1,0,1,1,0
0,5,2285,228,2057,0,0,32,266,0,0,0,1,0,0,0,0
0,2,4707,879,2757,1071,0,141,324,149,0,0,1,0,1,1,0
0,3,2151,0,2151,0,0,0,317,0,0,0,0,0,1,1,0
0,5,961,544,365,52,0,87,61,6,0,1,1,0,1,0,0
0,3,3925,580,2388,957,0,93,342,124,0,0,1,0,1,0,0
0,1,4301,1344,2392,565,0,222,385,54,0,1,1,0,1,0,0
1,5,3801,138,1883,943,837,22,311,135,142,0,1,0,1,1,0
0,5,2776,310,954,1006,506,53,147,136,85,0,1,0,1,0,0
0,0,4281,145,2533,1500,103,22,337,200,12,0,1,0,1,1,0
0,2,583,53,381,130,19,10,33,18,3,0,1,0,1,1,0
0,5,656,356,300,0,0,48,46,0,0,0,1,0,1,0,0
0,2,583,53,381,130,19,10,33,18,3,0,1,0,1,1,0
0,5,2331,228,2103,0,0,32,239,0,0,0,1,0,0,0,0
0,3,2047,263,1320,391,73,38,194,49,12,0,1,0,1,0,0
0,6,7364,252,2252,4860,0,41,320,599,0,0,1,0,1,0,0
0,0,3558,1460,1614,221,263,199,233,30,44,0,1,0,1,1,0
0,4,3029,115,2914,0,0,18,437,0,0,1,1,0,1,1,0
0,4,2553,560,1163,830,0,98,175,106,0,0,1,0,1,0,0
0,7,239,0,239,0,0,0,34,0,0,0,0,0,0,0,0
0,5,938,228,710,0,0,32,103,0,0,0,1,1,0,0,0
0,1,1792,588,661,337,206,96,91,57,24,0,1,0,1,0,0
0,1,5601,1515,1889,2197,0,215,241,300,0,0,1,0,1,0,0
0,6,703,0,325,366,12,0,45,56,3,0,0,0,0,1,0
0,1,1078,651,117,80,230,100,13,13,30,0,1,0,1,1,0
0,1,2373,700,1134,539,0,103,151,63,0,0,1,0,1,0,0
0,1,1972,1226,521,225,0,164,76,25,0,0,1,0,1,0,0
0,0,3635,1181,1415,216,823,156,180,25,89,0,1,0,1,0,0
0,0,3011,267,1858,706,180,41,279,97,22,1,1,0,1,1,0
0,1,3428,746,1737,580,365,127,251,91,53,0,1,0,1,1,0
0,1,2116,552,841,723,0,71,114,102,0,0,1,0,1,1,0
0,0,3118,410,2260,221,227,67,316,25,33,0,1,0,1,0,0
0,5,2539,228,2311,0,0,32,287,0,0,0,1,0,0,0,0
0,6,1227,228,999,0,0,32,145,0,0,0,1,0,0,0,0
0,1,4753,1708,1386,564,1095,290,236,73,200,0,1,0,1,1,0
0,1,1422,0,938,374,110,0,122,50,12,1,0,0,0,0,0
0,2,841,0,697,144,0,0,93,28,0,1,0,0,0,0,0
0,2,2205,200,1921,84,0,30,288,14,0,0,1,0,1,0,0
0,2,1668,0,767,579,322,0,115,84,41,0,0,0,1,0,0
0,1,747,0,99,633,15,0,17,79,3,0,0,0,1,0,0
1,0,3229,1050,1172,938,69,155,187,134,8,0,1,0,1,1,0
0,1,3055,888,1218,949,0,136,137,119,0,0,1,0,1,0,0
1,1,1204,303,610,291,0,47,94,40,0,0,1,0,1,1,0
0,3,2194,708,523,477,486,112,66,66,85,0,1,0,1,0,0
0,6,1228,228,1000,0,0,32,146,0,0,0,1,0,0,0,0
1,4,1927,310,1617,0,0,50,237,0,0,0,1,0,1,1,0
0,1,2092,487,901,309,395,67,117,39,49,0,1,0,1,0,0
0,0,3911,1113,1498,985,315,155,202,129,45,0,1,0,1,1,0
0,0,3111,109,1975,973,54,14,300,133,8,0,1,0,1,1,0
0,6,1560,228,1332,0,0,32,185,0,0,0,1,0,0,0,0
0,7,851,638,213,0,0,107,38,0,0,0,1,0,1,0,0
0,1,1540,829,653,41,17,131,99,5,2,1,1,0,1,1,0
0,2,2152,1466,398,288,0,222,41,47,0,0,1,0,1,0,0
0,0,4206,3145,878,136,47,551,141,21,5,0,1,0,1,1,0
0,5,1778,651,439,381,307,107,56,50,44,0,1,0,1,0,0
0,0,6355,2065,2356,1245,689,333,366,168,90,1,1,0,1,1,0
0,0,2885,1005,322,1208,350,116,49,181,55,0,1,0,1,1,0
0,1,6076,1073,2769,1044,1190,154,365,128,171,0,1,0,1,0,0
0,2,626,0,388,238,0,0,67,38,0,1,0,0,0,0,0
0,1,2367,336,1220,600,211,52,169,81,27,0,1,0,1,0,0
0,5,2355,229,882,791,453,33,130,105,78,0,1,0,1,0,0
0,8,1166,0,1166,0,0,0,163,0,0,0,0,0,0,0,0
0,1,1993,837,728,428,0,132,110,47,0,0,1,0,1,0,0
0,0,1932,408,804,590,130,53,105,71,20,1,1,0,1,1,0
0,0,2226,300,655,845,426,44,87,99,64,0,1,0,1,1,0
0,0,4114,1042,1469,907,696,178,195,128,111,1,1,0,1,1,0
0,1,2201,1408,317,476,0,205,56,60,0,0,1,0,1,0,0
0,5,1144,228,916,0,0,32,123,0,0,0,1,0,0,0,0
0,1,2546,1408,375,763,0,205,66,92,0,0,1,0,1,1,0
0,5,1141,228,913,0,0,32,111,0,0,0,1,0,0,0,0
1,0,6011,1115,946,878,3072,187,159,146,520,0,1,0,1,1,0
0,1,2727,1408,336,983,0,205,58,118,0,0,1,0,1,0,0
0,1,1622,0,482,376,764,0,74,53,130,1,0,0,0,0,0
0,1,3545,468,1014,1600,463,82,136,217,58,0,1,0,1,1,0
0,1,2315,0,1911,240,164,0,264,32,26,0,0,0,0,0,0
0,1,4589,1708,1197,821,863,290,186,121,162,0,1,0,1,1,0
0,0,1780,748,572,326,134,116,68,38,15,0,1,0,1,0,0
0,0,1802,255,937,587,23,39,154,89,3,1,1,0,1,0,0
0,4,2716,1391,1021,304,0,181,124,38,0,1,1,0,1,0,0
0,1,2788,763,1035,467,523,130,176,76,87,0,1,0,1,1,0
0,1,6339,2419,1218,2702,0,377,184,376,0,1,1,0,1,1,0
0,0,1797,505,712,412,168,79,92,52,21,0,1,0,1,1,0
0,0,473,271,88,105,9,48,14,13,1,1,1,0,1,1,0
0,5,3373,0,2530,843,0,0,324,111,0,0,0,0,1,0,0
0,2,2052,0,1011,1041,0,0,158,125,0,1,0,0,1,0,0
0,4,1280,397,883,0,0,55,110,0,0,0,1,0,1,1,0
0,5,761,228,533,0,0,32,86,0,0,0,1,0,0,0,0
0,4,2046,829,943,274,0,131,136,36,0,0,1,0,1,1,0
0,7,3682,1970,1712,0,0,312,289,0,0,0,1,0,1,0,0
0,6,4251,601,3650,0,0,91,474,0,0,0,1,0,1,0,0
0,2,610,0,296,314,0,0,43,47,0,1,0,0,0,0,0
0,0,4375,1628,1783,906,58,207,243,112,9,1,1,0,1,1,0
0,7,898,0,473,425,0,0,66,60,0,0,0,0,1,0,0
0,1,4350,1628,2694,0,28,207,360,0,5,0,1,0,1,1,0
0,2,6762,1808,4954,0,0,264,680,0,0,1,1,0,1,1,0
0,1,2406,0,1142,1129,135,0,149,139,18,0,0,0,0,1,0
0,0,2812,635,1031,251,895,78,177,32,111,0,1,0,1,1,0
0,2,5205,467,3577,1161,0,73,449,141,0,0,1,0,1,1,0
0,1,3569,554,604,2411,0,88,83,298,0,0,1,0,1,0,0
0,5,4547,1110,1941,882,614,158,279,107,77,0,1,0,1,1,0
0,2,2301,832,1469,0,0,132,182,0,0,1,1,0,0,0,0
0,6,2250,0,1055,867,328,0,155,106,41,0,0,0,1,0,0
0,5,1446,228,1218,0,0,32,155,0,0,0,1,0,0,0,0
0,5,930,228,702,0,0,32,101,0,0,0,1,0,0,0,0
0,3,2103,1050,706,97,250,155,88,17,37,0,1,0,1,1,0
0,1,2253,134,1106,610,403,20,168,84,54,0,1,0,1,0,0
0,0,3849,746,2084,507,512,127,305,79,78,0,1,0,1,1,0
0,1,1429,0,673,671,85,0,94,86,12,1,0,0,0,0,0
0,0,4953,1628,2933,194,198,207,379,23,23,1,1,0,1,1,0
0,2,3144,558,1231,171,1184,84,180,23,167,1,1,0,1,0,0
0,7,1418,866,552,0,0,123,89,0,0,0,1,0,1,0,0
0,1,2917,763,1140,491,523,130,203,71,87,0,1,0,1,1,0
0,7,1575,829,746,0,0,131,105,0,0,0,1,0,1,0,0
0,0,2866,544,1200,628,494,76,154,72,92,0,1,0,1,1,0
0,5,1432,228,1204,0,0,32,165,0,0,0,1,0,0,0,0
0,1,2372,839,1012,371,150,130,156,58,25,1,1,0,1,1,0
0,0,2488,467,1771,152,98,64,234,20,11,0,1,0,1,1,0
0,0,3787,651,2000,700,436,100,252,91,65,0,1,0,1,1,0
0,6,948,228,720,0,0,32,89,0,0,0,1,0,0,0,0
0,1,1845,829,909,91,16,131,123,15,2,0,1,0,1,0,0
0,3,4717,1014,3270,433,0,167,456,61,0,0,1,0,1,1,0
0,2,2937,439,1808,690,0,78,282,95,0,1,1,0,1,0,0
0,3,1305,0,1305,0,0,0,174,0,0,0,0,0,0,0,0
0,7,1569,866,703,0,0,123,112,0,0,0,1,0,1,0,0
0,3,2580,536,961,1083,0,73,160,139,0,0,1,0,1,0,0
0,2,1277,70,1207,0,0,1,163,0,0,0,1,0,1,0,0
0,1,1708,352,760,596,0,57,125,83,0,0,1,0,1,1,0
0,0,3565,726,1200,743,896,83,175,109,117,0,1,0,1,0,0
0,5,1628,228,1400,0,0,32,192,0,0,0,1,0,0,0,0
0,5,7453,1913,3964,1576,0,293,534,189,0,0,1,0,1,1,0
0,1,3120,229,699,1176,1016,33,109,175,153,0,1,0,1,1,0
0,1,6608,1708,2923,1135,842,290,458,142,155,0,1,0,1,1,0
0,1,2582,688,616,590,688,84,81,69,84,0,1,0,1,1,0
0,1,5113,2419,1194,1500,0,377,161,216,0,1,1,0,1,1,0
0,3,2852,476,1582,794,0,63,203,102,0,0,1,0,1,0,0
0,1,2335,1264,987,0,84,216,143,0,9,0,1,0,1,1,0
0,4,2759,549,1781,307,122,87,280,47,16,0,1,0,1,0,0
0,0,3784,1508,1178,922,176,239,179,129,19,0,1,0,1,1,0
0,5,4474,879,2245,1350,0,141,296,175,0,0,1,0,1,1,0
0,1,2571,396,1864,311,0,50,240,35,0,0,1,0,1,1,0
0,1,3792,447,1296,2049,0,72,195,269,0,0,1,0,1,0,0
0,1,1711,711,755,217,28,109,118,35,6,0,1,0,1,1,0
0,2,2191,720,1265,122,84,119,184,17,8,0,1,0,1,0,0
0,7,1962,1447,515,0,0,215,76,0,0,0,1,0,1,1,0
0,0,813,332,398,45,38,41,58,3,6,1,1,0,1,0,0
0,2,2667,208,1220,1239,0,29,163,165,0,0,1,0,1,1,0
0,0,6260,4007,1441,678,134,588,190,77,11,0,1,0,1,1,0
0,3,1783,1050,377,106,250,155,53,15,37,0,1,0,1,1,0
0,1,4698,2206,1363,619,510,350,208,83,82,0,1,0,1,1,0
0,2,2570,506,886,785,393,73,147,99,66,0,1,0,1,1,0
0,1,1476,829,528,70,49,131,77,10,4,0,1,0,1,1,0
0,0,2837,854,632,497,854,141,96,71,141,1,1,0,1,1,0
0,7,1534,829,705,0,0,131,98,0,0,0,1,0,1,0,0
0,7,1538,829,709,0,0,131,98,0,0,0,1,0,1,0,0
0,1,2981,829,1040,1112,0,128,134,129,0,0,1,0,1,0,0
0,3,4495,1050,2605,590,250,155,340,69,37,0,1,0,1,1,0
0,1,3480,0,2291,1104,85,0,329,122,10,0,0,0,0,0,0
0,1,3494,673,1153,1668,0,97,191,274,0,0,1,0,1,0,0
1,0,3121,506,1196,1192,227,81,163,163,36,1,1,0,1,1,0
0,5,1220,70,1150,0,0,1,170,0,0,0,1,0,1,0,0
0,7,1458,866,592,0,0,123,93,0,0,0,1,0,1,0,0
0,0,3169,746,1806,257,360,127,265,38,49,0,1,0,1,1,0
0,0,1705,392,870,299,144,68,128,34,28,1,1,0,1,1,0
0,3,5038,1014,3657,367,0,167,507,46,0,0,1,0,1,1,0
0,2,1765,0,1119,0,646,0,159,0,102,0,0,0,1,1,0
0,1,2225,377,1053,795,0,60,138,91,0,0,1,0,1,0,0
0,0,2909,878,1428,478,125,134,223,73,15,0,1,0,1,1,0
0,5,2774,746,1303,556,169,127,198,85,29,0,1,0,1,1,0
0,3,3371,1014,1860,497,0,167,285,66,0,0,1,0,1,1,0
0,0,2082,1285,456,249,92,176,64,30,8,0,1,0,1,0,0
0,3,2349,0,952,1120,277,0,159,178,45,0,0,0,1,1,0
0,4,1546,445,724,199,178,66,100,27,24,0,1,0,1,1,0
0,6,1228,228,1000,0,0,32,146,0,0,0,1,0,0,0,0
0,0,3995,1042,1390,867,696,178,208,116,111,0,1,0,1,1,0
0,0,2779,635,856,340,948,78,145,44,116,0,1,0,1,1,0
0,0,3068,708,1597,558,205,117,229,77,32,0,1,0,1,0,0
0,2,4010,730,1748,892,640,116,249,110,93,0,1,0,1,0,0
0,0,822,271,421,122,8,48,57,14,1,0,1,0,1,0,0
0,0,2446,526,1191,618,111,93,160,71,14,1,1,0,1,1,0
0,0,3757,1178,1984,410,185,191,309,50,31,1,1,0,1,1,0
0,3,2279,672,1231,376,0,96,215,67,0,0,1,0,1,1,0
0,7,1809,0,934,875,0,0,129,122,0,0,0,0,1,0,0
0,6,2037,380,1230,427,0,64,214,62,0,0,1,0,1,1,0
0,7,1469,866,603,0,0,123,94,0,0,0,1,0,1,0,0
0,7,1399,866,533,0,0,123,80,0,0,0,1,0,1,0,0
0,6,952,228,724,0,0,32,90,0,0,0,1,0,0,0,0
0,6,1870,228,1642,0,0,32,200,0,0,0,1,0,0,0,0
0,3,1521,111,1010,400,0,20,143,53,0,0,1,0,1,0,0
0,0,4152,1021,1919,561,651,138,270,71,98,0,1,0,1,0,0
0,0,3512,857,1737,489,429,121,239,63,65,0,1,1,1,0,0
0,1,1558,236,1034,288,0,35,156,46,0,0,1,0,1,0,0
0,4,850,228,465,157,0,32,60,19,0,0,1,0,0,0,0
0,1,2181,532,1182,467,0,68,158,62,0,0,1,0,1,0,0
0,1,984,70,494,420,0,1,82,55,0,0,1,0,1,0,0
0,0,3963,1042,1663,562,696,178,261,88,111,0,1,0,1,1,0
0,6,906,228,678,0,0,32,102,0,0,0,1,0,0,0,0
0,7,1632,866,766,0,0,123,119,0,0,0,1,0,1,0,0
0,3,941,0,941,0,0,0,157,0,0,1,0,0,0,0,0
0,1,1413,442,476,325,170,75,76,41,18,0,1,0,1,0,0
0,7,1387,866,521,0,0,123,79,0,0,0,1,0,1,0,0
0,7,2140,1447,693,0,0,215,99,0,0,0,1,0,1,1,0
0,1,2064,520,971,455,118,82,177,58,13,0,1,0,1,0,0
0,0,3655,536,2142,919,58,92,287,112,8,0,1,0,1,1,0
0,0,2552,422,1025,522,583,53,124,60,78,1,1,0,1,1,0
0,2,4948,887,4061,0,0,127,556,0,0,0,1,0,1,1,0
0,1,7735,0,2287,5372,76,0,304,716,6,1,0,0,0,0,0
0,0,6346,2065,2347,1245,689,333,366,168,90,1,1,0,1,1,0
0,6,1885,693,484,708,0,115,79,96,0,0,1,0,1,0,0
0,6,2255,0,1345,910,0,0,202,131,0,0,0,0,1,0,0
0,1,1159,423,270,233,233,56,37,35,35,0,1,0,1,0,0
1,2,1657,0,1272,199,186,0,179,26,32,1,0,0,0,0,0
0,3,1803,0,1712,0,91,0,246,0,8,1,0,0,0,0,0
0,1,2379,937,643,350,449,152,101,48,75,1,1,0,1,0,0
0,1,3799,1021,1298,950,530,138,178,122,74,0,1,0,1,0,0
0,1,2555,512,906,702,435,78,127,91,57,0,1,0,1,1,0
0,4,3338,1376,660,979,323,226,96,116,32,0,1,0,1,1,0
0,2,3173,1436,1239,273,225,218,201,36,24,0,1,0,1,0,0
0,0,3075,615,1010,464,986,83,174,66,137,0,1,0,1,1,0
0,0,1764,430,690,402,242,78,102,45,31,1,1,0,1,1,0
1,3,1548,673,425,320,130,95,63,38,15,0,1,0,1,0,0
0,5,2286,228,2058,0,0,32,266,0,0,0,1,0,0,0,0
0,2,6038,1515,1718,2805,0,215,215,401,0,0,1,0,1,0,0
0,2,4283,879,2842,562,0,141,342,67,0,0,1,0,1,1,0
0,2,2798,741,1140,636,281,111,186,83,33,0,1,0,1,1,0
1,5,5003,1286,1915,530,1272,153,293,63,214,0,1,0,1,1,0
0,1,1012,0,385,397,230,0,47,44,31,1,0,0,0,0,0
0,6,4355,879,2036,1440,0,141,258,179,0,0,1,0,1,0,0
0,1,2743,790,718,432,803,122,101,60,104,0,1,0,1,0,0
0,7,1113,829,284,0,0,131,35,0,0,0,1,0,1,0,0
0,1,3821,2790,606,425,0,370,88,49,0,0,1,0,1,1,0
0,5,3439,1376,342,1398,323,226,46,170,32,0,1,0,1,1,0
0,0,2366,439,941,697,289,71,118,83,41,0,1,0,1,1,0
0,1,4164,1628,1825,674,37,207,238,90,5,1,1,0,1,1,0
0,0,5472,1251,1063,1197,1961,201,163,172,287,1,1,0,1,0,0
0,6,1544,228,1316,0,0,32,184,0,0,0,1,0,0,0,0
0,4,1535,0,1203,332,0,0,165,52,0,1,0,0,0,0,0
0,2,6245,1404,1360,3139,342,224,185,431,41,0,1,0,1,0,0
0,0,4408,717,2880,345,466,120,379,42,67,0,1,0,1,1,0
0,4,2521,560,1598,363,0,98,226,49,0,0,1,0,1,0,0
0,1,2298,774,1079,445,0,115,138,55,0,1,1,0,1,0,0
0,1,2320,134,1709,226,251,20,261,27,30,0,1,0,1,1,0
0,1,2540,422,1618,377,123,68,237,46,14,0,1,0,1,0,0
0,4,3100,1298,1546,256,0,203,246,42,0,0,1,0,1,0,0
0,1,4564,1318,2013,1030,203,174,259,143,28,0,1,0,1,1,0
0,1,2175,437,953,785,0,71,155,86,0,1,1,0,1,0,0
0,0,2773,975,1236,379,183,147,202,53,25,1,1,0,1,1,0
0,7,1534,829,705,0,0,131,98,0,0,0,1,0,1,0,0
0,6,2829,228,2601,0,0,32,346,0,0,0,1,0,0,0,0
0,1,2484,296,1701,487,0,46,236,55,0,1,1,0,1,1,0
0,2,5735,1708,2099,1007,921,290,331,142,168,0,1,0,1,1,0
0,0,5253,1239,2951,658,405,110,332,78,53,0,1,0,1,0,0
0,2,4098,1392,788,1918,0,209,121,259,0,0,1,0,1,1,0
0,0,3791,708,1693,920,470,117,260,128,42,0,1,0,1,1,0
0,7,2235,1447,788,0,0,215,113,0,0,0,1,0,1,1,0
0,0,4940,730,2141,764,1305,116,323,122,204,0,1,0,1,1,0
0,5,7759,2480,1752,2276,1251,298,235,273,167,0,1,0,1,1,0
0,2,5799,1492,3900,407,0,234,556,50,0,0,1,0,1,0,0
0,6,1712,0,1117,595,0,0,159,73,0,0,0,0,1,0,0
0,1,3337,2287,618,432,0,311,75,58,0,0,1,0,1,0,0
0,0,3887,447,2288,993,159,78,352,130,21,1,1,0,1,1,0
0,2,2817,0,2496,321,0,0,395,39,0,0,0,0,1,1,0
0,0,2973,1181,792,175,825,156,101,24,89,1,1,0,1,0,0
0,0,3534,1042,1126,670,696,178,162,98,111,0,1,0,1,1,0
1,1,2378,673,595,980,130,95,86,112,15,0,1,0,1,0,0
0,0,2228,397,1247,292,292,53,159,35,39,0,1,0,1,0,0
0,0,2608,1124,599,776,109,147,71,95,11,0,1,0,1,1,0
0,0,3716,351,1404,415,1546,48,203,51,192,0,1,0,1,1,0
0,1,2156,774,908,285,189,115,118,34,26,0,1,0,1,0,0
0,2,2475,364,1438,549,124,61,216,70,10,0,1,0,1,1,0
0,0,2202,829,385,796,192,126,55,100,18,0,1,0,1,0,0
0,1,3429,2287,414,728,0,311,61,83,0,0,1,0,1,0,0
1,0,4541,1022,2383,626,510,162,350,87,74,1,1,0,1,1,0
0,2,583,53,381,130,19,10,33,18,3,0,1,0,1,1,0
0,5,2459,228,1400,831,0,32,164,112,0,0,1,0,0,0,0
0,0,3121,579,684,1368,490,87,103,182,55,0,1,0,1,1,0
0,1,1760,0,1203,233,324,0,160,33,47,1,0,0,0,0,0
0,2,1283,175,838,0,270,29,124,0,44,0,1,0,1,1,0
0,7,2340,1298,1042,0,0,203,175,0,0,0,1,0,1,0,0
0,0,2236,1467,406,274,89,207,58,40,8,1,1,0,1,0,0
0,5,2134,310,817,949,58,53,134,131,6,0,1,0,1,0,0
1,0,3228,1050,1174,939,65,155,187,134,7,0,1,0,1,1,0
0,6,1548,228,1320,0,0,32,165,0,0,0,1,0,0,0,0
0,0,3010,726,853,534,897,83,129,68,117,0,1,0,1,0,0
0,2,583,53,381,130,19,10,33,18,3,0,1,0,1,1,0
0,5,1344,560,697,87,0,98,106,12,0,0,1,0,1,1,0
0,1,3012,606,994,1124,288,86,135,142,29,0,1,0,1,0,0
0,6,187,0,187,0,0,0,29,0,0,0,0,0,0,0,0
0,0,2903,975,1193,512,223,147,196,72,32,1,1,0,1,0,0
0,7,1539,829,710,0,0,131,98,0,0,0,1,0,1,0,0
0,0,2435,829,436,1005,165,126,66,137,17,0,1,0,1,0,0
0,7,2315,1298,1017,0,0,203,169,0,0,0,1,0,1,0,0
0,0,1875,829,486,369,191,126,65,51,19,0,1,0,1,0,0
0,0,4340,767,1952,1393,228,125,316,178,31,0,1,0,1,1,0
0,1,2916,873,942,703,398,146,151,100,67,0,1,0,1,0,0
0,0,1180,532,149,229,270,87,28,42,31,0,1,0,1,1,0
0,0,1853,406,1026,389,32,52,161,53,7,0,1,0,1,0,0
0,0,2202,829,385,796,192,126,55,100,18,0,1,0,1,0,0
1,3,1520,0,763,757,0,0,118,92,0,0,0,0,0,1,0
0,0,3295,1147,1217,392,539,170,197,47,88,1,1,0,1,1,0
0,0,4718,808,2483,708,719,144,333,88,95,0,1,0,1,0,0
0,4,6299,1247,1597,3213,242,175,217,447,33,0,1,0,1,0,0
0,6,3624,601,3023,0,0,91,392,0,0,0,1,0,1,0,0
0,5,5586,1576,232,3778,0,243,36,519,0,0,1,0,1,1,0
0,1,2370,638,485,1077,170,107,77,166,20,0,1,0,1,1,0
0,1,2480,361,1766,353,0,57,258,53,0,1,1,0,1,1,0
0,2,4537,2193,1840,504,0,320,259,61,0,0,1,0,1,0,0
0,0,3852,900,1441,597,914,156,205,82,158,1,1,0,1,0,0
0,2,3109,134,2046,299,630,20,334,36,73,0,1,0,1,1,0
0,6,929,228,701,0,0,32,87,0,0,0,1,0,0,0,0
0,1,5018,1247,3040,219,512,216,473,20,63,0,1,0,1,1,0
0,2,583,53,381,130,19,10,33,18,3,0,1,0,1,1,0
0,2,2814,671,1305,838,0,108,201,117,0,0,1,0,1,1,0
0,7,1752,866,886,0,0,123,138,0,0,0,1,0,1,0,0
0,6,2408,0,1110,1298,0,0,151,166,0,0,0,0,1,0,0
0,7,2081,1447,634,0,0,215,96,0,0,0,1,0,1,1,0
0,1,2127,583,897,559,88,82,131,76,13,1,1,0,1,0,0
0,4,2475,885,986,604,0,141,138,85,0,0,1,0,1,1,0
0,7,1545,829,716,0,0,131,99,0,0,0,1,0,1,0,0
0,0,2617,1018,882,660,57,141,119,82,6,0,1,0,1,0,0
0,7,3298,710,2588,0,0,98,351,0,0,0,1,0,1,0,0
0,0,4559,614,2249,784,912,85,275,84,116,0,1,0,1,0,0
0,7,1378,866,512,0,0,123,76,0,0,0,1,0,1,0,0
0,7,1992,1447,545,0,0,215,79,0,0,0,1,0,1,1,0
0,1,2038,1050,625,363,0,155,94,48,0,0,1,0,1,1,0
0,6,1768,228,1540,0,0,32,177,0,0,0,1,0,0,0,0
0,0,4032,727,1177,845,1283,99,164,120,174,0,1,0,1,1,0
0,0,3143,786,1554,711,92,125,203,89,9,1,1,0,1,0,0
0,7,1975,1447,528,0,0,215,77,0,0,0,1,0,1,1,0
0,5,2842,882,1685,234,41,134,243,32,6,0,1,0,1,1,0
0,0,4571,1263,2303,715,290,196,363,106,50,1,1,0,1,0,0
0,0,2945,1395,816,477,257,229,138,81,42,0,1,0,1,1,0
0,4,3896,1049,2847,0,0,151,375,0,0,0,1,0,1,0,0
0,0,2795,1042,881,243,629,178,147,38,103,0,1,0,1,1,0
0,2,3137,615,1150,409,963,83,191,60,134,0,1,0,1,1,0
0,0,3152,1441,1130,297,284,220,152,38,42,0,1,0,1,1,0
0,1,3846,868,1650,1088,240,119,240,145,38,0,1,0,1,1,0
0,0,2467,615,814,713,325,83,116,104,48,0,1,0,1,1,0
0,7,1557,866,691,0,0,123,110,0,0,0,1,0,1,0,0
0,0,4176,1230,1143,720,1083,181,176,89,161,1,1,0,1,1,0
0,0,1927,132,682,1050,63,24,105,135,10,0,1,0,1,0,0
0,0,474,53,244,158,19,10,35,21,3,0,1,0,1,1,0
0,1,4491,968,1473,1431,619,130,209,178,97,0,1,0,1,1,0
0,5,1849,829,1020,0,0,131,142,0,0,0,1,0,1,0,0
0,1,4137,536,2568,674,359,88,393,97,45,0,1,0,1,1,0
0,3,1649,651,266,315,417,107,31,42,59,0,1,0,1,1,0
0,3,3794,695,1092,1191,816,120,161,186,138,0,1,0,1,1,0
0,1,1675,0,1180,325,170,0,164,47,17,1,0,0,1,0,0
0,2,1769,0,960,541,268,0,143,84,43,0,0,0,1,0,0
0,6,906,228,678,0,0,32,102,0,0,0,1,0,0,0,0
1,0,3229,1050,1172,938,69,155,187,134,8,0,1,0,1,1,0
0,0,5251,1025,3087,584,555,148,392,70,82,0,1,0,1,0,0
0,0,2560,829,906,302,523,126,126,38,50,0,1,0,1,0,0
0,1,3098,552,1072,1474,0,71,155,193,0,0,1,0,1,0,0
0,0,1885,442,979,374,90,75,144,58,11,0,1,0,1,0,0
0,1,3188,509,1409,659,611,79,200,92,78,0,1,0,1,0,0
0,0,4761,1230,1947,501,1083,181,279,64,161,1,1,0,1,1,0
0,0,1118,195,471,176,276,20,82,16,41,0,1,0,1,1,0
0,2,5718,1708,2164,1001,845,290,326,141,158,0,1,0,1,1,0
0,6,1226,228,998,0,0,32,145,0,0,0,1,0,0,0,0
0,3,2121,536,529,1056,0,73,80,131,0,0,1,0,1,0,0
0,1,785,152,307,221,105,24,41,22,17,0,1,0,1,0,0
0,1,2547,397,1301,849,0,53,161,116,0,0,1,1,1,0,0
0,1,2621,310,772,1037,502,53,122,153,85,0,1,0,1,0,0
1,0,3485,660,949,1691,185,112,132,215,22,0,1,0,1,1,0
0,1,1883,829,935,93,26,131,147,9,4,0,1,0,1,1,0
0,3,2633,0,813,1820,0,0,90,245,0,0,0,0,0,0,0
0,5,939,228,711,0,0,32,103,0,0,0,1,0,0,0,0
0,2,2354,0,943,1322,89,0,159,167,14,0,0,0,0,0,0
0,0,2166,651,731,348,436,100,102,57,65,0,1,0,1,1,0
0,0,2412,778,634,564,436,115,88,84,77,0,1,0,1,0,0
0,1,2962,781,1646,236,299,109,245,30,40,1,1,0,1,0,0
0,5,2672,529,1254,757,132,80,180,102,18,0,1,0,1,1,0
0,5,4201,228,2245,1728,0,32,302,215,0,0,1,0,0,0,0
0,2,5534,1404,1454,2314,362,224,203,260,46,0,1,0,1,1,0
0,1,1683,183,607,893,0,37,99,146,0,0,1,0,1,0,0
1,0,3485,660,949,1691,185,112,132,215,22,0,1,0,1,1,0
1,0,3485,660,949,1691,185,112,132,215,22,0,1,0,1,1,0
0,1,1440,134,522,381,403,20,84,52,54,0,1,0,1,1,0
0,7,624,0,624,0,0,0,83,0,0,0,0,0,0,0,0
0,6,1247,228,1019,0,0,32,135,0,0,0,1,0,0,0,0
1,0,3485,660,949,1691,185,112,132,215,22,0,1,0,1,1,0
0,0,3463,1264,1408,721,70,216,199,94,10,0,1,0,1,1,0
0,6,760,0,446,314,0,0,65,45,0,1,0,0,0,0,0
0,3,2398,397,1633,224,144,72,237,36,22,0,1,0,1,1,0
0,2,2121,1206,495,420,0,177,57,49,0,0,1,0,1,0,0
1,0,3485,660,949,1691,185,112,132,215,22,0,1,0,1,1,0
0,4,540,452,88,0,0,80,13,0,0,0,1,0,1,1,0
0,0,2586,937,465,944,240,152,78,146,35,1,1,0,1,0,0
0,1,4334,1073,986,1230,1045,154,144,153,165,0,1,0,1,0,0
1,0,2914,580,1507,600,227,86,202,88,31,1,1,0,1,0,0
0,3,2480,332,1609,539,0,50,228,64,0,0,1,0,1,1,0
0,7,2014,1447,567,0,0,215,84,0,0,0,1,0,1,1,0
0,1,1332,0,864,274,194,0,120,48,32,0,0,0,0,0,0
0,0,2868,1264,1026,311,267,216,155,34,42,0,1,0,1,0,0
0,1,3864,1318,1690,740,116,174,213,84,14,0,1,0,1,1,0
1,1,734,0,673,29,32,0,74,5,3,1,0,0,0,0,0
0,1,2604,613,1270,468,253,90,205,61,30,0,1,0,1,0,0
0,0,4247,477,1140,1688,942,63,152,242,136,0,1,0,1,1,0
0,5,891,0,278,613,0,0,35,89,0,0,0,0,1,0,0
0,4,2098,697,884,517,0,108,135,54,0,0,1,0,0,0,0
0,4,5060,2636,1544,880,0,421,223,122,0,0,1,0,1,1,0
0,0,2363,635,476,274,978,78,71,36,124,0,1,0,1,1,0
0,7,3721,516,3205,0,0,76,414,0,0,0,1,0,1,0,0
0,0,2650,769,693,386,802,112,79,47,121,0,1,0,1,0,0
0,7,3480,516,2964,0,0,76,351,0,0,0,1,0,1,0,0
0,1,2221,82,1412,439,288,12,228,74,44,1,1,0,1,1,0
0,5,2713,1165,1192,356,0,185,173,51,0,0,1,0,0,0,0
0,4,1986,238,1151,597,0,26,166,89,0,0,1,0,1,0,0
0,7,2546,1298,1248,0,0,203,209,0,0,0,1,0,1,0,0
0,4,2759,879,1587,293,0,141,214,38,0,0,1,0,1,1,0
0,6,2828,228,2600,0,0,32,346,0,0,0,1,0,0,0,0
0,1,1153,228,207,718,0,32,22,59,0,0,1,0,0,0,0
1,1,3374,586,1309,547,932,82,208,101,163,0,1,0,1,1,0
0,0,2720,275,1376,704,365,42,187,109,51,0,1,0,1,0,0
0,0,3433,606,1787,680,360,75,260,105,55,0,1,0,1,1,0
0,1,4450,859,2832,759,0,148,472,95,0,0,1,0,1,1,0
0,6,3319,627,1433,0,1259,111,224,0,204,0,1,0,1,0,0
0,2,2436,879,947,426,184,141,118,56,20,0,1,0,1,0,0
0,0,2868,717,1336,349,466,120,219,40,67,0,1,0,1,1,0
0,2,2662,1230,1156,276,0,184,164,36,0,0,1,0,1,0,0
0,0,2650,613,1270,514,253,90,205,58,30,0,1,0,1,0,0
0,5,1456,228,1228,0,0,32,158,0,0,0,1,0,0,0,0
0,0,5619,842,3821,220,736,124,470,22,86,1,1,0,1,0,0
0,4,2681,228,697,1756,0,32,87,219,0,0,1,0,0,0,0
0,6,2991,406,2318,0,267,67,293,0,29,0,1,1,1,0,0
0,0,2540,1073,614,645,208,166,92,71,31,1,1,0,1,1,0
0,2,4283,879,2842,562,0,141,342,67,0,0,1,0,1,1,0
0,1,2356,432,1736,188,0,68,249,28,0,1,1,0,1,0,0
0,1,3506,439,1544,1523,0,78,213,197,0,1,1,0,1,0,0
0,0,2567,1126,714,561,166,163,85,52,22,0,1,0,1,1,0
0,2,3579,1508,1308,763,0,239,186,96,0,0,1,0,1,0,0
0,0,4543,606,2785,780,372,81,377,98,50,0,1,0,1,0,0
0,2,3595,879,1831,885,0,141,228,117,0,0,1,0,1,1,0
0,5,4518,627,1824,1008,1059,111,255,160,170,0,1,0,1,0,0
0,0,2044,180,1301,237,326,25,173,38,43,1,1,0,0,0,0
0,5,1546,228,1318,0,0,32,185,0,0,0,1,0,0,0,0
0,1,4900,0,2900,1247,753,0,413,180,97,0,0,0,0,0,0
0,2,2802,606,1672,524,0,88,210,66,0,0,1,0,1,1,0
1,1,4887,0,2444,1351,1092,0,375,208,176,0,0,0,0,1,0
0,6,916,228,688,0,0,32,83,0,0,0,1,0,0,0,0
0,7,1534,829,705,0,0,131,98,0,0,0,1,0,1,0,0
0,5,5094,228,2285,2581,0,32,308,344,0,0,1,0,0,0,0
0,1,3840,509,1528,1409,394,79,217,213,58,1,1,0,1,0,0
0,2,3596,879,1832,885,0,141,228,117,0,0,1,0,1,1,0
0,3,2465,879,1113,473,0,141,139,54,0,0,1,0,1,1,0
0,3,3800,1073,1731,996,0,154,259,146,0,0,1,0,1,0,0
0,0,3202,856,1748,371,227,116,236,53,31,0,1,0,1,0,0
0,1,1724,858,640,226,0,159,99,31,0,0,1,0,1,1,0
1,1,2602,673,926,873,130,95,143,100,15,0,1,0,1,0,0
0,2,3959,467,2320,1054,118,64,320,147,15,0,1,0,1,1,0
0,0,1231,236,707,168,120,35,103,25,17,0,1,0,1,0,0
0,3,2964,879,1409,676,0,141,168,83,0,0,1,0,1,1,0
0,0,4994,2559,952,1383,100,424,142,189,9,0,1,0,1,0,0
0,5,2808,616,825,1100,267,93,125,150,35,0,1,0,1,1,0
0,6,1246,228,1018,0,0,32,134,0,0,0,1,0,0,0,0
0,0,3158,1126,1065,784,183,163,131,95,29,0,1,0,1,1,0
0,1,4187,1492,2313,382,0,234,295,46,0,0,1,0,1,0,0
0,0,3921,1264,1331,1009,317,216,181,137,29,0,1,0,1,0,0
0,5,1471,228,1243,0,0,32,176,0,0,0,1,0,0,0,0
0,1,5303,2676,1842,521,264,392,238,69,40,0,1,0,1,0,0
0,6,1482,0,1482,0,0,0,152,0,0,0,0,0,0,0,0
0,5,873,228,645,0,0,32,84,0,0,0,1,0,0,0,0
0,4,5710,1594,4116,0,0,270,689,0,0,0,1,0,1,1,0
0,0,3254,1250,348,1175,481,193,56,182,75,0,1,0,1,1,0
0,4,3375,228,1301,1846,0,32,165,243,0,0,1,0,0,0,0
0,0,1729,105,1247,185,192,14,149,18,34,0,1,0,1,0,0
0,1,5819,2419,1074,2326,0,377,158,297,0,1,1,1,1,0,0
0,2,2921,1395,912,452,162,229,162,77,27,0,1,0,1,1,0
0,0,5546,1239,2981,919,407,110,313,114,54,0,1,0,1,0,0
0,1,3735,2790,644,301,0,370,63,37,0,1,1,0,1,1,0
0,1,1902,975,447,320,160,147,76,57,20,1,1,0,1,0,0
0,1,5262,1562,1767,371,1562,249,253,43,249,0,1,0,1,0,0
0,5,4858,228,1441,3189,0,32,182,382,0,0,1,0,0,0,0
0,2,3897,805,2602,490,0,116,378,70,0,0,1,0,1,0,0
0,5,4455,1110,1926,642,777,158,287,94,105,0,1,0,1,1,0
0,2,3561,1395,1157,690,319,229,190,110,52,0,1,0,1,1,0
0,2,3154,1004,642,1508,0,149,99,179,0,0,1,0,1,0,0
0,1,4872,1708,1514,1038,612,290,242,167,112,0,1,0,1,1,0
1,3,3954,842,2549,563,0,124,381,75,0,0,1,0,1,1,0
0,5,4376,1110,1751,901,614,158,227,104,77,0,1,0,1,1,0
0,0,3612,702,1100,1087,723,100,147,121,107,0,1,0,1,1,0
0,0,1985,625,832,76,452,71,114,12,55,0,1,0,1,0,0
0,7,1525,829,696,0,0,131,96,0,0,0,1,0,1,0,0
0,2,583,53,381,130,19,10,33,18,3,0,1,0,1,1,0
0,0,3126,579,689,1368,490,87,104,182,55,0,1,0,1,1,0
0,1,4571,1318,2033,1017,203,174,264,142,28,0,1,0,1,1,0
0,0,1620,829,672,70,49,131,106,10,4,0,1,0,1,1,0
0,3,3096,0,1384,803,909,0,194,123,131,0,0,0,1,1,0
0,0,3654,2790,253,392,219,370,38,55,26,0,1,0,1,1,0
0,1,1597,522,612,463,0,95,105,72,0,0,1,0,1,0,0
0,0,4736,1395,2009,1221,111,229,277,161,17,1,1,0,1,0,0
0,1,3353,1113,1628,612,0,155,219,72,0,0,1,0,1,1,0
0,0,4999,1251,1304,458,1986,201,210,66,283,0,1,0,1,0,0
0,3,873,0,873,0,0,0,128,0,0,1,0,0,0,0,0
0,2,4113,2206,927,475,505,350,136,60,85,0,1,0,1,0,0
0,0,5232,1025,3087,584,536,148,392,70,81,0,1,0,1,0,0
1,0,3036,225,1395,147,1269,31,203,11,208,1,1,0,1,0,0
0,5,2946,702,647,800,797,110,109,92,116,0,1,0,1,0,0
0,3,2903,712,349,1842,0,107,60,256,0,0,1,0,1,1,0
0,1,2572,463,734,1375,0,77,121,215,0,0,1,0,1,1,0
0,5,902,228,674,0,0,32,87,0,0,0,1,0,0,0,0
0,5,2014,1050,352,387,225,155,49,64,28,0,1,0,1,0,0
0,1,7405,706,1802,4591,306,110,240,615,43,0,1,0,1,0,0
0,0,4567,1014,2950,575,28,167,387,65,3,0,1,0,1,1,0
0,3,3312,397,1457,1458,0,53,196,186,0,0,1,0,1,1,0
0,6,893,228,665,0,0,32,79,0,0,0,1,0,0,0,0
0,0,4269,688,2282,1029,270,111,347,138,45,1,1,0,1,1,0
0,2,4270,2206,927,475,662,350,136,60,110,0,1,0,1,0,0
0,1,1704,829,723,103,49,131,122,17,8,0,1,0,1,1,0
0,2,1872,0,1566,245,61,0,212,30,12,0,0,0,0,0,0
0,0,1202,326,229,412,235,36,29,62,43,1,1,0,1,0,0
0,0,2431,1007,546,684,194,149,65,100,18,0,1,0,1,0,0
0,4,1264,0,498,654,112,0,80,85,17,0,0,0,1,0,0
0,1,3050,632,1779,291,348,112,255,36,53,0,1,0,1,1,0
0,3,3333,1419,1451,463,0,206,225,71,0,1,1,0,1,1,0
0,7,640,0,640,0,0,0,109,0,0,0,0,0,0,1,0
0,6,2200,0,2200,0,0,0,268,0,0,0,0,0,0,0,0
0,0,1550,505,576,409,60,79,70,49,7,1,1,0,1,0,0
0,0,5259,1515,876,2810,58,215,113,341,7,0,1,0,1,1,0
0,2,3179,695,1019,1465,0,86,133,208,0,0,1,0,1,0,0
0,4,1301,134,758,206,203,20,107,31,32,0,1,0,1,1,0
0,6,1666,228,1438,0,0,32,174,0,0,0,1,0,0,0,0
0,1,2252,1007,920,325,0,158,116,38,0,0,1,0,1,0,0
1,5,2563,911,779,647,226,145,129,85,34,0,1,0,1,1,0
0,1,3837,996,2170,671,0,158,296,84,0,1,1,0,1,0,0
0,0,2500,552,552,1015,381,71,78,142,57,0,1,0,1,1,0
0,0,5225,532,2754,1716,223,92,354,211,28,1,1,0,1,1,0
0,0,5890,1251,1381,1107,2151,201,209,163,307,1,1,0,1,1,0
0,0,2526,692,796,967,71,100,115,125,7,1,1,0,1,0,0
0,7,1322,0,971,351,0,0,139,49,0,0,0,0,1,0,0
0,2,3474,1025,952,743,754,148,125,92,96,0,1,0,1,0,0
0,1,2805,228,239,2338,0,32,34,296,0,0,1,0,0,0,0
0,1,2125,719,717,689,0,111,101,81,0,1,1,0,1,0,0
0,6,1168,0,1168,0,0,0,150,0,0,0,0,0,0,0,0
0,0,6283,2206,3284,177,616,350,482,20,105,0,1,0,1,0,0
0,2,3341,0,2187,1154,0,0,262,155,0,0,0,0,0,0,0
0,0,3366,746,1629,507,484,127,230,79,73,0,1,0,1,1,0
0,7,2535,606,1929,0,0,86,230,0,0,0,1,0,1,0,0
0,3,3316,1013,1290,1013,0,148,187,144,0,0,1,0,1,0,0
0,1,2795,0,860,1586,349,0,142,236,54,0,0,0,0,0,0
0,6,2713,228,2485,0,0,32,313,0,0,0,1,0,0,0,0
0,2,2533,445,1719,369,0,61,276,54,0,0,1,0,1,1,0
0,1,2001,437,953,611,0,71,155,67,0,1,1,0,1,1,0
0,0,2122,321,971,771,59,46,136,93,7,0,1,0,1,0,0
0,2,1971,0,1422,549,0,0,218,78,0,0,0,0,1,1,0
0,2,4391,970,1337,2084,0,134,183,265,0,0,1,0,1,1,0
0,1,1712,391,934,206,181,59,136,23,20,0,1,0,1,0,0
0,6,1237,228,1009,0,0,32,126,0,0,0,1,0,0,0,0
0,0,4628,1309,1461,1197,661,208,226,170,108,1,1,0,1,1,0
0,0,3927,1299,471,1821,336,178,64,228,52,0,1,0,1,0,0
0,5,1805,228,1577,0,0,32,227,0,0,0,1,0,0,0,0
0,0,4384,753,1311,1165,1155,121,204,149,191,0,1,0,1,1,0
0,3,1465,0,1465,0,0,0,204,0,0,0,0,0,0,0,0
0,2,2978,651,1553,338,436,100,211,34,65,0,1,0,1,1,0
1,1,2841,492,1477,753,119,79,221,102,14,0,1,0,1,0,0
0,2,3006,439,2250,317,0,78,321,34,0,0,1,0,1,0,0
0,3,665,0,665,0,0,0,89,0,0,0,0,0,0,0,0
0,2,1427,888,539,0,0,136,71,0,0,0,1,0,1,0,0
0,5,1656,666,990,0,0,59,125,0,0,0,1,0,1,1,0
0,1,2962,353,1088,968,553,44,153,152,74,0,1,0,1,1,0
0,3,2505,0,1118,1387,0,0,174,177,0,1,0,0,1,1,0
0,3,3849,467,2083,1299,0,73,314,166,0,0,1,0,1,1,0
0,1,1413,442,476,325,170,75,76,41,18,0,1,0,1,0,0
0,2,2768,1395,759,452,162,229,129,77,27,0,1,0,1,1,0
0,0,4448,1508,1089,1756,95,239,166,231,10,0,1,0,1,1,0
1,0,1878,203,747,708,220,30,106,99,30,1,1,0,1,1,0
0,4,1245,0,1245,0,0,0,159,0,0,0,0,0,0,0,0
0,2,1243,132,634,477,0,24,109,73,0,0,1,0,1,0,0
0,0,3563,926,1680,375,582,150,264,47,76,1,1,0,1,1,0
0,0,2806,552,1284,471,499,71,171,75,64,0,1,0,1,1,0
0,6,213,0,213,0,0,0,32,0,0,0,0,0,0,0,0
0,0,2194,148,1056,521,469,25,161,76,67,0,1,0,1,0,0
0,0,2931,384,1396,768,383,49,207,105,48,1,1,0,1,1,0
0,0,4542,2301,550,1170,521,320,71,164,80,0,1,0,1,0,0
0,6,2712,228,2484,0,0,32,313,0,0,0,1,0,0,0,0
0,1,4580,702,2281,1360,237,100,301,170,33,0,1,0,1,1,0
0,2,1283,175,838,0,270,29,124,0,44,0,1,0,1,1,0
0,0,3501,549,1145,1686,121,87,166,231,16,1,1,0,1,0,0
0,1,2914,1271,710,933,0,204,100,106,0,1,1,0,1,1,0
0,4,679,0,362,317,0,0,66,52,0,0,0,0,1,0,0
0,1,2557,439,1173,945,0,78,185,142,0,1,1,0,1,0,0
0,0,2349,397,1164,514,274,70,180,72,42,1,1,0,1,0,0
0,1,3842,0,226,3040,576,0,31,371,86,0,0,0,0,0,0
0,5,4713,310,770,3151,482,53,120,464,81,0,1,0,1,0,0
0,1,1648,0,526,843,279,0,76,114,48,1,0,0,0,1,0
1,1,1155,0,520,351,284,0,77,38,34,0,0,0,0,1,0
1,2,3811,660,737,2109,305,112,109,261,42,0,1,0,1,0,0
0,1,2472,1005,774,573,120,116,131,71,18,0,1,0,1,1,0
0,4,1144,0,588,228,328,0,95,30,51,0,0,0,1,0,0
0,2,515,0,421,94,0,0,74,17,0,1,0,0,0,1,0
0,0,3693,657,1967,678,391,100,267,73,54,0,1,0,1,0,0
0,2,1116,651,288,106,71,100,36,13,14,0,1,0,1,1,0
0,0,4098,424,1381,729,1564,70,219,98,260,1,1,0,1,1,0
0,5,295,0,295,0,0,0,39,0,0,0,0,0,0,0,0
0,5,1126,228,898,0,0,32,113,0,0,0,1,0,0,0,0
0,0,4221,2559,598,1023,41,424,92,134,4,0,1,0,1,0,0
1,1,4085,0,3103,934,48,0,494,113,4,1,0,0,0,1,0
0,0,4417,717,2889,345,466,120,377,42,67,0,1,0,1,1,0
0,7,1535,829,706,0,0,131,98,0,0,0,1,0,1,0,0
0,2,1940,536,464,940,0,73,70,113,0,0,1,0,1,0,0
0,2,3622,694,2161,468,299,105,325,73,41,0,1,0,1,1,0
0,0,5535,2206,1881,800,648,350,263,91,103,1,1,0,1,0,0
0,4,2333,134,1053,588,558,20,167,99,87,0,1,0,1,1,0
0,5,2830,310,1697,387,436,53,266,51,73,0,1,0,1,0,0
0,1,2294,236,1786,272,0,35,242,33,0,0,1,0,1,0,0
0,4,2546,228,658,1660,0,32,79,202,0,0,1,0,0,0,0
0,0,2968,1460,1096,149,263,199,166,18,44,0,1,0,1,1,0
0,0,5481,813,2584,1451,633,113,365,211,89,1,1,0,1,1,0
0,3,2321,879,934,508,0,141,122,71,0,0,1,0,1,0,0
0,0,2554,275,1045,620,614,42,147,91,92,0,1,0,1,0,0
0,2,583,53,381,130,19,10,33,18,3,0,1,0,1,1,0
0,1,2696,720,1591,385,0,101,216,56,0,0,1,0,1,0,0
0,0,2028,487,854,292,395,67,121,37,49,1,1,0,1,0,0
0,1,2697,310,845,1036,506,53,130,152,85,0,1,0,1,0,0
0,4,2347,970,845,532,0,134,108,75,0,0,1,0,1,1,0
0,5,3521,351,1356,268,1546,48,194,33,192,0,1,0,1,1,0
0,1,1543,829,626,71,17,131,93,10,2,0,1,0,1,1,0
0,1,1265,228,283,754,0,32,37,81,0,0,1,0,0,0,0
0,1,2817,330,1695,593,199,51,242,85,27,0,1,0,1,0,0
0,7,1534,829,705,0,0,131,98,0,0,0,1,0,1,0,0
0,5,1636,228,1408,0,0,32,194,0,0,0,1,0,0,0,0
0,7,1538,829,709,0,0,131,98,0,0,0,1,0,1,0,0
0,3,2885,389,1849,469,178,52,266,65,23,0,1,0,1,1,0
0,6,894,228,666,0,0,32,80,0,0,0,1,0,0,0,0
0,3,3438,560,2321,557,0,98,378,70,0,0,1,0,1,1,0
0,1,1842,249,937,656,0,26,118,87,0,0,1,0,1,1,0
0,0,2122,321,971,771,59,46,136,93,7,0,1,0,1,0,0
0,5,1396,228,1168,0,0,32,151,0,0,0,1,0,0,0,0
0,5,2376,323,1225,637,191,48,190,87,22,0,1,0,1,1,0
0,0,3345,1025,1508,276,536,148,190,34,81,0,1,0,1,0,0
0,1,4374,2790,716,868,0,370,89,99,0,1,1,0,1,1,0
0,0,3234,384,1689,778,383,49,257,105,48,1,1,0,1,1,0
0,0,2875,397,1827,377,274,70,265,46,42,1,1,0,1,0,0
0,3,3568,2270,476,345,477,330,81,47,47,0,1,0,1,1,0
0,0,2276,720,599,803,154,126,84,98,20,0,1,0,1,1,0
0,6,3603,897,1382,1324,0,157,211,177,0,0,1,0,1,0,0
0,2,3636,1079,1710,487,360,182,271,68,48,0,1,0,1,0,0
1,5,2153,252,994,614,293,28,105,75,38,0,1,0,1,1,0
0,2,4054,2021,1365,668,0,294,195,91,0,0,1,0,1,1,0
0,5,3463,310,770,1901,482,53,120,284,81,0,1,0,1,0,0
0,0,4586,727,1796,693,1370,99,258,85,182,0,1,0,1,1,0
0,0,1638,744,563,268,63,122,85,36,9,0,1,0,1,1,0
0,0,3274,1341,859,653,421,199,115,89,61,0,1,0,1,1,0
0,1,3823,606,1617,1211,389,86,232,161,45,0,1,0,1,0,0
0,2,4582,0,2979,1407,196,0,413,179,29,0,0,0,1,1,0
0,5,4660,1110,2115,716,719,158,315,95,83,0,1,0,1,1,0
0,0,3717,1264,1380,848,225,216,197,117,17,1,1,0,1,0,0
0,1,3183,544,1423,722,494,76,223,87,92,0,1,0,1,1,0
0,2,3975,560,2661,754,0,98,441,97,0,0,1,0,1,1,0
0,2,1349,0,747,329,273,0,94,41,37,0,0,0,1,1,0
0,5,2615,228,201,2186,0,32,24,274,0,0,1,0,0,0,0
1,0,3827,1341,1287,913,286,199,209,159,49,0,1,0,1,0,0
0,0,3469,1029,1609,654,177,151,228,78,30,0,1,0,1,1,0
0,2,583,53,381,130,19,10,33,18,3,0,1,0,1,1,0
0,1,1489,0,359,785,345,0,47,107,19,1,0,0,0,0,0
0,1,3247,1073,626,460,1088,154,86,57,169,0,1,0,1,0,0
0,6,916,228,688,0,0,32,83,0,0,0,1,0,0,0,0
0,6,1147,228,919,0,0,32,114,0,0,0,1,0,0,0,0
0,2,3840,1708,1600,532,0,290,275,51,0,0,1,0,1,1,0
0,0,2753,1126,1011,400,216,163,144,44,30,0,1,0,1,1,0
0,0,2557,1285,867,313,92,176,122,42,8,0,1,0,1,0,0
0,3,1407,762,645,0,0,111,93,0,0,0,1,0,1,0,0
0,5,1352,739,172,374,67,113,26,52,9,0,1,0,1,1,0
0,2,3215,1025,742,319,1129,148,100,41,154,0,1,0,1,0,0
0,2,583,53,381,130,19,10,33,18,3,0,1,0,1,1,0
0,3,1114,244,383,247,240,32,57,36,39,0,1,0,1,0,0
0,1,2432,1557,487,230,158,230,77,31,18,0,1,0,1,1,0
0,6,2807,879,1055,873,0,141,138,128,0,0,1,0,1,0,0
0,0,3745,397,1503,928,917,53,180,109,107,0,1,0,1,0,0
0,1,1790,0,1279,119,392,0,216,15,52,1,0,0,0,0,0
0,0,1740,829,855,34,22,131,134,5,3,0,1,0,1,1,0
0,6,1758,350,806,602,0,53,125,84,0,0,1,0,1,1,0
0,1,1724,858,640,226,0,159,99,31,0,0,1,0,1,1,0
1,5,2162,870,935,245,112,140,138,29,13,0,1,0,1,1,0
1,6,3444,1110,1741,593,0,158,237,81,0,0,1,0,1,1,0
0,0,2477,1394,495,308,280,216,61,29,45,1,1,0,1,1,0
0,0,1934,532,540,485,377,87,84,83,60,0,1,0,1,1,0
0,1,2127,0,1129,936,62,0,134,124,10,0,0,0,0,0,0
0,0,3999,788,1815,691,705,89,289,85,111,1,1,0,1,1,0
0,0,4761,1113,2199,1134,315,155,292,133,45,0,1,0,1,1,0
0,0,5890,1251,1381,1107,2151,201,209,163,307,0,1,0,1,0,0
0,1,2317,445,1115,478,279,61,169,42,40,0,1,0,1,1,0
0,2,1314,514,794,6,0,89,131,1,0,0,1,0,1,1,0
0,2,2819,228,1981,526,84,34,272,58,13,1,1,0,1,0,0
0,0,4049,870,2203,798,178,140,349,109,20,0,1,0,1,1,0
0,0,4074,708,1911,1102,353,114,314,162,51,0,1,0,1,1,0
0,6,1668,228,1440,0,0,32,175,0,0,0,1,0,0,0,0
0,2,4211,1254,1010,1612,335,183,174,227,48,0,1,0,1,0,0
0,1,2904,898,1752,6,248,145,287,1,45,0,1,0,1,0,0
0,1,2759,361,1243,1155,0,57,178,134,0,0,1,0,1,1,0
0,6,1900,866,1034,0,0,123,152,0,0,0,1,0,1,0,0
0,0,3882,583,2752,386,161,82,369,44,21,1,1,0,1,0,0
0,3,3203,769,1144,697,593,112,158,82,102,1,1,0,1,0,0
0,6,1076,228,848,0,0,32,106,0,0,0,1,0,0,0,0
0,2,2336,1449,706,181,0,210,78,21,0,0,1,0,1,1,0
0,2,583,53,381,130,19,10,33,18,3,0,1,0,1,1,0
1,0,2879,636,1257,680,306,95,190,99,48,1,1,0,1,1,0
1,0,3153,256,2619,205,73,40,406,28,9,1,1,0,1,0,0
0,4,1441,0,929,310,202,0,128,42,28,0,0,0,0,1,0
0,4,3812,695,1097,1204,816,120,164,188,138,0,1,0,1,1,0
0,5,2913,228,1297,1388,0,32,149,176,0,0,1,0,0,0,0
0,2,2628,403,694,1187,344,55,121,150,55,0,1,0,1,0,0
0,2,4461,1254,952,1918,337,183,164,277,48,0,1,0,1,0,0
0,6,1314,228,1086,0,0,32,135,0,0,0,1,0,0,0,0
0,0,2677,351,1557,594,175,48,219,79,18,0,1,0,1,1,0
0,0,4713,1230,1957,511,1015,181,281,64,153,1,1,0,1,1,0
0,0,3968,1042,1408,822,696,178,203,110,111,0,1,0,1,1,0
0,2,2813,1025,1019,318,451,148,128,41,61,0,1,0,1,0,0
0,2,2754,790,718,432,814,122,101,60,104,1,1,0,1,0,0
0,0,1817,213,540,795,269,39,67,107,39,0,1,0,1,1,0
0,1,1724,858,640,226,0,159,99,31,0,0,1,0,1,1,0
0,1,3700,717,2141,376,466,120,262,48,67,0,1,0,1,1,0
0,0,4046,1042,1755,568,681,178,281,93,109,0,1,0,1,1,0
0,3,2531,200,2202,129,0,30,320,21,0,0,1,0,1,1,0
0,1,2802,1133,947,652,70,171,149,90,11,1,1,0,1,0,0
0,3,1936,979,590,367,0,144,86,52,0,0,1,0,1,1,0
0,6,1086,228,858,0,0,32,109,0,0,0,1,0,0,0,0
0,1,1101,175,663,102,161,29,96,13,16,0,1,0,1,1,0
0,2,1945,384,1561,0,0,70,229,0,0,0,1,0,1,1,0
1,0,3861,769,1380,872,840,112,176,108,85,0,1,0,1,0,0
0,1,1639,559,692,388,0,79,100,55,0,0,1,0,1,0,0
0,2,2615,554,1403,658,0,88,187,91,0,0,1,0,1,0,0
0,4,2921,228,1413,1280,0,32,179,169,0,0,1,0,0,0,0
0,7,1535,829,706,0,0,131,96,0,0,0,1,0,1,0,0
0,3,3542,970,1397,278,897,134,196,39,143,0,1,0,1,1,0
0,6,1559,228,1331,0,0,32,185,0,0,0,1,0,0,0,0
0,5,2444,0,1105,1157,182,0,158,133,20,0,0,0,0,0,0
0,0,3522,397,1909,591,625,53,255,71,69,0,1,0,1,1,0
0,3,3065,1050,828,937,250,155,116,120,37,0,1,0,1,1,0
0,0,5943,1057,2296,632,1958,125,322,84,278,1,1,0,1,1,0
0,8,1070,0,1070,0,0,0,128,0,0,0,0,0,1,0,0
0,2,4283,879,2842,562,0,141,342,67,0,0,1,0,1,1,0
0,1,3939,996,2261,682,0,158,303,87,0,0,1,0,1,0,0
0,6,2708,549,1553,606,0,87,237,66,0,0,1,0,1,0,0
0,0,4790,778,3152,748,112,130,511,110,17,0,1,0,1,0,0
0,1,2241,254,1109,878,0,33,161,113,0,0,1,0,1,1,0
0,2,1606,651,256,277,422,107,33,34,61,0,1,0,1,1,0
0,7,1525,829,696,0,0,131,96,0,0,0,1,0,1,0,0
0,2,583,53,381,130,19,10,33,18,3,0,1,0,1,1,0
0,0,1966,439,660,745,122,71,83,91,15,1,1,0,1,0,0
0,2,3120,0,1757,1132,231,0,244,153,28,0,0,0,1,0,0
0,0,2598,339,1067,834,358,48,168,133,50,1,1,0,1,1,0
0,3,1409,580,587,242,0,93,85,29,0,0,1,0,1,0,0
0,0,2942,651,1090,560,641,107,149,68,89,0,1,0,1,1,0
0,1,4010,1042,1688,599,681,178,228,93,109,1,1,0,1,1,0
0,0,3558,651,1442,876,589,107,199,104,75,0,1,0,1,1,0
0,5,2618,228,1277,1113,0,32,152,139,0,0,1,0,0,0,0
0,1,3597,1481,1166,950,0,264,159,122,0,0,1,0,1,0,0
0,3,3426,580,2128,718,0,93,311,96,0,0,1,0,1,0,0
0,0,3414,1042,1074,602,696,178,150,81,111,0,1,0,1,1,0
0,3,570,0,570,0,0,0,90,0,0,0,0,0,1,0,0
0,3,2422,865,1557,0,0,124,195,0,0,0,1,0,1,0,0
0,0,4421,708,1896,989,828,114,313,141,121,1,1,0,1,0,0
0,2,3039,560,1743,736,0,98,298,105,0,0,1,0,1,1,0
0,1,3801,574,1932,910,385,86,279,126,52,1,1,0,1,0,0
0,0,2432,729,859,593,251,109,150,70,28,0,1,0,1,1,0
0,7,1732,866,866,0,0,123,119,0,0,0,1,0,1,0,0
0,2,1988,844,1138,0,6,125,165,0,1,0,1,0,1,0,0
0,0,3454,651,1399,751,653,107,196,107,93,0,1,0,1,1,0
0,4,2399,681,1366,352,0,105,206,42,0,0,1,0,1,1,0
0,0,2695,544,1031,742,378,100,154,103,61,0,1,0,1,1,0
0,0,4162,2559,501,1061,41,424,78,137,4,0,1,0,1,0,0
0,0,3045,554,1974,201,316,82,289,27,33,1,1,0,1,0,0
0,7,1728,866,862,0,0,123,121,0,0,0,1,0,1,0,0
0,3,1384,0,1093,189,102,0,131,24,12,1,0,0,1,1,0
0,1,2124,0,541,909,674,0,68,124,100,0,0,0,0,0,0
0,5,3154,310,956,1744,144,53,146,260,26,0,1,0,1,0,0
0,0,2680,717,1211,286,466,120,173,44,67,0,1,0,1,1,0
0,0,3492,1043,1260,627,562,175,205,92,77,1,1,0,1,1,0
0,0,1728,924,121,627,56,129,16,83,7,0,1,0,0,1,0
0,6,1558,228,1330,0,0,32,185,0,0,0,1,0,0,0,0
0,7,1559,829,730,0,0,131,101,0,0,0,1,0,1,0,0
0,0,4976,655,1241,2981,99,101,169,365,12,1,1,0,1,1,0
0,0,4154,477,1220,1515,942,63,158,218,136,0,1,0,1,1,0
0,0,3273,1341,859,653,420,199,115,89,61,0,1,0,1,1,0
0,0,2199,570,616,762,251,77,104,99,38,0,1,0,1,0,0
0,2,1940,445,951,315,229,66,134,40,40,0,1,0,1,1,0
0,0,6283,2206,3284,177,616,350,482,20,105,0,1,0,1,0,0
1,0,3158,888,803,1353,114,122,113,173,12,1,1,0,1,1,0
0,4,4560,2636,1397,527,0,421,210,79,0,0,1,0,1,1,0
0,0,2488,746,1135,265,342,127,188,38,48,0,1,0,1,1,0
0,0,4323,1208,1947,982,186,155,291,136,25,0,1,0,1,1,0
0,2,2343,393,840,884,226,65,92,143,31,0,1,0,1,0,0
0,8,1656,0,1656,0,0,0,247,0,0,0,0,0,0,0,0
0,1,2157,0,1674,134,349,0,271,18,53,0,0,0,1,0,0
0,5,1076,228,848,0,0,32,106,0,0,0,1,0,0,0,0
0,5,1415,228,1187,0,0,32,149,0,0,0,1,0,0,0,0
0,0,6563,406,3783,1302,1072,52,579,171,137,1,1,0,1,1,0
0,4,2692,0,1063,864,765,0,156,138,133,0,0,0,0,0,0
0,2,3143,558,1230,171,1184,84,180,23,167,1,1,0,1,0,0
0,7,1538,829,709,0,0,131,98,0,0,0,1,0,1,0,0
0,0,4675,708,1896,1080,991,114,313,155,146,1,1,0,1,1,0
0,0,3825,1056,2229,497,43,163,337,58,3,1,1,0,1,1,0
0,0,2575,1181,838,445,111,156,109,56,8,1,1,0,1,0,0
0,0,3186,702,672,1089,723,100,94,137,107,0,1,0,1,1,0
0,3,1525,829,589,91,16,131,85,15,2,0,1,0,1,1,0
0,6,1147,228,919,0,0,32,114,0,0,0,1,0,0,0,0
0,0,4072,348,2034,1563,127,53,271,195,17,0,1,0,1,1,0
1,2,2628,561,1286,358,423,86,207,48,75,0,1,0,1,1,0
0,5,2999,228,1870,901,0,32,236,115,0,0,1,0,0,0,0
0,0,3614,430,1180,1739,265,78,137,220,38,1,1,0,1,1,0
1,2,2200,0,1449,751,0,0,237,81,0,0,0,0,1,1,0
0,2,3738,606,2171,958,3,77,290,114,1,0,1,0,1,0,0
0,0,3027,1181,1196,540,110,156,155,65,8,1,1,0,1,0,0
0,2,2945,405,425,1404,711,65,68,185,115,0,1,0,1,0,0
0,0,3157,357,1012,989,799,57,155,131,119,0,1,0,1,0,0
0,2,2324,788,571,581,384,127,83,75,65,0,1,0,1,0,0
0,1,1803,0,1042,582,179,0,133,72,22,1,0,0,0,1,0
0,1,8083,842,4694,1830,717,124,694,224,84,1,1,0,1,1,0
0,4,1158,0,478,590,90,0,79,74,10,0,0,0,1,0,0
0,8,573,0,573,0,0,0,59,0,0,0,0,0,0,0,0
0,0,5471,2206,1869,748,648,350,265,86,103,1,1,0,1,0,0
0,1,6293,2419,1035,2839,0,377,163,404,0,1,1,0,1,1,0
0,2,2391,0,1496,756,139,0,193,97,16,0,0,0,0,0,0
0,1,2155,0,982,1038,135,0,128,134,18,0,0,0,0,1,0
0,6,1102,228,874,0,0,32,125,0,0,0,1,0,0,0,0
0,3,3120,1050,1331,514,225,155,195,78,28,0,1,0,1,1,0
0,0,1715,312,526,598,279,49,88,69,50,1,1,0,1,1,0
0,3,2568,1298,1270,0,0,203,196,0,0,0,1,0,1,0,0
0,2,583,53,381,130,19,10,33,18,3,0,1,0,1,1,0
0,0,3852,411,2479,741,221,57,332,93,27,0,1,0,1,1,0
0,5,2069,0,1655,414,0,0,236,61,0,0,0,0,1,0,0
0,1,3165,716,1385,1064,0,104,192,134,0,0,1,0,1,1,0
0,3,3148,837,939,555,817,138,139,65,126,0,1,0,1,0,0
0,0,4619,1056,2565,955,43,163,373,141,3,0,1,0,1,1,0
0,3,2162,879,946,337,0,141,103,38,0,0,1,0,1,1,0
0,3,4063,1687,2376,0,0,247,307,0,0,0,1,0,1,0,0
0,0,1494,505,658,149,182,79,93,20,24,1,1,0,1,1,0
0,0,3648,708,814,937,1189,114,123,122,174,0,1,0,1,1,0
0,0,2204,823,591,248,542,119,77,35,82,0,1,0,1,1,0
0,2,3395,660,930,807,998,112,134,101,118,0,1,0,1,0,0
0,1,2224,310,1140,774,0,53,171,114,0,0,1,0,1,1,0
1,3,2355,310,1601,444,0,50,250,63,0,0,1,0,1,0,0
0,6,3197,406,2524,0,267,67,320,0,29,0,1,1,1,0,0
0,8,2322,0,2322,0,0,0,73,0,0,0,0,0,0,0,0
0,2,583,53,381,130,19,10,33,18,3,0,1,0,1,1,0
0,7,1233,0,990,243,0,0,131,35,0,0,0,0,1,0,0
0,4,2477,878,1044,319,236,134,151,42,29,0,1,0,1,1,0
0,6,953,228,725,0,0,32,90,0,0,0,1,0,0,0,0
0,2,1661,0,355,767,539,0,61,93,93,1,0,0,0,1,0
0,2,1527,829,576,91,31,131,94,11,3,0,1,0,1,1,0
0,5,2277,228,2049,0,0,32,264,0,0,0,1,0,0,0,0
0,2,583,53,381,130,19,10,33,18,3,0,1,0,1,1,0
0,1,2558,256,1448,560,294,43,235,57,43,0,1,0,1,0,0
0,2,583,53,381,130,19,10,33,18,3,0,1,0,1,1,0
0,0,3852,411,2479,741,221,57,332,93,27,0,1,0,1,1,0
1,0,2041,272,1126,473,170,37,185,69,28,0,1,0,1,0,0
0,1,2839,774,1230,675,160,115,171,81,24,0,1,0,1,0,0
0,3,1448,111,1036,301,0,20,146,36,0,0,1,0,1,0,0
0,0,2846,1564,823,292,167,182,124,37,27,1,1,0,1,1,0
0,0,3960,708,1247,873,1132,114,173,122,167,0,1,0,1,1,0
0,5,3483,1970,1513,0,0,312,235,0,0,0,1,0,1,0,0
0,0,3774,1892,817,707,358,323,130,103,42,0,1,0,1,0,0
0,2,3835,708,1792,505,830,114,287,77,120,0,1,0,1,0,0
0,2,1588,554,362,672,0,88,58,111,0,0,1,0,1,0,0
0,0,3181,825,1711,475,170,147,255,69,25,1,1,0,1,1,0
0,4,1908,0,1126,782,0,0,132,123,0,0,0,0,0,0,0
0,0,2441,552,835,673,381,71,95,91,57,0,1,0,1,1,0
0,0,3101,1126,723,1112,140,163,91,142,19,0,1,0,1,1,0
0,2,1979,902,261,816,0,146,44,102,0,0,1,0,1,0,0
0,3,1462,0,80,1382,0,0,10,201,0,0,0,0,0,0,0
0,4,878,0,878,0,0,0,129,0,0,0,0,0,0,0,0
0,0,3137,898,1186,691,362,134,178,99,49,1,1,0,1,1,0
0,4,3817,2790,782,245,0,370,96,28,0,0,1,0,1,0,0
0,2,2647,371,1462,0,814,61,205,0,126,1,1,0,1,1,0
0,3,2417,536,754,1127,0,73,128,136,0,0,1,0,1,0,0
0,1,5274,1251,1439,598,1986,201,241,88,283,0,1,0,1,0,0
0,0,4007,726,1785,602,894,83,250,82,114,0,1,0,1,0,0
0,1,905,690,90,51,74,98,18,6,15,0,1,0,1,0,0
0,3,1800,487,622,296,395,67,84,33,49,1,1,0,1,0,0
1,0,3845,823,1296,659,1067,119,171,82,151,1,1,0,1,1,0
0,0,3569,532,2607,387,43,92,358,55,6,0,1,0,1,1,0
0,0,1893,485,682,425,301,75,98,44,36,0,1,0,1,1,0
0,5,3885,228,2269,1388,0,32,293,174,0,0,1,0,0,0,0
0,0,2342,330,1098,629,285,51,151,83,38,0,1,0,1,1,0
0,0,2623,64,1659,453,447,11,268,56,73,1,1,0,1,1,0
0,5,403,0,317,42,44,0,41,7,8,0,0,0,0,0,1
1,0,4597,1133,2393,417,654,185,369,56,89,0,1,0,1,1,0
0,8,1770,0,1770,0,0,0,247,0,0,0,0,0,0,1,0
0,0,4827,1251,724,805,2047,201,115,117,296,1,1,0,1,1,0
0,0,1819,788,594,340,97,119,80,44,12,0,1,0,1,0,0
0,2,2225,0,1705,171,349,0,250,27,53,0,0,0,1,1,0
0,2,3144,558,1231,171,1184,84,179,23,167,1,1,0,1,0,0
0,1,2051,0,1347,421,283,0,183,60,47,1,0,0,1,1,0
0,1,2398,0,1217,673,508,0,179,94,84,0,0,0,1,0,0
0,0,2520,657,1235,165,463,100,174,20,63,0,1,0,1,0,0
0,4,4258,228,2902,1128,0,32,373,145,0,0,1,0,0,0,0
1,2,2587,0,2474,0,113,0,284,0,11,1,0,0,0,0,0
0,5,4626,1208,2703,607,108,155,379,75,17,0,1,0,1,0,0
0,5,1162,228,934,0,0,32,107,0,0,0,1,0,0,0,0
0,6,480,0,480,0,0,0,71,0,0,0,0,0,0,0,0
0,3,1357,525,345,95,392,88,49,9,54,0,1,1,1,0,0
0,5,1628,228,1400,0,0,32,192,0,0,0,1,0,0,0,0
0,1,2997,463,1161,837,536,77,178,114,83,0,1,0,1,1,0
0,4,2506,536,754,1216,0,73,128,181,0,0,1,0,1,0,0
0,2,582,53,383,127,19,10,33,18,3,0,1,0,1,1,0
0,1,4435,904,817,2714,0,124,110,321,0,0,1,0,1,0,0
0,1,2166,878,820,195,273,140,111,26,45,0,1,0,1,1,0
1,0,3995,867,1170,1177,781,141,171,143,87,0,1,0,1,0,0
0,1,1115,384,496,235,0,70,83,35,0,0,1,0,1,0,0
0,1,5298,470,3396,1432,0,66,456,184,0,0,1,0,1,0,0
0,2,1821,0,1126,695,0,0,143,91,0,0,0,0,0,0,0
0,1,2487,0,1374,912,201,0,225,135,22,1,0,0,1,0,0
0,5,2128,1299,243,250,336,178,41,30,52,0,1,0,1,0,0
0,3,2546,1298,1248,0,0,203,218,0,0,0,1,0,1,0,0
0,1,3012,1344,924,744,0,222,130,112,0,0,1,0,1,0,0
0,0,3029,600,1206,600,623,92,183,89,77,0,1,0,1,0,0
0,1,2787,748,1383,514,142,116,199,68,15,0,1,0,1,1,0
0,1,4747,0,3744,480,523,0,476,66,83,1,0,0,1,1,0
0,5,1473,228,1245,0,0,32,177,0,0,0,1,0,0,0,0
0,6,2116,879,922,315,0,141,117,40,0,0,1,0,1,0,0
0,0,1764,539,641,301,283,85,87,27,36,0,1,0,1,0,0
0,3,2794,1050,1068,426,250,155,138,54,37,0,1,0,1,1,0
0,3,4604,702,2197,1064,641,110,338,181,94,0,1,0,1,0,0
0,5,2277,228,2049,0,0,32,264,0,0,0,1,0,0,0,0
1,1,1276,369,803,104,0,42,129,16,0,0,1,0,1,0,0
0,1,2918,79,1436,843,560,12,213,125,106,0,1,0,1,0,0
0,6,1164,228,936,0,0,32,126,0,0,0,1,0,0,0,0
0,2,1670,351,581,491,247,48,95,53,29,0,1,0,1,0,0
0,0,4137,1230,1275,549,1083,181,196,76,161,1,1,0,1,1,0
0,1,5345,1520,2241,551,1033,214,314,71,167,0,1,0,1,0,0
0,3,1478,485,509,231,253,75,89,36,32,0,1,0,1,0,0
0,1,1724,858,640,226,0,159,99,31,0,0,1,0,1,1,0
0,6,1130,228,902,0,0,32,97,0,0,0,1,0,0,0,0
0,5,3104,816,1139,626,523,129,179,96,87,0,1,0,1,1,0
0,7,1026,0,1026,0,0,0,174,0,0,0,0,0,0,0,0
0,1,2335,1065,901,134,235,142,114,13,24,1,1,0,0,0,1
0,0,3603,571,1351,910,771,87,196,114,127,0,1,0,1,0,0
0,1,2268,560,1006,702,0,98,171,106,0,0,1,0,1,0,0
0,6,1545,228,1317,0,0,32,186,0,0,0,1,0,0,0,0
0,1,2896,868,1129,641,258,119,173,91,39,0,1,0,1,1,0
0,0,4568,2676,860,767,265,392,110,95,40,0,1,0,1,0,0
0,0,5642,1251,1104,1139,2148,201,165,139,307,1,1,0,1,0,0
0,1,2773,742,437,1025,569,108,59,127,72,0,1,0,1,1,0
0,2,583,53,381,130,19,10,33,18,3,0,1,0,1,1,0
0,3,1569,363,1002,204,0,51,106,24,0,0,1,0,1,1,0
0,1,2867,615,866,429,957,83,141,62,131,0,1,0,1,1,0
0,0,3820,1043,1265,769,743,175,196,115,105,1,1,0,1,1,0
0,0,2534,549,1327,457,201,87,207,73,29,1,1,0,1,1,0
0,1,2470,487,577,1011,395,67,74,159,49,0,1,0,1,1,0
0,1,4330,1628,1773,894,35,207,243,112,6,1,1,0,1,1,0
1,0,1353,411,535,258,149,69,85,26,20,1,1,0,1,1,0
0,6,1313,228,1085,0,0,32,128,0,0,0,1,0,0,0,0
0,5,5467,1254,2692,1225,296,183,437,186,46,0,1,0,1,0,0
0,1,4206,1481,1839,886,0,264,279,118,0,0,1,0,1,0,0
0,0,1975,554,734,375,312,82,110,43,35,1,1,0,1,0,0
0,1,1257,0,1102,96,59,0,161,17,9,0,0,0,1,1,0
0,1,402,0,134,134,134,0,20,20,20,0,0,0,0,0,0
0,2,502,53,319,111,19,10,20,16,3,0,1,0,1,0,0
0,7,700,0,700,0,0,0,113,0,0,0,0,0,0,0,0
1,3,3531,417,2106,1008,0,66,307,156,0,0,1,0,1,1,0
0,2,3022,0,1123,1470,429,0,182,191,62,0,0,0,0,0,0
0,0,3486,1395,856,953,282,229,140,139,37,1,1,0,1,1,0
0,0,1085,423,145,253,264,56,19,34,29,0,1,0,1,0,0
0,7,701,0,701,0,0,0,116,0,0,0,0,0,0,0,0
0,2,5698,551,3490,1438,219,78,460,178,34,0,1,0,1,1,0
0,0,3649,694,2181,552,222,105,316,74,27,0,1,0,1,1,0
0,4,3461,228,1148,2085,0,32,145,277,0,0,1,0,0,0,0
0,0,2556,748,509,1121,178,116,71,135,22,1,1,0,1,1,0
0,0,3779,660,898,2036,185,112,127,246,22,0,1,0,1,1,0
0,5,902,228,674,0,0,32,87,0,0,0,1,0,0,0,0
0,0,2201,63,282,1587,269,11,52,185,31,0,1,0,1,0,0
0,2,1845,0,1241,344,260,0,188,45,30,1,0,0,1,0,0
0,0,4425,708,1972,555,1190,114,295,80,175,0,1,0,1,1,0
0,6,980,228,752,0,0,32,95,0,0,0,1,0,0,0,0
0,6,301,0,188,113,0,0,27,19,0,0,0,0,0,0,1
0,3,2635,539,2096,0,0,81,284,0,0,0,1,0,1,1,0
0,2,583,53,381,130,19,10,33,18,3,0,1,0,1,1,0
0,0,3669,1042,1079,852,696,178,157,107,111,1,1,0,1,1,0
0,6,758,79,362,317,0,12,66,52,0,0,1,0,1,0,0
1,3,2199,320,1107,772,0,45,146,103,0,0,1,0,1,1,0
0,1,2921,551,1293,1077,0,78,172,136,0,1,1,0,1,1,0
0,0,1407,94,513,475,325,15,91,62,53,1,1,0,1,1,0
0,7,1525,829,696,0,0,131,96,0,0,0,1,0,1,0,0
0,1,3347,1258,1254,835,0,230,193,100,0,0,1,0,1,0,0
0,0,2914,897,1357,120,540,157,208,17,88,0,1,0,1,1,0
0,0,4779,720,2091,1135,833,100,263,133,111,0,1,0,1,1,0
0,2,3512,1628,1854,0,30,207,247,0,5,1,1,0,1,1,0
0,5,891,356,535,0,0,48,85,0,0,0,1,0,1,0,0
0,0,4028,808,1378,1319,523,144,202,173,65,0,1,0,1,1,0
0,0,1562,132,338,1029,63,24,48,127,10,0,1,0,1,0,0
0,6,1313,228,1085,0,0,32,128,0,0,0,1,0,0,0,0
0,0,1946,321,982,580,63,46,127,69,9,0,1,0,1,0,0
0,0,3507,1508,963,941,95,239,153,123,10,0,1,0,1,1,0
0,7,1780,866,914,0,0,123,134,0,0,0,1,0,1,0,0
0,2,583,53,381,130,19,10,33,18,3,0,1,0,1,1,0
0,0,2594,598,917,825,254,80,157,113,45,0,1,0,1,1,0
0,2,1377,681,511,185,0,105,73,25,0,0,1,0,1,0,0
0,0,2242,334,1180,426,302,49,192,50,45,0,1,0,1,1,0
0,4,5356,1594,3762,0,0,270,587,0,0,0,1,0,1,1,0
0,2,2132,384,1748,0,0,70,266,0,0,0,1,0,1,1,0
0,5,402,0,316,42,44,0,40,7,8,0,0,0,0,0,1
0,6,1504,355,1149,0,0,58,181,0,0,0,1,0,1,1,0
0,7,1071,454,617,0,0,68,76,0,0,0,1,0,1,0,0
0,2,583,53,381,130,19,10,33,18,3,0,1,0,1,1,0
0,6,2722,0,1619,754,349,0,254,107,53,0,0,1,1,0,0
0,0,2808,708,1765,226,109,96,225,29,15,0,1,0,1,0,0
0,0,6365,2065,2417,1194,689,333,404,161,90,1,1,0,1,1,0
0,1,7957,1247,3402,3068,240,175,470,356,33,0,1,0,1,0,0
0,2,583,53,381,130,19,10,33,18,3,0,1,0,1,1,0
0,2,1822,536,763,523,0,73,108,68,0,0,1,0,1,0,0
0,2,583,53,381,130,19,10,33,18,3,0,1,0,1,1,0
0,1,3318,694,1852,579,193,105,270,78,26,0,1,0,1,1,0
0,2,583,53,381,130,19,10,33,18,3,0,1,0,1,1,0
0,3,1357,90,881,173,213,15,137,28,41,0,1,0,1,1,0
0,2,583,53,381,130,19,10,33,18,3,0,1,0,1,1,0
0,2,2609,929,1476,204,0,132,211,34,0,0,1,0,1,0,0
0,0,3663,1180,1263,716,504,173,161,110,68,1,1,0,1,0,0
0,2,583,53,381,130,19,10,33,18,3,0,1,0,1,1,0
0,1,2928,229,1441,920,338,33,238,147,55,0,1,0,1,1,0
0,2,583,53,381,130,19,10,33,18,3,0,1,0,1,1,0
0,2,1009,89,326,170,424,13,49,21,66,0,1,0,1,1,0
0,5,1262,228,1034,0,0,32,121,0,0,0,1,0,0,0,0
0,2,583,53,381,130,19,10,33,18,3,0,1,0,1,1,0
0,0,4212,651,1736,1107,718,107,233,121,100,0,1,0,1,1,0
0,2,583,53,381,130,19,10,33,18,3,0,1,0,1,1,0
0,4,1152,228,750,174,0,32,100,25,0,0,1,0,0,0,0
0,2,583,53,381,130,19,10,33,18,3,0,1,0,1,1,0
0,2,583,53,381,130,19,10,33,18,3,0,1,0,1,1,0
0,2,583,53,381,130,19,10,33,18,3,0,1,0,1,1,0
0,0,2149,64,1416,222,447,11,244,23,73,1,1,0,1,1,0
0,1,2345,858,910,419,158,159,116,50,18,0,1,0,1,1,0
0,2,583,53,381,130,19,10,33,18,3,0,1,0,1,1,0
0,2,577,53,382,123,19,10,33,18,3,0,1,0,1,1,0
0,2,583,53,381,130,19,10,33,18,3,0,1,0,1,1,0
0,2,583,53,381,130,19,10,33,18,3,0,1,0,1,1,0
0,2,583,53,381,130,19,10,33,18,3,0,1,0,1,1,0
0,2,583,53,381,130,19,10,33,18,3,0,1,0,1,1,0
0,2,583,53,381,130,19,10,33,18,3,0,1,0,1,1,0
0,2,583,53,381,130,19,10,33,18,3,0,1,0,1,1,0
0,7,1635,866,769,0,0,123,114,0,0,0,1,0,1,0,0
0,0,1259,63,262,665,269,11,42,81,31,0,1,0,1,0,0
0,4,1420,134,809,274,203,20,117,43,32,0,1,0,1,1,0
0,2,583,53,381,130,19,10,33,18,3,0,1,0,1,1,0
0,2,583,53,381,130,19,10,33,18,3,0,1,0,1,1,0
0,2,583,53,381,130,19,10,33,18,3,0,1,0,1,1,0
0,2,624,53,332,220,19,10,28,31,3,0,1,0,1,0,0
0,2,583,53,381,130,19,10,33,18,3,0,1,0,1,1,0
0,1,2790,673,1485,632,0,97,238,92,0,0,1,0,1,0,0
0,2,577,53,382,123,19,10,33,18,3,0,1,0,1,1,0
0,2,583,53,381,130,19,10,33,18,3,0,1,0,1,1,0
0,2,583,53,381,130,19,10,33,18,3,0,1,0,1,1,0
0,2,583,53,381,130,19,10,33,18,3,0,1,0,1,1,0
0,2,583,53,381,130,19,10,33,18,3,0,1,0,1,1,0
0,6,1313,228,1085,0,0,32,135,0,0,0,1,0,0,0,0
0,2,583,53,381,130,19,10,33,18,3,0,1,0,1,1,0
0,4,2354,352,1031,971,0,52,147,123,0,0,1,0,1,1,0
0,2,583,53,381,130,19,10,33,18,3,0,1,0,1,1,0
0,0,4087,1113,1767,892,315,155,250,117,45,0,1,0,1,1,0
0,2,583,53,381,130,19,10,33,18,3,0,1,0,1,1,0
0,2,583,53,381,130,19,10,33,18,3,0,1,0,1,1,0
0,2,583,53,381,130,19,10,33,18,3,0,1,0,1,1,0
0,0,1729,105,1247,185,192,14,149,18,34,0,1,0,1,0,0
0,2,583,53,381,130,19,10,33,18,3,0,1,0,1,1,0
0,3,2160,0,2160,0,0,0,280,0,0,0,0,0,0,0,0
0,2,583,53,381,130,19,10,33,18,3,0,1,0,1,1,0
0,2,583,53,381,130,19,10,33,18,3,0,1,0,1,1,0
0,2,583,53,381,130,19,10,33,18,3,0,1,0,1,1,0
0,2,583,53,381,130,19,10,33,18,3,0,1,0,1,1,0
0,2,583,53,381,130,19,10,33,18,3,0,1,0,1,1,0
0,4,1350,0,1303,47,0,0,181,9,0,1,0,0,0,0,0
0,2,1876,832,1044,0,0,132,167,0,0,1,1,0,0,0,0
0,2,583,53,381,130,19,10,33,18,3,0,1,0,1,1,0
0,2,583,53,381,130,19,10,33,18,3,0,1,0,1,1,0
0,2,583,53,381,130,19,10,33,18,3,0,1,0,1,1,0
0,2,599,53,398,129,19,10,30,17,3,0,1,0,1,0,0
0,0,3165,660,839,1373,293,112,143,184,40,0,1,0,1,1,0
0,2,583,53,381,130,19,10,33,18,3,0,1,0,1,1,0
0,2,583,53,381,130,19,10,33,18,3,0,1,0,1,1,0
0,1,1316,76,780,460,0,13,129,72,0,0,1,0,1,1,0
0,2,583,53,381,130,19,10,33,18,3,0,1,0,1,1,0
0,2,583,53,381,130,19,10,33,18,3,0,1,0,1,1,0
0,2,583,53,381,130,19,10,33,18,3,0,1,0,1,1,0
0,2,583,53,381,130,19,10,33,18,3,0,1,0,1,1,0
0,2,583,53,381,130,19,10,33,18,3,0,1,0,1,1,0
0,1,1333,0,649,649,35,0,87,87,6,1,0,0,0,0,0
0,2,3412,592,1929,891,0,86,264,131,0,0,1,0,1,1,0
0,2,1948,748,573,493,134,116,78,63,15,0,1,0,1,1,0
0,5,2292,0,1661,631,0,0,254,85,0,0,0,0,1,0,0
0,7,1370,619,751,0,0,64,82,0,0,0,1,0,1,1,0
0,5,1196,511,164,521,0,73,27,67,0,0,1,0,1,1,0
0,0,4465,968,1473,1431,593,130,209,178,93,1,1,0,1,1,0
0,6,1434,879,364,191,0,141,48,20,0,0,1,0,1,0,0
0,0,3820,1043,1265,769,743,175,196,115,105,1,1,0,1,1,0
0,0,761,76,385,294,6,13,61,35,1,0,1,0,1,0,0
0,1,2102,0,1621,429,52,0,242,58,4,0,0,0,1,0,0
0,1,8694,1247,4531,2674,242,175,584,329,33,0,1,0,1,0,0
0,0,3056,778,1131,711,436,115,155,93,77,0,1,0,1,0,0
0,0,1779,138,618,651,372,22,98,90,53,0,1,0,1,0,0
0,1,3287,748,1764,636,139,116,242,74,15,0,1,0,1,1,0
0,0,3622,667,2372,499,84,111,366,63,14,0,1,0,1,1,0
0,1,3325,1505,667,1153,0,215,103,134,0,0,1,0,1,1,0
0,0,3537,1181,1313,163,880,156,154,16,88,0,1,0,1,0,0
0,1,3727,570,1197,1778,182,77,163,244,30,0,1,0,1,1,0
0,6,1149,228,921,0,0,32,115,0,0,0,1,0,0,0,0
0,6,1011,0,1011,0,0,0,100,0,0,0,0,0,1,0,0
1,3,2957,748,1664,411,134,116,249,51,15,0,1,0,1,1,0
0,1,3104,897,1697,182,328,157,260,20,41,0,1,0,1,0,0
0,6,764,0,706,28,30,0,103,3,4,0,0,0,0,0,0
0,1,3081,1178,844,450,609,191,133,51,62,1,1,0,1,0,0
0,2,2414,0,1220,431,763,0,170,56,115,1,0,0,0,1,0
0,5,1380,433,947,0,0,48,160,0,0,0,1,0,1,1,0
0,5,1139,228,911,0,0,32,110,0,0,0,1,0,0,0,0
0,2,5582,1594,3988,0,0,270,640,0,0,1,1,0,1,1,0
1,2,1968,0,1380,506,82,0,224,78,13,0,0,0,0,1,0
0,5,6461,2438,104,3897,22,328,20,638,5,0,1,0,1,0,0
0,8,1105,0,1105,0,0,0,146,0,0,0,0,0,0,0,0
0,5,1092,228,864,0,0,32,122,0,0,0,1,0,0,0,0
0,5,3869,1174,941,1071,683,192,147,168,95,1,1,0,1,1,0
0,1,3594,509,2007,673,405,79,299,99,55,0,1,0,1,0,0
0,0,4021,1344,825,1568,284,222,106,155,49,0,1,0,1,0,0
0,7,1900,866,1034,0,0,123,152,0,0,0,1,0,1,0,0
0,0,1184,423,190,339,232,56,26,44,35,0,1,0,1,0,0
0,6,2033,601,1432,0,0,91,202,0,0,0,1,0,1,0,0
0,1,3096,1441,766,889,0,220,90,115,0,0,1,0,1,1,0
0,3,1624,0,574,603,447,0,76,79,68,0,0,0,0,0,0
0,1,1455,0,996,380,79,0,137,49,10,0,0,0,1,0,0
0,0,2200,598,805,472,325,80,147,75,56,0,1,0,1,1,0
0,1,4281,1311,1820,908,242,221,251,109,40,1,1,0,1,0,0
0,2,4018,1659,544,1256,559,194,85,163,87,0,1,0,1,1,0
0,0,2607,235,1381,468,523,24,205,59,81,0,1,0,1,1,0
0,0,3091,606,2116,279,90,90,294,31,12,0,1,0,1,0,0
0,0,6159,1251,1224,1530,2154,201,184,219,307,1,1,0,1,0,0
0,0,2649,417,1370,502,360,66,201,66,51,1,1,0,1,1,0
0,0,4178,708,1910,1207,353,114,314,177,51,1,1,0,1,1,0
0,1,2200,468,756,905,71,74,112,149,7,1,1,0,1,0,0
0,3,2914,134,1652,681,447,20,230,97,66,0,1,0,1,1,0
1,3,2740,1362,1378,0,0,222,210,0,0,0,1,0,1,0,0
0,3,2332,0,1077,1255,0,0,141,155,0,0,0,0,1,0,0
0,0,351,33,104,98,116,5,16,16,19,0,1,0,1,0,0
0,2,2634,1025,748,272,589,148,90,30,74,0,1,0,1,0,0
0,0,3757,913,1352,1006,486,129,228,131,72,0,1,0,1,0,0
0,3,1902,651,544,386,321,107,73,49,43,0,1,0,1,0,0
0,6,2270,0,315,897,1058,0,44,130,154,0,0,0,1,0,0
0,1,4923,1194,2603,689,437,186,392,109,68,0,1,0,1,1,0
0,0,2581,456,883,1146,96,70,156,194,12,0,1,0,1,1,0
0,7,862,0,431,431,0,0,35,35,0,0,0,0,0,0,0
0,0,2875,897,1511,147,320,157,238,21,41,0,1,0,1,0,0
0,0,2885,1317,737,620,211,210,120,55,28,0,1,0,1,0,0
0,1,5472,785,3373,1230,84,127,501,169,10,0,1,0,1,1,0
1,1,2429,660,1226,397,146,91,175,51,20,0,1,1,1,1,0
0,2,5323,1211,2922,1190,0,205,455,148,0,0,1,0,1,1,0
0,7,1534,829,705,0,0,131,98,0,0,0,1,0,1,0,0
0,1,1169,236,901,32,0,35,154,6,0,0,1,0,1,1,0
0,0,3135,579,1140,804,612,87,155,112,72,0,1,0,1,1,0
0,1,1552,134,738,371,309,20,121,55,46,0,1,0,1,1,0
0,1,2123,858,640,625,0,159,99,104,0,0,1,0,1,1,0
0,5,2721,228,811,1682,0,32,100,217,0,0,1,0,0,0,0
0,0,1995,229,832,482,452,33,121,64,68,0,1,0,1,1,0
0,2,1980,838,648,494,0,131,108,71,0,0,1,0,1,1,0
0,1,2111,0,751,1056,304,0,111,148,47,1,0,0,1,0,0
0,0,1847,924,121,746,56,129,16,94,7,0,1,0,0,1,0
0,6,1456,567,709,180,0,88,104,23,0,0,1,0,1,1,0
0,5,933,228,705,0,0,32,85,0,0,0,1,0,0,0,0
0,5,4572,1254,1561,1495,262,183,251,220,37,0,1,0,1,0,0
0,3,2149,879,798,472,0,141,102,57,0,0,1,0,1,1,0
0,0,1010,195,532,200,83,20,84,24,11,1,1,0,1,1,0
0,1,4051,1481,1830,740,0,264,281,98,0,0,1,0,1,0,0
0,0,3971,644,1013,1204,1110,85,160,167,182,0,1,0,1,0,0
0,4,3618,1970,1648,0,0,312,249,0,0,0,1,0,1,0,0
0,6,2293,536,842,915,0,73,139,118,0,0,1,0,1,0,0
0,1,3802,1073,986,1153,590,154,144,146,102,0,1,0,1,0,0
0,1,2601,487,1370,349,395,67,179,37,49,0,1,0,1,0,0
0,1,3596,422,2258,793,123,68,323,118,14,0,1,0,1,0,0
0,1,2389,134,1095,757,403,20,160,110,54,0,1,0,1,1,0
0,4,2909,1298,1611,0,0,203,256,0,0,0,1,0,1,0,0
0,1,3188,694,1663,638,193,105,241,80,27,0,1,0,1,1,0
0,2,958,0,614,344,0,0,89,50,0,1,0,0,0,0,1
0,1,2969,1557,554,713,145,230,68,92,17,0,1,0,1,1,0
0,2,3023,439,1793,791,0,78,277,107,0,0,1,0,1,0,0
0,1,4571,479,2322,1770,0,63,306,228,0,0,1,0,1,1,0
0,0,5065,1436,2371,686,572,218,343,92,76,0,1,0,1,0,0
0,6,1504,866,532,106,0,123,78,14,0,0,1,0,1,0,0
0,1,2486,620,905,961,0,85,123,127,0,0,1,0,1,0,0
0,1,1833,396,1295,142,0,50,173,19,0,0,1,0,1,1,0
0,0,2657,1174,614,683,186,171,91,73,24,1,1,0,1,1,0
0,0,3664,717,2262,219,466,120,287,28,67,0,1,0,1,1,0
0,3,2341,1410,550,0,381,215,80,0,59,0,1,0,1,0,0
0,0,3497,1042,1225,534,696,178,181,69,111,1,1,0,1,1,0
0,3,3534,1013,1607,914,0,148,216,130,0,0,1,0,1,0,0
0,5,1540,310,545,685,0,53,82,97,0,0,1,0,1,0,0
0,2,3477,251,1950,356,920,52,306,57,147,0,1,0,1,1,0
0,2,3168,1410,1758,0,0,215,263,0,0,0,1,0,1,1,0
0,1,5407,1708,2055,793,851,290,325,133,163,0,1,0,1,1,0
0,4,2031,228,497,1306,0,32,67,172,0,0,1,0,0,0,0
0,6,1358,0,1358,0,0,0,190,0,0,0,0,1,0,0,0
0,8,4247,0,4247,0,0,0,94,0,0,0,0,0,0,0,0
0,0,3982,544,1555,624,1259,100,225,78,210,1,1,0,1,1,0
0,0,3708,975,1748,742,243,147,288,104,35,1,1,0,1,1,0
0,1,4174,251,2846,936,141,52,351,126,19,0,1,0,1,0,0
0,1,2909,1392,395,1122,0,209,51,143,0,0,1,0,1,1,0
1,1,3292,1193,498,1426,175,152,68,191,32,0,1,0,1,0,0
0,2,583,53,381,130,19,10,33,18,3,0,1,0,1,1,0
0,0,3415,1181,1147,264,823,156,141,27,89,0,1,0,1,0,0
0,0,2006,651,539,516,300,107,81,63,42,0,1,0,1,1,0
0,1,757,0,477,240,40,0,71,31,8,1,0,0,0,0,0
0,1,3403,633,1808,962,0,94,292,142,0,0,1,0,1,1,0
0,7,3847,1970,1877,0,0,312,277,0,0,0,1,0,1,0,0
0,4,3996,712,1468,1816,0,107,235,232,0,0,1,0,1,0,0
0,3,4301,2790,1466,45,0,370,205,8,0,0,1,0,1,0,0
0,1,6113,1708,2433,1057,915,290,381,132,168,0,1,0,1,1,0
0,0,2868,487,1661,326,394,67,218,41,49,1,1,0,1,0,0
0,5,1836,739,656,246,195,113,87,30,27,0,1,0,1,1,0
0,1,3328,694,2013,413,208,105,296,54,28,0,1,0,1,1,0
0,0,2884,947,735,662,540,144,100,71,75,0,1,0,1,0,0
0,7,1221,0,459,0,762,0,77,0,138,0,0,0,1,0,0
0,5,1605,0,1239,146,220,0,186,23,28,0,0,1,1,1,0
0,2,1721,371,682,0,668,61,106,0,105,1,1,0,1,1,0
0,4,1391,0,681,150,560,0,112,21,77,0,0,0,0,0,0
0,6,284,0,231,53,0,0,30,6,0,0,0,0,1,1,0
0,2,503,0,253,250,0,0,22,46,0,1,0,0,1,1,0
0,0,4546,1503,2086,814,143,209,281,103,22,0,1,0,1,1,0
0,0,3925,651,1823,1016,435,100,237,122,65,0,1,0,1,1,0
0,6,1351,739,169,443,0,113,25,66,0,0,1,0,1,1,0
0,4,1445,228,269,948,0,32,39,126,0,0,1,0,0,0,0
0,0,5481,813,2584,1451,633,113,365,211,89,1,1,0,1,1,0
0,2,3100,837,932,503,828,138,147,58,127,0,1,0,1,0,0
0,3,1617,651,331,405,230,107,45,47,34,0,1,0,1,1,0
0,1,1701,711,745,217,28,109,116,35,6,0,1,0,1,1,0
0,1,1390,859,518,13,0,152,69,3,0,0,1,0,1,0,0
0,6,952,228,724,0,0,32,90,0,0,0,1,0,0,0,0
0,0,3151,746,1788,257,360,127,262,38,49,0,1,0,1,1,0
0,4,1206,134,637,232,203,20,95,33,32,0,1,0,1,1,0
0,7,2046,1447,599,0,0,215,81,0,0,0,1,0,1,1,0
0,1,3441,1073,1144,634,590,154,166,99,102,0,1,0,1,0,0
0,0,2444,348,518,1451,127,53,64,192,17,0,1,0,1,0,0
0,1,2488,700,1027,761,0,103,149,99,0,0,1,0,1,0,0
0,0,2439,832,427,1076,104,132,71,175,11,1,1,0,0,0,0
0,5,1077,0,1077,0,0,0,179,0,0,0,0,0,1,0,0
0,4,2518,310,1371,510,327,53,201,67,59,0,1,0,1,0,0
0,1,1688,761,416,351,160,103,58,51,20,0,1,0,1,1,0
0,0,3919,1043,1293,840,743,175,201,123,105,1,1,0,1,1,0
0,0,3144,570,1857,693,24,77,288,101,3,0,1,0,1,1,0
0,6,1154,228,926,0,0,32,105,0,0,0,1,0,0,0,0
0,2,3082,0,1696,831,555,0,236,94,86,0,0,0,1,1,0
0,2,583,53,381,130,19,10,33,18,3,0,1,0,1,1,0
0,6,4666,79,3915,672,0,12,595,77,0,0,1,0,1,0,0
0,0,1970,362,805,374,429,62,119,51,74,1,1,0,1,1,0
0,0,3314,947,1829,393,145,150,283,50,20,0,1,0,1,1,0
0,0,2137,868,753,201,315,119,108,26,53,0,1,0,1,0,0
0,1,3277,200,2617,460,0,30,396,60,0,0,1,0,1,1,0
0,0,4316,1181,1446,864,825,156,190,112,89,1,1,0,1,0,0
0,1,2211,514,1049,648,0,89,169,103,0,0,1,0,1,0,0
0,1,4633,1004,3196,433,0,139,474,59,0,0,1,0,1,1,0
0,2,3143,558,1230,171,1184,84,180,23,167,1,1,0,1,0,0
0,2,1284,175,838,0,271,29,124,0,44,0,1,0,1,1,0
0,2,3144,558,1231,171,1184,84,179,23,167,1,1,0,1,0,0
0,1,2272,200,1612,460,0,30,246,60,0,0,1,0,1,1,0
0,0,2912,779,1108,828,197,100,148,104,30,0,1,0,1,1,0
0,0,2047,588,772,612,75,89,108,69,9,0,1,0,1,0,0
0,1,4245,0,3203,701,341,0,430,93,48,1,0,0,0,0,0
0,1,1858,859,680,319,0,152,83,41,0,0,1,0,1,0,0
0,0,4422,702,1626,1401,693,100,221,164,102,0,1,0,1,1,0
0,1,3254,660,1567,725,302,112,238,107,39,0,1,0,1,1,0
0,0,2628,613,1270,492,253,90,205,65,30,0,1,0,1,0,0
0,6,1786,89,1360,337,0,13,208,38,0,0,1,0,1,0,0
0,3,1753,134,785,648,186,20,113,88,25,0,1,0,1,1,0
0,0,5662,219,4411,882,150,36,664,111,21,0,1,0,1,1,0
0,3,1771,0,1267,433,71,0,149,49,10,1,0,0,1,0,0
0,0,3519,726,875,1021,897,83,136,135,117,0,1,0,1,0,0
0,4,2746,1298,1448,0,0,203,237,0,0,0,1,0,1,0,0
0,5,3592,1137,1697,580,178,191,271,65,22,0,1,0,1,0,0
0,5,2538,228,2310,0,0,32,286,0,0,0,1,0,0,0,0
0,1,4149,898,2218,731,302,145,337,90,45,1,1,0,1,0,0
0,0,3017,742,665,1093,517,108,93,129,68,0,1,0,1,0,0
0,1,2253,60,1658,344,191,8,227,47,22,1,1,0,1,0,0
0,1,1072,228,195,649,0,32,21,60,0,0,1,0,0,0,0
0,2,2193,554,614,1025,0,88,88,167,0,0,1,0,1,0,0
0,5,2978,816,1078,554,530,129,168,84,87,0,1,0,1,1,0
1,2,1326,673,290,233,130,95,44,27,15,0,1,0,1,0,0
0,1,3026,763,1219,521,523,130,217,77,87,0,1,0,1,1,0
0,5,1636,228,1408,0,0,32,194,0,0,0,1,0,0,0,0
0,0,3854,1042,1500,616,696,178,201,81,111,0,1,0,1,1,0
0,1,3935,79,769,2077,1010,12,133,320,186,1,1,0,1,0,0
0,3,3048,362,1271,554,861,59,199,79,142,0,1,0,1,1,0
0,0,2527,200,1825,120,382,30,254,17,47,0,1,0,1,1,0
0,5,2433,624,878,595,336,87,97,74,46,0,1,0,1,0,0
0,6,3230,350,1888,992,0,53,332,159,0,0,1,0,1,1,0
0,0,3169,726,922,624,897,83,138,75,117,0,1,0,1,0,0
0,2,2862,1398,676,782,6,196,106,119,1,0,1,0,1,1,0
1,0,3954,1178,1744,695,337,191,241,88,47,0,1,1,1,0,0
0,4,5707,228,2098,3381,0,32,272,425,0,0,1,0,0,0,0
1,0,2372,333,847,1010,182,48,115,134,20,1,1,0,1,0,0
0,6,3318,879,1772,667,0,141,221,87,0,0,1,0,1,0,0
0,7,1894,866,1028,0,0,123,151,0,0,0,1,0,1,0,0
0,0,1836,505,557,617,157,79,72,84,22,1,1,0,1,1,0
0,1,1746,603,965,139,39,94,144,20,6,0,1,0,1,1,0
0,4,1965,1264,701,0,0,216,111,0,0,0,1,0,1,0,0
0,1,4046,1392,788,1250,616,209,121,173,85,0,1,0,1,1,0
0,5,2295,228,861,1206,0,32,107,150,0,0,1,0,0,0,0
0,5,1883,228,1655,0,0,32,250,0,0,0,1,0,0,0,0
0,5,3044,508,1933,262,341,65,296,35,54,0,1,0,1,1,0
0,2,3087,250,2837,0,0,30,245,0,0,0,1,0,0,0,0
0,1,2350,544,733,579,494,76,116,72,92,0,1,0,1,1,0
1,1,1399,303,641,455,0,47,97,54,0,0,1,0,1,1,0
0,1,1956,364,1061,531,0,61,145,65,0,1,1,0,1,1,0
0,3,3717,727,702,766,1522,99,97,97,209,0,1,0,1,1,0
0,1,2900,536,904,1460,0,73,149,178,0,0,1,0,1,1,0
0,1,3982,746,2221,548,467,127,320,80,58,0,1,0,1,1,0
0,4,2950,228,891,1831,0,32,120,239,0,0,1,0,0,0,0
0,6,1307,228,1079,0,0,32,149,0,0,0,1,0,0,0,0
0,5,1628,228,1400,0,0,32,192,0,0,0,1,0,0,0,0
0,0,4340,1492,1632,765,451,234,260,127,76,0,1,0,1,0,0
0,4,3317,1492,763,573,489,234,104,72,73,0,1,0,1,0,0
0,6,2673,1492,889,292,0,234,126,38,0,0,1,0,1,0,0
0,5,4997,1251,951,809,1986,201,149,108,283,0,1,0,1,0,0
0,5,1540,310,545,685,0,53,82,97,0,0,1,0,1,0,0
0,5,1315,228,1087,0,0,32,129,0,0,0,1,0,0,0,0
0,4,1759,0,1129,630,0,0,141,69,0,0,0,0,0,0,1
0,1,3793,1492,1564,737,0,234,247,124,0,0,1,0,1,0,0
0,1,4247,1708,1536,0,1003,290,260,0,175,0,1,0,1,1,0
0,5,4398,1492,1831,624,451,234,282,96,76,0,1,0,1,0,0
0,5,1671,364,820,363,124,61,123,41,10,0,1,0,1,0,0
0,4,3279,228,1701,1350,0,32,205,174,0,0,1,0,0,0,0
0,1,2464,554,1426,484,0,88,198,61,0,0,1,0,1,0,0
0,0,2984,1481,239,816,448,264,42,115,72,0,1,0,1,0,0
0,0,1958,1187,248,401,122,184,29,59,12,1,1,0,1,0,0
0,0,2819,137,1179,1222,281,18,188,141,41,0,1,0,1,1,0
0,3,2867,672,764,663,768,114,99,89,133,0,1,0,1,1,0
0,6,1544,228,1316,0,0,32,184,0,0,0,1,0,0,0,0
0,1,3554,229,1149,1195,981,33,167,166,148,0,1,0,1,1,0
1,0,2387,550,1037,397,403,94,175,57,74,1,1,0,1,1,0
0,3,1286,0,877,409,0,0,112,56,0,1,0,0,0,0,0
0,2,1831,0,887,944,0,0,120,105,0,1,0,0,0,0,0
0,0,3831,1628,1639,542,22,207,203,65,3,1,1,0,1,1,0
0,0,5087,1052,1929,1316,790,162,284,155,116,1,1,0,1,0,0
0,0,4736,786,3532,280,138,125,475,33,17,1,1,0,1,0,0
0,0,3496,1043,1264,627,562,175,206,92,77,1,1,0,1,1,0
0,2,4577,2270,1195,635,477,330,162,75,47,0,1,0,1,1,0
0,5,3532,228,1414,1890,0,32,167,237,0,0,1,0,0,0,0
1,1,5200,1252,2038,1643,267,198,311,198,37,0,1,0,1,1,0
0,0,4083,596,2042,1262,183,85,263,169,24,0,1,0,1,1,0
0,2,1749,902,238,609,0,146,38,82,0,0,1,0,1,0,0
0,5,4018,228,1479,2311,0,32,224,282,0,0,1,0,0,0,0
0,5,3640,601,2034,1005,0,91,275,129,0,0,1,0,1,0,0
0,0,6464,1319,2208,1851,1086,147,292,249,181,0,1,0,1,0,0
0,0,1199,228,478,392,101,34,73,58,14,0,1,0,1,1,0
0,5,3792,310,2212,892,378,53,355,127,62,0,1,0,1,0,0
0,0,10267,2690,1029,3577,2971,413,145,486,427,1,1,0,1,1,0
0,2,3394,970,1337,901,186,134,183,133,25,0,1,0,1,1,0
0,0,3663,538,1797,790,538,72,231,109,72,1,1,0,1,1,0
0,1,4585,1466,1708,1411,0,222,238,211,0,1,1,0,1,1,0
0,0,3911,1113,1498,985,315,155,202,129,45,0,1,0,1,1,0
0,1,3219,250,2358,611,0,30,180,89,0,0,1,0,0,0,0
0,6,1031,228,803,0,0,32,119,0,0,0,1,0,0,0,0
0,5,1838,228,1610,0,0,32,225,0,0,0,1,0,0,0,0
0,1,1266,555,353,358,0,78,44,49,0,0,1,0,1,0,0
1,6,1554,1000,554,0,0,155,90,0,0,0,1,0,1,0,0
0,0,3777,1137,1970,492,178,191,303,64,22,0,1,0,1,0,0
0,0,4622,1057,1264,939,1362,125,189,116,192,0,1,0,1,1,0
0,2,2148,762,568,818,0,111,61,109,0,0,1,0,1,0,0
0,0,3008,928,895,816,369,142,152,131,51,1,1,0,1,0,0
0,1,1380,417,385,578,0,66,57,71,0,0,1,0,1,1,0
0,5,5085,0,763,3762,560,0,120,510,80,0,0,0,1,1,0
0,0,3145,694,1785,368,298,105,257,52,41,0,1,0,1,1,0
0,5,2016,666,1032,318,0,59,145,40,0,0,1,0,1,0,0
0,5,1675,364,824,363,124,61,121,41,10,0,1,0,1,0,0
0,2,2021,762,491,768,0,111,61,90,0,0,1,0,1,0,0
0,2,2072,762,826,484,0,111,89,59,0,0,1,0,1,0,0
0,0,671,92,348,132,99,13,57,16,10,0,1,0,1,1,0
0,5,1953,228,1725,0,0,32,228,0,0,0,1,0,0,0,0
0,0,2111,505,546,886,174,79,71,120,24,1,1,0,1,0,0
0,2,2129,917,774,438,0,155,128,57,0,0,1,0,1,1,0
0,3,2318,536,754,1028,0,73,128,128,0,0,1,0,1,0,0
0,5,1783,131,990,601,61,19,131,77,9,0,1,0,1,0,0
0,4,3002,536,1400,949,117,79,184,112,14,0,1,0,0,0,0
0,2,3140,558,1227,171,1184,84,179,23,167,1,1,0,1,0,0
0,0,2289,832,433,962,62,132,62,117,6,1,1,0,0,0,0
0,6,1752,228,1524,0,0,32,193,0,0,0,1,0,0,0,0
0,4,4239,228,2566,1445,0,32,327,181,0,0,1,0,0,0,0
1,1,2626,1441,676,509,0,220,108,72,0,0,1,0,1,1,0
0,6,887,0,316,338,233,0,48,46,28,0,0,0,1,0,0
0,1,2652,897,1054,160,541,157,155,23,87,1,1,0,1,1,0
0,1,2432,1050,1241,0,141,155,169,0,21,0,1,0,1,1,0
0,1,1716,0,1108,482,126,0,170,61,22,0,0,0,0,1,0
0,6,3984,879,2129,976,0,141,276,107,0,0,1,0,1,0,0
0,2,3637,0,2281,715,641,0,341,102,102,0,0,0,1,1,0
0,1,2618,229,1077,457,855,33,168,67,153,0,1,0,1,1,0
0,6,1933,570,1093,270,0,77,167,42,0,0,1,0,1,1,0
0,0,2215,553,975,366,321,82,149,57,47,1,1,0,1,1,0
0,3,2732,712,1140,880,0,107,183,114,0,0,1,0,1,1,0
0,1,4041,1481,1782,778,0,264,299,94,0,0,1,0,1,0,0
0,0,3735,730,1461,393,1151,116,229,47,186,0,1,0,1,0,0
0,2,2776,561,1099,898,218,86,172,145,34,0,1,0,1,1,0
0,5,1245,228,1017,0,0,32,128,0,0,0,1,0,0,0,0
0,5,886,0,630,236,20,0,99,44,5,0,0,0,0,0,0
0,3,1833,800,482,551,0,133,68,68,0,0,1,0,1,0,0
0,0,4690,1515,1531,1529,115,215,200,205,9,0,1,0,1,0,0
0,1,2876,1285,585,914,92,176,81,97,8,0,1,0,1,0,0
0,3,3910,627,1934,682,667,89,299,97,94,0,1,0,1,0,0
0,2,2688,1179,916,312,281,199,122,40,42,0,1,0,1,0,0
0,3,2549,549,1416,362,222,87,209,54,32,0,1,0,1,0,0
0,0,1677,236,492,384,565,35,68,55,83,0,1,0,1,0,0
0,1,2142,396,1017,563,166,62,162,81,26,0,1,0,1,1,0
0,0,3305,357,1160,989,799,57,179,131,119,0,1,0,1,0,0
0,4,2646,445,1021,1002,178,61,174,132,23,0,1,0,1,1,0
0,5,3120,606,934,622,958,77,144,71,118,0,1,0,1,0,0
0,1,2417,229,707,626,855,33,104,92,153,0,1,0,1,1,0
0,2,2413,554,1136,723,0,88,149,85,0,0,1,0,1,0,0
0,1,2851,439,1320,1092,0,78,209,148,0,1,1,0,1,0,0
0,0,1905,748,634,389,134,116,81,46,15,0,1,0,1,1,0
0,0,2978,553,1640,464,321,82,247,65,47,1,1,0,1,1,0
0,6,2712,228,2484,0,0,32,313,0,0,0,1,0,0,0,0
0,2,3204,627,1477,434,666,89,212,61,94,0,1,0,1,0,0
0,2,2161,755,1406,0,0,118,234,0,0,0,1,0,1,0,0
0,0,2510,1264,589,526,131,216,90,85,17,0,1,0,1,0,0
0,2,2259,1481,400,378,0,264,54,41,0,0,1,0,1,0,0
0,5,1237,228,1009,0,0,32,126,0,0,0,1,0,0,0,0
0,5,1540,310,545,685,0,53,82,97,0,0,1,0,1,0,0
0,0,2778,1285,1043,358,92,176,141,48,8,0,1,0,1,0,0
0,1,2102,463,697,406,536,77,121,68,83,0,1,0,1,1,0
0,1,9464,777,4743,3655,289,121,621,498,41,0,1,0,1,0,0
0,3,2391,133,1137,1121,0,19,186,162,0,0,1,0,1,0,0
0,6,1226,228,998,0,0,32,145,0,0,0,1,0,0,0,0
0,2,4285,467,2576,1242,0,73,353,168,0,0,1,0,1,1,0
0,0,6045,579,3349,1627,490,87,469,207,55,0,1,0,1,1,0
0,4,2956,228,1243,1485,0,32,156,196,0,0,1,0,0,0,0
0,4,1509,134,729,442,204,20,105,62,32,0,1,0,1,1,0
0,0,3118,544,1401,534,639,100,216,68,105,1,1,0,1,1,0
1,0,2130,592,1062,249,227,86,163,30,28,0,1,0,1,1,0
0,1,2088,424,850,731,83,64,127,98,9,0,1,0,1,0,0
1,2,6201,0,4715,1486,0,0,801,237,0,0,0,1,0,1,0
0,6,1096,228,868,0,0,32,127,0,0,0,1,0,0,0,0
0,1,4703,1708,1409,1001,585,290,250,167,107,0,1,0,1,1,0
0,0,4122,1786,1343,771,222,290,204,98,31,0,1,0,1,1,0
0,0,2057,588,774,611,84,89,117,68,9,0,1,0,1,1,0
0,5,2679,228,1178,1273,0,32,134,165,0,0,1,0,0,0,0
0,3,2044,387,837,563,257,63,132,88,43,0,1,0,1,0,0
0,0,10843,2676,5652,2290,225,392,772,294,33,0,1,0,1,0,0
0,1,1362,0,552,742,68,0,98,82,10,0,0,0,0,0,0
0,0,3453,1395,823,953,282,229,134,139,37,1,1,0,1,1,0
0,2,3637,509,1731,829,568,79,242,99,72,0,1,0,1,0,0
0,6,648,228,420,0,0,32,68,0,0,0,1,0,0,0,0
0,1,3755,1042,1166,851,696,178,168,113,111,1,1,0,1,1,0
0,2,1315,651,288,255,121,107,36,30,17,0,1,0,1,1,0
0,6,1148,228,920,0,0,32,114,0,0,0,1,0,0,0,0
0,5,2439,0,924,1149,366,0,138,152,43,0,0,0,1,0,0
0,2,5082,1630,3047,346,59,208,392,43,12,0,1,0,1,1,0
0,4,1526,134,785,404,203,20,108,67,32,0,1,0,1,1,0
0,0,1955,492,566,221,676,70,89,28,109,0,1,0,1,0,0
0,5,1396,228,1168,0,0,32,151,0,0,0,1,0,0,0,0
0,1,4248,2270,1110,391,477,330,134,42,47,0,1,0,1,1,0
0,0,3361,1113,1534,403,311,155,202,52,45,0,1,0,1,1,0
0,1,3448,1557,470,415,1006,230,74,53,141,0,1,0,1,0,0
0,7,1456,0,1382,74,0,0,181,11,0,0,0,0,1,0,0
0,7,1664,866,798,0,0,123,112,0,0,0,1,0,1,0,0
0,1,2437,361,1690,386,0,57,247,57,0,1,1,0,1,1,0
0,1,2644,142,1862,640,0,22,282,87,0,1,1,0,1,0,0
0,3,3165,1177,1658,59,271,118,201,11,42,0,1,0,1,0,0
0,2,2261,0,1992,269,0,0,273,33,0,1,0,0,1,1,0
0,7,1634,1557,77,0,0,230,15,0,0,0,1,0,1,0,0
0,0,4274,591,2611,531,541,83,337,68,77,1,1,0,1,1,0
0,3,1961,651,667,320,323,107,92,41,50,0,1,0,1,0,0
0,3,2321,815,921,585,0,121,118,73,0,0,1,0,1,0,0
0,5,2696,228,1272,1196,0,32,161,146,0,0,1,0,0,0,0
0,0,4248,615,1703,987,943,83,231,123,129,0,1,0,1,0,0
0,6,1162,228,934,0,0,32,107,0,0,0,1,0,0,0,0
1,1,1231,0,715,232,284,0,93,23,34,0,0,0,0,1,0
0,1,3901,651,1095,1428,727,107,139,221,101,0,1,0,1,1,0
0,5,4501,228,3053,1220,0,32,392,161,0,0,1,0,0,0,0
0,0,3924,134,2420,1205,165,20,326,151,26,0,1,0,1,1,0
0,7,1569,866,703,0,0,123,112,0,0,0,1,0,1,0,0
0,0,3460,1042,1023,714,681,178,146,86,109,0,1,0,1,1,0
0,1,2199,544,745,416,494,76,119,57,92,0,1,0,1,1,0
0,1,3699,1786,731,960,222,290,117,133,31,0,1,0,1,1,0
0,0,4868,1251,803,734,2080,201,122,100,301,1,1,0,1,1,0
0,5,2067,539,1528,0,0,81,213,0,0,0,1,0,1,1,0
0,0,2126,1187,420,266,253,180,61,44,43,0,1,0,1,1,0
0,3,1271,0,471,518,282,0,61,65,34,0,0,0,1,0,0
1,0,6427,1252,3567,1531,77,198,483,189,11,0,1,0,1,1,0
0,0,5218,1251,939,877,2151,201,136,126,307,1,1,0,1,1,0
0,0,3569,1436,446,1131,556,218,83,200,93,1,1,0,1,0,0
0,1,4539,982,999,2076,482,141,140,273,72,0,1,0,1,0,0
0,6,895,228,667,0,0,32,80,0,0,0,1,0,0,0,0
0,0,3128,579,1133,804,612,87,154,112,72,0,1,0,1,1,0
0,0,3240,1309,1199,276,456,190,176,34,74,0,1,0,1,0,0
0,2,4287,1708,1083,884,612,290,176,143,112,0,1,0,1,1,0
0,1,1413,442,476,325,170,75,76,41,18,0,1,0,1,0,0
1,0,3682,660,728,2109,185,112,108,261,22,0,1,0,1,1,0
0,5,3297,310,2001,558,428,53,303,92,72,0,1,0,1,0,0
0,1,5115,1218,2458,1439,0,209,406,221,0,0,1,0,1,1,0
0,0,3912,870,2167,601,274,140,330,74,34,0,1,0,1,1,0
0,7,1469,866,603,0,0,123,94,0,0,0,1,0,1,0,0
0,0,1802,180,897,234,491,25,112,35,68,1,1,0,0,0,0
0,6,1202,567,402,233,0,88,55,29,0,0,1,0,1,1,0
0,5,1782,463,1319,0,0,67,184,0,0,1,1,0,1,0,0
0,0,2884,726,572,803,783,83,76,108,100,0,1,0,1,0,0
0,0,2073,430,999,535,109,78,156,72,14,1,1,0,1,1,0
0,0,2529,622,1318,472,117,89,178,69,16,1,1,0,1,0,0
0,0,4520,1042,1860,922,696,178,276,127,111,1,1,0,1,1,0
0,0,3594,1181,1068,486,859,156,136,60,91,1,1,0,1,0,0
0,2,7724,2480,1716,2277,1251,298,229,274,167,1,1,0,1,1,0
0,4,1815,0,1398,417,0,0,238,50,0,0,0,0,1,1,0
0,3,2947,79,855,503,1510,12,128,67,264,0,1,0,1,0,0
0,3,3230,801,1144,1078,207,130,197,182,36,0,1,0,1,1,0
0,3,1231,0,1231,0,0,0,184,0,0,0,0,0,0,0,0
0,1,2719,255,1199,1087,178,35,161,130,22,1,1,0,1,1,0
0,5,2156,310,1353,493,0,53,196,71,0,0,1,0,1,0,0
0,1,4231,536,2222,1366,107,88,343,211,13,0,1,0,1,0,0
0,2,4922,808,2500,935,679,144,325,123,91,0,1,0,1,0,0
0,0,5148,1251,1011,735,2151,201,164,104,307,1,1,0,1,1,0
0,3,1343,0,910,170,263,0,158,27,38,0,0,0,0,1,0
0,2,2465,251,1465,378,371,52,240,58,55,0,1,0,1,0,0
0,0,3666,615,1716,1025,310,83,233,129,45,0,1,0,1,1,0
0,3,1461,829,525,91,16,131,74,15,2,0,1,0,1,1,0
0,1,2558,213,1697,378,270,39,233,46,39,0,1,0,1,1,0
0,1,3729,607,2085,1037,0,91,269,126,0,0,1,0,1,0,0
0,1,3938,1073,1508,269,1088,154,193,32,169,0,1,0,1,0,0
0,5,938,228,710,0,0,32,103,0,0,0,1,0,0,0,0
0,5,1636,228,1408,0,0,32,194,0,0,0,1,0,0,0,0
0,1,3589,1073,830,598,1088,154,113,76,169,0,1,0,1,1,0
0,1,2983,755,1725,503,0,104,232,65,0,0,1,0,1,1,0
0,5,1978,758,609,232,379,129,95,31,50,0,1,0,1,0,0
0,7,1952,0,1482,470,0,0,184,65,0,0,0,0,1,0,0
0,2,3532,1879,437,887,329,222,60,113,34,0,1,0,1,0,0
0,5,1991,758,622,232,379,129,96,31,50,0,1,0,1,0,0
1,0,4097,1133,1497,1299,168,185,194,175,25,1,1,0,1,0,0
0,6,570,0,87,483,0,0,11,79,0,0,0,0,0,0,0
0,0,4400,717,2872,345,466,120,375,42,67,0,1,0,1,1,0
0,0,2097,651,901,436,109,100,131,54,10,0,1,0,1,1,0
0,0,6813,1708,3337,905,863,290,573,142,162,0,1,0,1,1,0
0,2,3101,1481,647,973,0,264,105,133,0,0,1,0,1,0,0
0,7,1534,829,705,0,0,131,98,0,0,0,1,0,1,0,0
1,1,5201,1252,2045,1637,267,198,312,197,37,0,1,0,1,1,0
0,3,745,195,512,20,18,20,86,3,2,1,1,0,1,1,0
0,1,4843,1708,1561,562,1012,290,265,55,184,0,1,0,1,1,0
0,0,3273,1341,859,653,420,199,115,89,61,0,1,0,1,1,0
0,3,3237,574,1003,1275,385,86,150,180,52,0,1,0,1,0,0
0,8,3695,0,3695,0,0,0,151,0,0,0,0,0,0,0,0
0,2,4742,1708,1877,1157,0,290,328,194,0,0,1,0,1,1,0
0,7,1387,866,521,0,0,123,79,0,0,0,1,0,1,0,0
0,0,4251,1441,1866,660,284,220,259,93,42,0,1,0,1,1,0
0,1,2476,746,1418,216,96,127,214,38,16,0,1,0,1,1,0
0,1,1155,0,955,131,69,0,156,16,11,1,0,0,0,0,0
0,4,1133,0,746,387,0,0,96,47,0,0,0,0,1,0,0
0,7,1301,0,1301,0,0,0,221,0,0,0,0,0,1,0,0
0,2,3215,746,1579,603,287,127,233,96,37,0,1,0,1,1,0
0,5,3102,228,1416,1458,0,32,182,196,0,0,1,0,0,0,0
0,1,3185,357,2022,0,806,57,315,0,122,0,1,0,1,0,0
0,4,2480,321,1300,554,305,45,175,77,37,0,1,0,1,1,0
0,7,1399,866,533,0,0,123,80,0,0,0,1,0,1,0,0
1,1,1004,0,450,270,284,0,73,31,34,0,0,0,0,1,0
0,4,2937,310,1697,494,436,53,266,59,73,0,1,0,1,1,0
0,1,2282,0,678,1323,281,0,118,165,43,0,0,0,1,0,0
0,4,1402,134,807,258,203,20,118,35,32,0,1,0,1,1,0
0,7,1406,866,540,0,0,123,78,0,0,0,1,0,1,0,0
0,1,2963,229,1103,1178,453,33,174,175,76,0,1,0,1,1,0
0,4,1365,0,691,392,282,0,93,52,34,0,0,0,1,1,0
0,3,2398,580,1060,758,0,93,140,101,0,0,1,0,1,0,0
0,3,1342,404,345,593,0,41,52,73,0,0,1,0,0,0,0
1,4,2361,803,1558,0,0,105,230,0,0,0,1,0,1,0,0
0,7,2125,1447,678,0,0,215,92,0,0,0,1,0,1,1,0
0,0,4269,688,2282,1029,270,111,347,138,45,1,1,0,1,1,0
0,0,3251,275,2256,361,359,42,254,42,49,0,1,0,1,0,0
0,4,2145,815,899,431,0,121,129,61,0,0,1,0,1,1,0
0,2,2980,0,785,1044,1151,0,131,133,173,0,0,1,0,0,0
0,1,2687,1460,964,0,263,199,137,0,44,0,1,0,1,1,0
0,5,938,228,710,0,0,32,103,0,0,0,1,0,0,0,0
0,3,2992,134,1570,841,447,20,225,113,66,0,1,0,1,1,0
0,5,2935,1179,1029,517,210,199,143,65,34,0,1,0,1,0,0
0,0,3365,1264,904,454,743,216,159,62,118,0,1,0,1,0,0
0,0,1201,325,428,254,194,55,56,32,22,0,1,0,1,0,0
0,2,2820,1395,910,293,222,229,152,38,27,0,1,0,1,1,0
1,1,750,0,528,149,73,0,73,19,9,1,0,0,0,1,0
0,0,3525,832,550,2055,88,132,86,307,11,1,1,0,0,0,0
0,0,2800,742,386,1543,129,108,45,180,11,0,1,0,1,1,0
0,6,1161,228,933,0,0,32,106,0,0,0,1,0,0,0,0
0,1,4588,708,2026,833,1021,114,293,120,151,0,1,0,1,1,0
0,2,709,271,429,0,9,48,64,0,1,0,1,0,1,0,0
0,2,2885,0,780,1128,977,0,126,136,149,0,0,1,0,0,0
0,7,1296,0,1210,86,0,0,176,12,0,0,0,0,1,0,0
0,6,2983,0,2068,566,349,0,294,64,53,0,0,0,1,0,0
0,7,1756,866,890,0,0,123,138,0,0,0,1,0,1,0,0
0,2,3628,2790,659,179,0,370,82,24,0,0,1,0,1,0,0
0,6,1091,228,863,0,0,32,128,0,0,0,1,0,0,0,0
0,5,2986,816,1078,554,538,129,168,84,87,0,1,0,1,1,0
0,1,2758,1629,578,551,0,222,92,94,0,1,1,0,0,1,0
0,3,4548,421,2747,1132,248,56,373,148,35,0,1,0,1,0,0
0,0,3366,730,1954,511,171,116,317,73,24,0,1,0,1,1,0
0,5,2684,529,1475,484,196,80,207,61,26,0,1,1,1,1,0
0,0,3094,384,1379,850,481,49,212,114,61,1,1,0,1,1,0
0,4,3376,1879,469,1028,0,222,51,113,0,0,1,0,1,0,0
0,1,3188,554,818,1816,0,88,96,228,0,0,1,0,1,0,0
0,3,3070,549,1718,437,366,87,254,65,56,0,1,0,1,1,0
0,0,3610,1025,1272,213,1100,148,157,31,150,0,1,0,1,0,0
0,1,2106,549,1006,322,229,87,157,46,34,1,1,0,1,1,0
0,2,1155,228,232,695,0,32,30,70,0,0,1,0,0,0,0
0,3,3857,970,1518,472,897,134,209,72,143,0,1,0,1,1,0
0,2,4282,627,2523,456,676,89,353,68,96,0,1,0,1,0,0
0,0,4575,1515,627,2367,66,215,90,306,10,0,1,1,1,0,0
0,1,2713,296,1216,1201,0,46,172,156,0,1,1,0,1,1,0
0,1,988,228,159,601,0,32,17,64,0,0,1,1,0,0,0
0,0,2641,643,1275,589,134,99,216,92,19,1,1,0,1,1,0
0,0,1841,237,115,1367,122,37,19,179,15,0,1,0,1,1,0
0,3,2573,838,796,939,0,131,125,148,0,0,1,0,1,1,0
0,1,3751,831,1584,861,475,128,210,101,61,0,1,0,1,0,0
0,0,2677,1264,719,391,303,216,100,40,43,0,1,0,1,0,0
0,5,2618,228,1014,1376,0,32,126,186,0,0,1,0,0,0,0
0,1,2595,1441,699,455,0,220,100,61,0,0,1,0,1,1,0
0,5,940,228,712,0,0,32,104,0,0,0,1,0,0,0,0
0,2,2854,1025,897,318,614,148,112,41,76,0,1,0,1,0,0
0,0,4589,472,3269,812,36,59,436,114,5,1,1,0,0,0,0
0,4,540,452,88,0,0,80,13,0,0,0,1,0,1,1,0
0,1,3157,897,1697,236,327,157,260,30,41,0,1,0,1,0,0
0,1,1732,0,1280,317,135,0,180,40,18,0,0,0,0,1,0
0,2,3084,0,765,2319,0,0,106,330,0,0,0,0,0,0,0
0,6,1092,228,864,0,0,32,129,0,0,0,1,0,0,0,0
0,1,2850,229,1208,960,453,33,176,138,76,0,1,0,1,1,0
0,5,4838,1576,218,3044,0,243,34,411,0,0,1,0,1,1,0
0,2,6040,1708,2313,986,1033,290,366,144,190,0,1,0,1,1,0
0,1,5280,1708,1942,767,863,290,324,107,162,0,1,0,1,1,0
0,1,2743,790,718,432,803,122,101,60,104,0,1,0,1,0,0
0,2,2601,1441,705,455,0,220,100,61,0,0,1,0,1,1,0
0,1,1854,0,710,419,725,0,104,45,121,0,0,0,1,0,0
0,3,2885,463,880,1437,105,77,137,197,9,0,1,0,1,1,0
0,0,2902,1264,980,538,120,216,157,76,18,0,1,0,1,0,0
0,1,2746,0,1191,1420,135,0,158,186,18,0,0,0,0,1,0
0,1,2639,474,1118,1047,0,63,132,115,0,0,1,0,1,1,0
0,2,4110,1025,1215,951,919,148,148,114,130,0,1,0,1,0,0
0,4,1404,0,1272,132,0,0,192,19,0,0,0,0,1,0,0
0,1,3292,1481,1069,742,0,264,163,93,0,0,1,0,1,0,0
0,1,3367,1073,693,513,1088,154,100,60,169,0,1,0,1,0,0
0,6,1409,228,1181,0,0,32,182,0,0,0,1,0,0,0,0
0,5,2858,368,1538,952,0,53,205,113,0,0,1,0,1,1,0
0,3,3545,702,1293,914,636,110,177,127,87,0,1,0,1,0,0
0,6,2189,879,790,520,0,141,101,65,0,0,1,0,1,0,0
0,6,1114,228,886,0,0,32,120,0,0,0,1,0,0,0,0
0,5,4623,813,946,1518,1346,113,126,248,204,0,1,0,1,1,0
0,0,2854,1120,399,1182,153,164,59,153,18,0,1,0,1,1,0
0,0,3839,1113,1666,745,315,155,227,82,45,0,1,0,1,1,0
0,5,3363,310,1528,1022,503,53,248,138,85,0,1,0,1,0,0
0,1,2815,501,1238,492,584,63,208,86,93,0,1,0,1,0,0
0,0,2221,651,607,527,436,100,82,66,65,0,1,0,1,1,0
0,5,1164,228,936,0,0,32,133,0,0,0,1,0,0,0,0
0,1,2644,554,1574,516,0,88,240,66,0,0,1,0,1,1,0
0,1,2389,632,1174,213,370,112,170,26,57,0,1,0,1,1,0
0,2,3240,405,834,1289,712,65,134,168,116,0,1,0,1,1,0
0,1,5581,1505,3498,578,0,215,482,68,0,0,1,0,1,1,0
0,0,2105,554,809,430,312,82,118,53,35,1,1,0,1,0,0
0,6,2398,741,1093,564,0,111,181,73,0,0,1,0,1,1,0
0,5,1313,228,1085,0,0,32,128,0,0,0,1,0,0,0,0
0,1,2321,0,1482,704,135,0,213,87,18,0,0,0,0,1,0
0,2,4803,251,3473,931,148,52,444,127,19,0,1,0,1,0,0
0,0,5225,1503,2161,1421,140,209,291,204,21,0,1,0,1,1,0
0,0,4187,566,1803,1145,673,80,238,166,112,0,1,0,1,0,0
0,4,2360,352,1026,982,0,52,144,122,0,0,1,0,1,1,0
0,2,2027,417,909,701,0,66,134,90,0,0,1,0,1,1,0
0,2,3292,439,2149,704,0,78,318,79,0,0,1,0,1,0,0
0,0,2898,897,1602,164,235,157,242,21,32,1,1,0,1,1,0
0,5,797,228,569,0,0,32,70,0,0,0,1,0,0,0,0
0,0,6913,1669,3429,1409,406,251,482,173,52,0,1,0,1,0,0
0,0,4083,606,2708,571,198,81,368,76,22,0,1,0,1,0,0
0,0,3627,351,1404,415,1457,48,203,51,190,0,1,0,1,1,0
0,1,2345,0,1426,664,255,0,197,87,35,1,0,0,1,0,0
0,2,3190,0,2026,522,642,0,304,74,103,0,0,0,1,1,0
0,2,987,0,751,0,236,0,123,0,24,1,0,0,0,0,1
0,0,4392,1481,1207,1360,344,264,194,243,61,0,1,0,1,0,0
0,3,2764,0,1021,1743,0,0,115,205,0,0,0,0,0,0,1
0,5,3049,0,2351,349,349,0,334,46,53,0,0,0,1,0,0
0,5,4735,1251,982,562,1940,201,141,68,274,0,1,0,1,0,0
0,1,3056,755,743,558,1000,118,109,81,155,1,1,0,1,1,0
0,2,2083,396,1071,616,0,50,154,75,0,1,1,0,1,1,0
0,0,1066,94,558,241,173,15,98,30,23,1,1,0,1,1,0
0,0,4289,1299,491,2163,336,178,71,271,52,0,1,0,1,0,0
0,1,3990,1868,1583,444,95,283,217,50,14,0,1,0,1,0,0
0,3,4970,1014,3601,355,0,167,497,43,0,0,1,0,1,1,0
0,2,2283,0,1560,723,0,0,226,95,0,0,0,0,1,1,0
0,0,3691,1460,1435,533,263,199,203,74,44,0,1,0,1,1,0
0,4,1772,592,897,250,33,86,141,32,5,0,1,0,1,1,0
0,4,902,0,363,539,0,0,47,81,0,1,0,0,0,1,0
0,0,4763,854,1790,1470,649,141,268,185,99,1,1,0,1,1,0
0,0,2475,501,991,423,560,63,162,66,86,0,1,0,1,0,0
0,6,1092,228,864,0,0,32,122,0,0,0,1,0,0,0,0
0,0,2931,579,494,1368,490,87,77,182,55,0,1,0,1,1,0
0,0,4481,2559,545,1336,41,424,84,168,4,0,1,0,1,0,0
0,1,926,228,97,601,0,32,10,65,0,0,1,0,0,0,0
0,1,5357,350,4195,812,0,53,635,110,0,0,1,0,1,1,0
0,6,1164,228,936,0,0,32,108,0,0,0,1,0,0,0,0
0,3,1415,0,447,794,174,0,70,119,29,0,0,0,1,0,0
0,0,4358,384,1474,2012,488,49,221,280,62,0,1,0,1,1,0
0,1,1332,255,718,331,28,39,117,42,5,1,1,0,1,1,0
0,1,4983,1229,1171,2583,0,179,161,304,0,0,1,0,1,0,0
0,1,1216,0,367,679,170,0,50,74,19,0,0,0,0,0,0
0,1,5675,1004,3391,1280,0,139,472,187,0,0,1,0,1,1,0
0,0,1443,423,343,445,232,56,46,71,35,0,1,0,1,0,0
0,2,1477,516,961,0,0,76,147,0,0,0,1,0,1,0,0
0,4,538,0,538,0,0,0,77,0,0,0,0,0,0,0,0
0,5,1230,537,307,144,242,78,57,18,29,0,1,0,1,1,0
0,3,1878,539,1339,0,0,81,189,0,0,0,1,0,1,1,0
0,4,5597,1404,1347,2486,360,224,183,352,45,0,1,0,1,0,0
0,1,4990,2065,2187,738,0,333,327,99,0,0,1,0,1,1,0
0,5,1169,228,941,0,0,32,140,0,0,0,1,0,0,0,0
0,1,4316,1628,1777,894,17,207,245,112,2,1,1,0,1,1,0
0,1,3410,200,2858,352,0,30,419,45,0,0,1,0,1,1,0
0,4,2347,424,998,690,235,70,167,101,45,0,1,0,1,1,0
0,2,2194,1050,532,387,225,155,70,64,28,0,1,0,1,1,0
0,5,2938,970,1295,673,0,134,180,101,0,0,1,0,1,1,0
0,6,1880,228,1652,0,0,32,203,0,0,0,1,0,0,0,0
0,3,3231,0,1368,1753,110,0,230,234,11,0,0,0,1,0,0
0,0,3717,1042,1151,828,696,178,171,101,111,0,1,0,1,1,0
0,1,3059,651,1564,482,362,107,240,64,48,0,1,0,1,1,0
0,0,3002,275,1471,1001,255,39,187,121,35,1,1,0,1,1,0
0,1,2001,437,953,611,0,71,155,67,0,1,1,0,1,1,0
0,5,2155,1511,644,0,0,248,104,0,0,1,1,0,1,0,0
0,5,3220,1376,1116,405,323,226,154,44,32,0,1,0,1,1,0
0,3,3262,672,954,749,887,114,133,105,148,0,1,0,1,1,0
0,3,2973,885,1561,527,0,141,222,75,0,0,1,0,1,0,0
0,4,679,0,362,317,0,0,66,52,0,0,0,0,1,0,0
0,0,1311,271,878,154,8,48,133,22,1,1,1,0,1,0,0
0,0,4321,1543,1003,1283,492,244,147,159,84,0,1,0,1,1,0
0,2,3411,0,870,2002,539,0,135,257,93,1,0,0,0,1,0
0,5,5623,1576,233,3814,0,243,36,523,0,0,1,0,1,1,0
0,2,4003,1254,1198,1216,335,183,187,172,48,0,1,0,1,1,0
0,2,4642,1073,1547,617,1405,154,221,80,213,0,1,0,1,0,0
0,0,4359,1113,1966,965,315,155,259,124,45,0,1,0,1,1,0
0,6,3308,516,1822,970,0,76,246,121,0,0,1,0,1,0,0
0,5,2335,228,1005,1102,0,32,130,144,0,0,1,0,0,0,0
0,0,2529,622,1318,472,117,89,178,69,16,1,1,0,1,0,0
0,4,3437,0,1456,781,1200,0,215,101,151,0,0,0,1,0,0
0,4,2963,228,1795,940,0,32,237,120,0,0,1,0,0,0,0
0,0,2061,1190,199,503,169,173,27,69,20,1,1,0,1,0,0
0,2,1673,794,456,423,0,111,70,56,0,0,1,0,1,0,0
0,0,4214,1113,1979,807,315,155,258,100,45,0,1,0,1,1,0
0,3,2447,1085,1024,122,216,163,161,20,31,1,1,0,1,1,0
0,0,3456,857,1598,556,445,121,217,74,68,0,1,0,1,1,0
0,4,4364,228,1837,2299,0,32,239,306,0,0,1,0,0,0,0
0,2,2963,549,1518,0,896,87,241,0,157,0,1,0,1,1,0
0,0,1811,651,493,265,402,107,62,32,56,0,1,0,1,0,0
0,7,1775,0,876,899,0,0,136,108,0,0,0,0,1,0,0
0,5,1738,560,1178,0,0,98,191,0,0,0,1,0,1,0,0
0,2,2193,514,1006,673,0,89,155,99,0,0,1,0,1,1,0
0,4,1474,0,994,480,0,0,121,71,0,0,0,0,0,0,0
0,1,4006,2419,1304,272,11,377,197,43,1,1,1,0,1,1,0
0,6,1092,228,864,0,0,32,122,0,0,0,1,0,0,0,0
0,0,3114,657,1634,360,463,100,252,40,63,0,1,0,1,0,0
0,6,930,228,702,0,0,32,83,0,0,0,1,0,0,0,0
0,0,3431,913,1471,698,349,75,198,87,43,0,1,0,1,0,0
0,0,1624,325,377,728,194,55,49,105,22,0,1,0,1,0,0
0,6,1560,228,1332,0,0,32,185,0,0,0,1,0,0,0,0
0,2,5097,1211,2920,966,0,205,444,121,0,0,1,0,1,1,0
0,0,3922,397,1578,1030,917,53,207,135,107,0,1,0,1,0,0
0,1,1724,858,640,226,0,159,99,31,0,0,1,0,1,1,0
0,2,5938,1185,1011,162,3580,178,141,19,510,0,1,0,1,1,0
1,1,1591,320,188,994,89,45,26,127,11,0,1,0,1,1,0
0,1,6740,2419,1192,3129,0,377,200,452,0,1,1,0,1,1,0
0,4,4070,1970,540,1560,0,312,76,256,0,0,1,0,1,1,0
0,6,2247,879,788,580,0,141,102,83,0,0,1,0,1,0,0
0,2,2845,0,894,1724,227,0,123,244,34,1,0,0,0,0,0
0,5,852,228,624,0,0,32,87,0,0,0,1,0,0,0,0
0,1,1463,228,118,1117,0,32,19,143,0,0,1,0,0,0,0
0,7,1801,866,935,0,0,123,133,0,0,0,1,0,1,0,0
0,1,3450,1073,650,639,1088,154,86,81,169,0,1,0,1,1,0
0,5,3668,228,1677,1763,0,32,217,223,0,0,1,0,0,0,0
0,3,2673,0,879,842,952,0,137,113,128,0,0,0,0,1,0
0,4,2606,1230,1376,0,0,184,194,0,0,0,1,0,1,0,0
0,6,944,228,716,0,0,32,88,0,0,0,1,0,0,0,0
0,3,3005,619,1803,583,0,97,246,77,0,0,1,0,1,1,0
0,1,4518,1449,1277,1073,719,210,174,114,93,0,1,0,1,1,0
0,1,2178,437,953,788,0,71,155,86,0,1,1,0,1,1,0
0,5,894,228,666,0,0,32,85,0,0,0,1,0,0,0,0
0,7,1894,866,1028,0,0,123,151,0,0,0,1,0,1,0,0
0,6,2579,879,1291,409,0,141,157,56,0,0,1,0,1,0,0
0,0,2477,353,764,684,676,44,99,107,98,1,1,0,1,1,0
0,5,1818,624,552,456,186,87,59,56,29,0,1,0,1,0,0
0,0,4575,1515,627,2367,66,215,90,306,10,0,1,0,1,0,0
0,6,1154,228,926,0,0,32,105,0,0,0,1,0,0,0,0
0,1,2369,0,864,1006,499,0,120,128,62,0,0,0,0,0,0
0,2,2967,332,1274,1100,261,50,196,130,37,0,1,0,1,1,0
0,3,1957,798,1159,0,0,131,165,0,0,0,1,0,1,1,0
0,5,1083,228,855,0,0,32,87,0,0,0,1,0,0,0,0
0,2,5012,651,3694,667,0,107,466,84,0,0,1,0,1,0,0
0,2,6649,2206,3472,355,616,350,519,42,105,0,1,0,1,0,0
0,0,3066,1050,956,909,151,155,127,123,22,0,1,0,1,1,0
0,2,2569,353,793,484,939,46,108,64,136,0,1,1,1,1,0
0,0,2313,275,795,884,359,42,125,122,49,0,1,0,1,0,0
0,1,2834,0,1407,756,671,0,230,101,103,1,0,0,1,0,0
0,2,1320,554,491,275,0,88,76,47,0,0,1,0,1,0,0
0,5,799,228,571,0,0,32,71,0,0,0,1,0,0,0,0
0,0,1317,423,340,322,232,56,51,51,35,0,1,0,1,0,0
0,6,1092,228,864,0,0,32,129,0,0,0,1,0,0,0,0
0,4,1773,228,157,1388,0,32,24,186,0,0,1,0,0,0,0
0,2,1168,244,403,291,230,32,63,43,31,1,1,0,1,1,0
0,2,2460,608,1852,0,0,83,262,0,0,0,1,0,1,0,0
0,6,1188,0,462,726,0,0,69,107,0,0,0,0,1,0,0
0,0,4769,1042,1962,1084,681,178,296,166,109,0,1,0,1,1,0
0,4,3812,695,1097,1204,816,120,164,188,138,0,1,0,1,1,0
0,1,4874,1286,1437,1307,844,153,207,175,121,1,1,0,1,0,0
0,0,3290,726,788,879,897,83,122,118,117,0,1,0,1,0,0
0,1,2733,897,1311,234,291,157,219,22,34,0,1,0,1,0,0
0,4,1913,734,1179,0,0,113,208,0,0,0,1,0,1,1,0
0,0,3907,384,1130,2038,355,49,166,274,55,1,1,0,1,1,0
0,0,3549,397,1568,667,917,53,201,84,107,0,1,0,1,1,0
0,0,2632,799,1351,462,20,115,205,60,2,0,1,0,1,1,0
0,1,1162,89,406,330,337,13,56,41,53,0,1,0,1,1,0
0,1,1961,536,1115,310,0,73,170,35,0,0,1,0,1,1,0
0,1,2080,1126,638,228,88,163,84,29,12,0,1,0,1,1,0
0,4,2405,228,1032,1145,0,32,125,148,0,0,1,0,0,0,0
0,2,1296,800,337,159,0,133,56,23,0,0,1,0,1,0,0
0,4,1484,81,727,676,0,14,102,90,0,0,1,0,0,0,0
0,1,2378,417,1011,950,0,66,159,148,0,0,1,0,1,1,0
0,5,798,228,570,0,0,32,70,0,0,0,1,0,0,0,0
0,6,653,0,378,242,33,0,43,35,6,0,0,0,0,1,0
0,1,4799,1708,1788,452,851,290,267,71,155,0,1,0,1,1,0
0,0,2949,384,869,1474,222,49,116,183,30,1,1,0,1,1,0
0,3,3747,298,1631,1453,365,42,258,183,53,0,1,0,1,0,0
0,1,2539,0,1748,667,124,0,243,84,19,1,0,0,1,0,0
0,5,875,228,647,0,0,32,85,0,0,0,1,0,0,0,0
0,2,4046,619,2488,939,0,97,347,116,0,0,1,0,1,0,0
0,2,4422,1385,2566,471,0,216,378,52,0,0,1,0,1,1,0
0,0,3219,440,1048,1409,322,58,181,183,48,1,1,0,1,1,0
0,4,2352,310,673,892,477,53,104,134,81,0,1,0,1,0,0
0,0,4307,1254,1770,935,348,183,249,130,53,0,1,0,1,1,0
0,0,2876,979,1366,437,94,144,176,59,13,0,1,0,1,1,0
0,6,1237,228,1009,0,0,32,127,0,0,0,1,0,0,0,0
0,5,1545,228,1317,0,0,32,184,0,0,0,1,0,0,0,0
0,5,1373,228,1145,0,0,32,151,0,0,0,1,0,0,0,0
0,5,1169,228,941,0,0,32,140,0,0,0,1,0,0,0,0
0,1,3180,694,1936,358,192,105,272,50,26,0,1,1,1,1,0
0,0,3394,857,1386,389,762,121,196,52,118,0,1,0,1,0,0
0,1,4597,607,2980,1010,0,91,388,119,0,0,1,0,1,0,0
0,5,3645,662,1806,1177,0,104,254,150,0,0,1,1,1,0,0
0,5,1237,228,1009,0,0,32,126,0,0,0,1,0,0,0,0
0,5,3897,1052,1157,907,781,162,174,126,115,0,1,0,1,0,0
0,2,2404,755,1649,0,0,118,239,0,0,0,1,0,1,0,0
0,5,1171,228,943,0,0,32,141,0,0,0,1,0,0,0,0
0,1,2318,673,691,954,0,97,107,154,0,1,1,0,1,0,0
0,0,4946,746,2624,1101,475,127,359,160,73,0,1,0,1,1,0
0,1,3876,1021,1675,497,683,138,238,55,101,0,1,0,1,0,0
0,5,3478,228,1493,1757,0,32,201,228,0,0,1,0,0,0,0
0,1,3326,509,1357,1140,320,79,195,162,43,0,1,0,1,0,0
0,0,1448,457,682,210,99,80,97,30,16,0,1,0,1,1,0
0,4,4567,1450,2051,1066,0,215,259,122,0,0,1,0,1,0,0
0,2,2934,1197,892,845,0,163,103,88,0,0,1,0,1,0,0
0,5,4400,702,1421,746,1531,110,199,105,223,0,1,0,1,0,0
0,1,3289,2287,171,831,0,311,20,118,0,0,1,0,1,0,0
0,6,1624,800,694,130,0,133,105,15,0,0,1,0,1,0,0
0,0,2839,570,1558,522,189,77,210,57,24,0,1,0,1,1,0
0,1,3396,694,2105,404,193,105,304,60,27,0,1,0,1,1,0
0,0,1874,979,457,329,109,144,79,40,16,0,1,0,1,1,0
0,2,1244,132,635,477,0,24,109,73,0,0,1,0,1,0,0
0,0,3421,904,1580,433,504,127,212,62,83,1,1,0,1,1,0
0,3,1430,672,682,76,0,96,109,13,0,0,1,0,1,1,0
0,2,2909,439,1361,1109,0,78,173,175,0,1,1,0,1,0,0
0,6,1245,228,1017,0,0,32,128,0,0,0,1,0,0,0,0
0,2,3872,352,2633,887,0,52,324,111,0,0,1,0,1,1,0
0,0,3453,694,2141,389,229,105,304,55,34,0,1,0,1,1,0
0,1,2793,445,1394,796,158,61,231,98,21,0,1,0,1,1,0
0,7,1672,586,1086,0,0,82,166,0,0,0,1,0,1,0,0
0,0,4794,1049,2435,953,357,151,330,116,51,0,1,0,1,1,0
0,1,3281,627,1697,802,155,111,241,103,30,0,1,0,1,0,0
0,0,807,236,397,147,27,35,58,27,3,0,1,0,1,0,0
0,0,4515,890,2544,425,656,141,359,60,88,0,1,0,1,0,0
0,0,2472,742,608,993,129,108,81,120,11,1,1,0,1,0,0
0,1,943,236,675,0,32,35,109,0,4,0,1,0,1,0,0
0,2,1283,175,838,0,270,29,124,0,44,0,1,0,1,1,0
0,0,5119,532,3512,1028,47,92,456,126,6,0,1,0,1,1,0
0,6,3003,879,1352,772,0,141,168,99,0,0,1,0,1,0,0
0,1,2333,1264,985,0,84,216,147,0,9,0,1,0,1,1,0
0,5,1454,228,1226,0,0,32,157,0,0,0,1,0,0,0,0
0,0,4826,2559,785,1382,100,424,114,189,9,0,1,0,1,0,0
0,2,2758,681,1426,651,0,105,183,80,0,0,1,0,1,1,0
0,7,413,66,347,0,0,10,46,0,0,0,1,0,1,0,0
0,0,2279,361,1135,624,159,57,161,77,22,1,1,0,1,0,0
0,0,2326,137,1030,987,172,18,168,129,23,0,1,0,1,1,0
0,0,3787,1817,1010,718,242,308,143,86,32,0,1,0,1,1,0
0,0,4698,2206,1230,631,631,350,185,84,105,0,1,0,1,1,0
0,5,5740,1239,3451,645,405,110,390,73,53,0,1,0,1,0,0
0,0,2269,832,433,944,60,132,63,119,10,1,1,0,0,0,0
0,4,5287,1594,3693,0,0,270,565,0,0,0,1,0,1,1,0
0,0,2016,505,719,608,184,79,90,74,24,1,1,0,1,1,0
0,1,3248,913,1382,707,246,130,212,89,32,0,1,0,1,0,0
0,2,3246,837,938,654,817,138,145,80,126,0,1,0,1,0,0
0,1,3606,1286,1224,729,367,153,176,125,56,0,1,0,1,1,0
0,1,3900,447,1903,1550,0,72,270,210,0,0,1,0,1,0,0
0,5,1398,228,1170,0,0,32,152,0,0,0,1,0,0,0,0
0,0,2343,1322,511,252,258,198,84,39,34,0,1,0,1,0,0
0,0,2051,774,817,407,53,115,116,56,5,1,1,0,1,0,0
0,6,3601,879,1280,1442,0,141,170,183,0,0,1,0,1,0,0
0,3,4611,1481,973,2157,0,264,139,286,0,0,1,0,1,0,0
0,0,3647,2270,379,523,475,330,64,61,45,0,1,0,1,1,0
0,6,1775,228,1547,0,0,32,204,0,0,0,1,0,0,0,0
0,2,2823,1025,777,431,590,148,103,62,75,0,1,0,1,0,0
0,5,1246,228,1018,0,0,32,128,0,0,0,1,0,0,0,0
0,6,1558,228,1330,0,0,32,185,0,0,0,1,0,0,0,0
0,1,2871,0,1129,1548,194,0,157,222,33,1,0,0,0,0,0
0,1,4959,1520,1307,1099,1033,214,187,118,167,0,1,0,1,0,0
0,5,1245,228,1017,0,0,32,128,0,0,0,1,0,0,0,0
0,5,904,228,676,0,0,32,88,0,0,0,1,0,0,0,0
1,0,3218,333,1671,1032,182,48,239,121,20,0,1,0,1,1,0
0,1,3163,897,1698,236,332,157,261,30,44,0,1,0,1,0,0
0,5,1247,228,1019,0,0,32,129,0,0,0,1,0,0,0,0
0,0,2313,137,1226,778,172,18,203,99,23,0,1,0,1,1,0
0,5,2334,148,1347,426,413,28,229,52,49,0,1,0,1,0,0
0,6,1148,228,920,0,0,32,114,0,0,0,1,0,0,0,0
0,3,3204,672,953,676,903,114,123,85,150,0,1,0,1,1,0
0,6,912,228,684,0,0,32,82,0,0,0,1,0,0,0,0
0,0,2678,570,1305,514,289,77,209,79,47,0,1,0,1,1,0
0,7,1087,454,633,0,0,68,88,0,0,0,1,0,1,0,0
0,1,2698,439,1497,762,0,78,213,112,0,1,1,0,1,0,0
0,5,1164,228,936,0,0,32,108,0,0,0,1,0,0,0,0
0,0,2827,330,1254,1086,157,51,182,143,21,1,1,0,1,0,0
0,6,1158,228,930,0,0,32,128,0,0,0,1,0,0,0,0
0,0,2586,558,666,171,1191,84,104,23,170,1,1,0,1,0,0
0,1,3524,452,2423,649,0,67,329,92,0,0,1,0,1,1,0
0,1,3761,200,1479,2082,0,30,215,254,0,0,1,0,1,1,0
0,1,2994,554,1326,1114,0,88,191,155,0,0,1,0,1,0,0
0,4,4539,1450,1803,1286,0,215,214,163,0,0,1,0,1,0,0
0,2,4110,1025,1215,813,1057,148,148,101,143,0,1,0,1,0,0
0,1,3462,584,1518,943,417,102,252,149,69,1,1,0,1,1,0
0,0,2960,356,1584,703,317,48,246,99,45,1,1,0,1,0,0
0,0,5752,1251,1013,1440,2048,201,163,213,296,1,1,0,1,0,0
0,3,2940,472,2468,0,0,59,317,0,0,1,1,0,0,0,0
0,5,1094,228,866,0,0,32,123,0,0,0,1,0,0,0,0
0,0,2937,79,1364,697,797,12,182,82,116,0,1,0,1,0,0
0,1,2380,0,825,1036,519,0,127,162,81,1,0,0,1,0,0
0,5,2537,228,2309,0,0,32,286,0,0,0,1,0,0,0,0
0,1,2589,410,1498,407,274,67,222,47,40,0,1,0,1,0,0
0,6,1536,228,1308,0,0,32,182,0,0,0,1,0,0,0,0
0,0,3402,1042,1201,463,696,178,194,72,111,0,1,0,1,1,0
0,7,1713,866,847,0,0,123,122,0,0,0,1,0,1,0,0
0,1,4990,2065,2187,738,0,333,327,99,0,0,1,0,1,1,0
0,0,3104,630,889,1440,145,102,127,214,18,1,1,0,1,1,0
0,8,2445,0,2445,0,0,0,310,0,0,0,0,0,0,0,0
0,6,1368,228,1140,0,0,32,142,0,0,0,1,0,0,0,0
0,5,745,228,517,0,0,32,78,0,0,0,1,0,0,0,0
0,0,1962,492,573,221,676,70,89,28,109,0,1,0,1,0,0
0,3,2059,0,1323,736,0,0,170,87,0,0,0,0,0,0,0
1,0,2123,333,847,761,182,48,115,104,20,1,1,0,1,0,0
0,6,2696,879,891,926,0,141,125,118,0,0,1,0,1,0,0
1,0,3734,333,865,2354,182,48,120,297,20,1,1,0,1,0,0
0,0,2562,675,1229,534,124,108,194,85,22,0,1,0,1,0,0
0,1,3914,1392,788,1137,597,209,121,177,83,0,1,0,1,1,0
0,0,3169,1042,1007,439,681,178,169,67,109,0,1,0,1,1,0
0,4,1882,651,722,358,151,107,98,45,21,0,1,0,1,1,0
0,5,1093,228,865,0,0,32,122,0,0,0,1,0,0,0,0
0,6,1206,228,978,0,0,32,111,0,0,0,1,0,0,0,0
0,1,1498,252,534,712,0,41,87,88,0,0,1,0,1,0,0
0,6,1148,228,920,0,0,32,114,0,0,0,1,0,0,0,0
0,0,3781,1042,1508,825,406,178,216,120,62,0,1,0,1,0,0
0,1,1419,175,878,96,270,29,130,16,44,0,1,0,1,1,0
0,6,1314,228,1086,0,0,32,135,0,0,0,1,0,0,0,0
0,0,2092,1143,289,394,266,179,42,49,29,0,1,0,1,1,0
0,5,1001,228,773,0,0,32,97,0,0,0,1,0,0,0,0
0,5,1430,228,1202,0,0,32,164,0,0,0,1,0,0,0,0
0,1,1742,252,417,1073,0,41,70,123,0,0,1,0,1,0,0
0,3,3765,1013,1254,1498,0,148,177,212,0,0,1,0,1,0,0
0,7,1158,454,704,0,0,68,86,0,0,0,1,0,1,1,0
0,6,958,228,730,0,0,32,92,0,0,0,1,0,0,0,0
0,1,2164,552,929,683,0,71,130,95,0,0,1,0,1,1,0
0,0,3727,651,1556,793,727,107,224,92,102,0,1,0,1,1,0
0,1,3011,536,1813,662,0,73,283,88,0,0,1,0,1,0,0
0,5,797,228,569,0,0,32,70,0,0,0,1,0,0,0,0
0,0,3353,702,1122,806,723,100,152,97,107,0,1,0,1,1,0
0,5,2376,323,1225,637,191,48,190,87,22,0,1,0,1,1,0
0,1,2140,296,1365,479,0,46,195,67,0,1,1,0,1,1,0
0,2,6235,1708,2441,2086,0,290,423,317,0,0,1,0,1,1,0
0,0,2997,913,794,1052,238,130,129,142,31,1,1,0,1,0,0
0,7,2890,1410,1480,0,0,215,213,0,0,0,1,0,1,0,0
0,6,1158,228,930,0,0,32,128,0,0,0,1,0,0,0,0
0,6,1870,228,1642,0,0,32,200,0,0,0,1,0,0,0,0
0,2,4418,898,1511,1505,504,145,251,192,85,0,1,0,1,0,0
0,3,1948,651,578,446,273,107,81,59,38,0,1,0,1,0,0
0,6,1148,228,920,0,0,32,114,0,0,0,1,0,0,0,0
0,6,3145,0,2517,561,67,0,298,65,10,0,0,0,0,1,0
0,6,1245,228,1017,0,0,32,134,0,0,0,1,0,0,0,0
0,0,2453,552,930,480,491,71,130,68,62,0,1,0,1,1,0
0,0,3941,1059,1500,1126,256,137,185,132,34,0,1,1,1,1,0
0,3,1331,454,877,0,0,63,139,0,0,0,1,0,1,1,0
0,6,1246,228,1018,0,0,32,134,0,0,0,1,0,0,0,0
0,5,1093,228,865,0,0,32,122,0,0,0,1,0,0,0,0
0,1,3150,606,995,1124,425,86,136,142,48,0,1,0,1,0,0
0,1,1914,264,264,1057,329,35,35,141,54,0,1,0,1,0,0
1,0,3638,990,1809,709,130,167,289,86,25,0,1,1,1,1,0
0,6,1246,228,1018,0,0,32,134,0,0,0,1,0,0,0,0
0,1,2947,229,1598,669,451,33,230,105,68,0,1,0,1,1,0
0,4,2578,1187,1048,219,124,184,169,20,10,0,1,0,1,1,0
0,5,1388,228,1160,0,0,32,149,0,0,0,1,0,0,0,0
0,0,2804,440,985,1057,322,58,150,170,48,1,1,0,1,1,0
0,1,3109,592,1002,1515,0,86,154,198,0,0,1,0,1,1,0
0,0,2234,1050,758,183,243,155,104,24,30,0,1,0,1,1,0
0,2,1283,175,838,0,270,29,124,0,44,0,1,0,1,1,0
0,2,3216,598,821,1274,523,80,141,165,98,0,1,0,1,1,0
0,0,4304,1181,1865,436,822,156,227,50,89,1,1,0,1,0,0
1,6,3415,1110,1746,559,0,158,239,77,0,0,1,0,1,1,0
0,0,4313,520,2438,1181,174,73,339,154,22,0,1,0,1,0,0
1,3,1516,333,642,274,267,48,90,30,35,0,1,0,1,1,0
0,4,2224,0,1202,1022,0,0,186,159,0,0,0,0,0,1,0
1,0,2109,273,1210,396,230,50,191,64,36,0,1,0,1,0,0
0,5,2031,228,1803,0,0,32,251,0,0,0,1,0,0,0,0
0,5,2989,541,915,1533,0,69,127,232,0,0,1,0,1,0,0
0,1,1138,0,629,391,118,0,104,52,20,0,0,0,1,1,0
0,2,7089,1679,3195,1608,607,230,415,204,85,1,1,0,1,0,0
0,6,4063,808,2249,1006,0,144,306,126,0,0,1,0,1,0,0
0,2,3240,596,1268,1169,207,85,161,154,17,0,1,0,1,1,0
0,0,1187,505,382,249,51,79,47,32,5,1,1,0,1,1,0
0,1,2224,552,1072,600,0,71,153,80,0,0,1,0,1,0,0
0,6,1162,228,934,0,0,32,107,0,0,0,1,0,0,0,0
0,2,1983,902,343,738,0,146,54,93,0,0,1,0,1,0,0
0,3,1672,651,348,443,230,107,45,53,34,0,1,0,1,1,0
0,2,2359,405,292,950,712,65,49,119,116,0,1,0,1,1,0
0,1,1220,175,675,370,0,29,101,42,0,0,1,0,1,1,0
0,4,3242,228,1750,1264,0,32,229,173,0,0,1,0,0,0,0
0,1,4258,869,1372,1155,862,134,204,154,133,1,1,0,1,0,0
0,6,3790,879,2258,653,0,141,280,84,0,0,1,0,1,0,0
0,1,4167,2790,1051,250,76,370,135,34,7,0,1,0,1,0,0
0,1,2672,1096,1100,476,0,151,148,69,0,0,1,0,1,1,0
0,5,1003,228,775,0,0,32,98,0,0,0,1,0,0,0,0
0,5,1431,228,1203,0,0,32,164,0,0,0,1,0,0,0,0
0,5,1987,739,636,295,317,113,90,33,36,0,1,0,1,0,0
0,5,1629,228,1401,0,0,32,203,0,0,0,1,0,0,0,0
0,0,2570,717,1143,244,466,120,164,39,67,0,1,0,1,1,0
0,8,5406,0,5406,0,0,0,84,0,0,0,0,0,0,0,0
0,6,1204,380,607,0,217,64,83,0,23,0,1,0,1,1,0
0,0,3580,694,2083,634,169,105,296,80,21,0,1,0,1,1,0
0,1,5465,1449,620,1948,1448,210,99,224,209,0,1,0,1,1,0
0,5,1432,228,1204,0,0,32,165,0,0,0,1,0,0,0,0
0,1,1191,185,589,417,0,25,75,50,0,0,1,0,1,0,0
0,6,1330,0,772,246,312,0,136,38,52,0,0,0,0,0,0
0,3,2276,902,853,521,0,146,108,67,0,0,1,0,1,0,0
0,5,4873,1110,2416,733,614,158,314,80,77,0,1,0,1,1,0
0,3,4136,1628,2508,0,0,207,342,0,0,1,1,0,1,1,0
0,1,1181,185,800,196,0,25,106,26,0,0,1,0,1,0,0
0,2,2706,0,1045,804,857,0,144,120,128,0,0,0,1,1,0
0,0,2664,1564,750,328,22,182,104,33,3,1,1,0,1,1,0
0,5,2165,310,1088,623,144,53,166,81,26,0,1,0,1,1,0
0,0,1712,505,610,429,168,79,84,50,21,1,1,0,1,1,0
0,2,3404,1392,788,1224,0,209,121,155,0,0,1,0,1,1,0
0,1,2113,439,1343,331,0,78,208,47,0,1,1,0,1,0,0
0,5,2195,463,660,1072,0,77,111,173,0,0,1,0,1,0,0
0,0,3395,917,1824,461,193,148,278,59,22,0,1,0,1,1,0
0,6,1315,228,1087,0,0,32,129,0,0,0,1,0,0,0,0
0,1,1667,439,609,619,0,78,81,95,0,1,1,0,1,0,0
0,1,3335,1363,1378,436,158,207,208,66,31,0,1,0,1,0,0
0,2,2508,763,793,772,180,130,130,95,29,0,1,0,1,1,0
0,6,1380,228,1152,0,0,32,119,0,0,0,1,0,0,0,0
0,2,1800,485,692,409,214,75,101,44,26,0,1,0,1,0,0
0,1,5120,1708,1928,621,863,290,329,75,162,0,1,0,1,1,0
0,0,6158,2676,1654,1588,240,392,206,202,36,0,1,0,1,0,0
0,5,1388,228,1160,0,0,32,149,0,0,0,1,0,0,0,0
0,0,3826,606,1686,527,1007,77,220,64,158,0,1,0,1,0,0
0,1,3245,651,898,1075,621,107,123,136,88,0,1,0,1,1,0
0,0,7576,4007,1762,1673,134,588,250,203,11,1,1,0,1,1,0
0,1,1341,0,724,362,255,0,101,47,42,1,0,0,0,0,0
0,0,3429,1311,790,1086,242,221,99,145,40,1,1,0,1,0,0
0,5,1044,228,816,0,0,32,87,0,0,0,1,0,0,0,0
0,3,4203,1481,1066,1656,0,264,174,218,0,0,1,0,1,0,0
0,0,3708,1049,938,1335,386,151,125,167,55,0,1,0,1,1,0
0,3,3724,779,2945,0,0,100,382,0,0,0,1,0,1,0,0
0,1,3402,716,1363,1323,0,104,218,170,0,0,1,0,1,1,0
0,5,1586,228,1358,0,0,32,165,0,0,0,1,0,0,0,0
0,0,4178,1441,1778,675,284,220,246,94,42,0,1,0,1,1,0
0,5,1430,228,1202,0,0,32,164,0,0,0,1,0,0,0,0
0,1,2846,463,880,1503,0,77,137,222,0,0,1,0,1,1,0
0,0,4156,603,2332,335,886,101,318,37,118,0,1,0,1,1,0
0,0,3890,857,1868,417,748,121,261,56,113,0,1,0,1,0,0
0,6,1879,228,1651,0,0,32,202,0,0,0,1,0,0,0,0
0,1,4257,694,2442,832,289,105,357,118,39,0,1,0,1,1,0
0,0,3954,1042,1716,515,681,178,259,68,109,0,1,0,1,1,0
0,7,1713,454,1259,0,0,68,164,0,0,0,1,0,1,0,0
0,2,1709,0,1439,270,0,0,212,30,0,1,0,0,0,1,0
0,1,3781,570,1173,1778,260,77,159,244,45,0,1,0,1,1,0
0,0,2639,799,1351,469,20,115,205,61,2,0,1,0,1,1,0
0,1,4990,2065,2187,738,0,333,327,99,0,1,1,0,1,1,0
0,0,3343,1002,1158,855,328,124,157,122,45,0,1,0,1,1,0
0,0,4023,516,1611,1008,888,76,220,123,143,0,1,0,1,0,0
0,6,1559,228,1331,0,0,32,185,0,0,0,1,0,0,0,0
0,1,1664,537,702,299,126,78,98,39,17,0,1,0,1,1,0
0,3,5070,627,3008,758,677,89,422,101,95,0,1,0,1,0,0
0,1,2451,627,1133,490,201,89,180,61,31,1,1,0,1,0,0
0,0,1277,330,549,285,113,55,75,44,14,1,1,0,1,0,0
1,4,2740,0,899,1494,347,0,118,193,42,0,0,0,0,1,0
0,1,2561,909,1085,437,130,134,126,49,16,0,1,0,1,0,0
0,6,1545,228,1317,0,0,32,184,0,0,0,1,0,0,0,0
0,1,2441,487,902,657,395,67,134,89,49,1,1,0,1,1,0
0,1,2477,0,1329,693,455,0,188,102,70,0,0,0,1,1,0
0,0,1149,423,302,192,232,56,39,26,35,0,1,0,1,0,0
0,1,3781,570,1173,1778,260,77,159,244,45,0,1,0,1,1,0
0,1,3541,397,1674,553,917,53,212,66,107,0,1,0,1,1,0
0,7,2002,0,861,1141,0,0,143,174,0,0,0,0,1,0,0
0,5,1424,228,1196,0,0,32,201,0,0,0,1,0,0,0,0
0,5,3859,1110,1637,498,614,158,243,67,77,0,1,0,1,1,0
0,2,2015,387,1294,334,0,63,226,47,0,0,1,0,1,1,0
0,3,801,554,197,50,0,88,34,6,0,0,1,0,1,0,0
0,2,3140,0,1983,1157,0,0,289,146,0,0,0,0,1,0,0
0,0,4539,730,1992,612,1205,116,323,104,198,0,1,0,1,0,0
0,1,2775,1251,891,633,0,201,137,86,0,1,1,0,1,0,0
0,0,2088,592,371,451,674,92,55,63,123,1,1,0,1,0,0
0,0,7206,417,1379,1371,4039,70,171,186,582,0,1,0,1,1,0
0,7,1469,384,1085,0,0,70,169,0,0,0,1,0,1,0,0
0,2,1843,441,962,237,203,74,144,32,28,0,1,0,1,1,0
0,5,1282,228,1054,0,0,32,157,0,0,0,1,0,0,0,0
1,2,1717,271,786,492,168,43,118,71,28,0,1,0,1,1,0
0,5,1170,228,942,0,0,32,140,0,0,0,1,0,0,0,0
0,0,6065,2206,2714,329,816,350,404,46,134,0,1,0,1,0,0
1,1,959,0,458,217,284,0,55,18,34,0,0,0,0,1,0
0,0,3494,746,2113,354,281,127,320,58,39,0,1,0,1,1,0
0,4,3813,1708,1334,263,508,290,226,43,89,0,1,0,1,1,0
0,0,3630,746,2047,453,384,127,320,73,52,0,1,0,1,1,0
0,5,3540,0,1739,1801,0,0,277,257,0,0,0,0,1,0,0
0,0,2945,897,1581,147,320,157,251,21,41,0,1,0,1,0,0
0,2,4156,694,2518,751,193,105,380,98,27,0,1,0,1,1,0
0,1,3621,970,622,1394,635,134,93,182,89,0,1,0,1,1,0
0,0,4514,890,2544,424,656,141,359,58,88,0,1,0,1,0,0
0,1,1200,0,655,469,76,0,116,54,11,0,0,0,0,0,0
0,2,2928,350,2171,407,0,53,331,53,0,0,1,0,1,1,0
0,0,6791,2847,2365,1430,149,394,385,150,16,0,1,0,1,0,0
0,2,3380,1385,1348,647,0,216,170,67,0,0,1,0,1,0,0
0,4,3704,0,1387,2207,110,0,232,284,11,0,0,0,1,0,0
0,0,2570,1436,244,586,304,218,35,89,45,0,1,0,1,0,0
0,0,3865,553,2692,283,337,82,446,39,52,1,1,0,1,1,0
0,2,2840,1441,824,575,0,220,119,77,0,0,1,0,1,1,0
0,1,3066,0,2403,507,156,0,317,66,24,0,0,0,0,1,0
0,0,2778,553,1493,411,321,82,238,62,47,1,1,0,1,1,0
0,7,1351,601,750,0,0,91,98,0,0,0,1,0,1,0,0
0,4,4663,1025,2390,568,680,154,396,74,109,0,1,0,1,1,0
0,0,4989,1230,962,1708,1089,181,150,230,164,0,1,0,1,1,0
0,0,2570,717,1143,244,466,120,164,39,67,0,1,0,1,1,0
0,3,2448,1298,1150,0,0,203,200,0,0,0,1,0,1,0,0
0,0,5975,1449,2047,1760,719,210,284,221,93,0,1,0,1,1,0
0,1,3022,827,817,969,409,137,123,128,54,0,1,0,1,0,0
0,1,3151,672,1664,815,0,96,204,103,0,0,1,0,1,0,0
0,3,4632,1073,1728,426,1405,154,255,54,213,0,1,0,1,1,0
0,6,1878,228,1650,0,0,32,202,0,0,0,1,0,0,0,0
0,1,3559,646,2304,609,0,97,315,74,0,0,1,0,1,0,0
0,5,3710,1025,1802,377,506,154,292,44,81,0,1,0,1,1,0
0,0,2595,410,1387,414,384,67,190,51,52,0,1,0,1,0,0
0,6,1313,228,1085,0,0,32,135,0,0,0,1,0,0,0,0
0,4,2795,660,409,1421,305,112,56,171,39,0,1,0,1,1,0
0,2,5587,1211,3062,1314,0,205,458,150,0,0,1,0,1,1,0
0,0,4736,786,3532,280,138,125,475,33,17,1,1,0,1,0,0
0,7,2238,1447,791,0,0,215,104,0,0,0,1,0,1,1,0
0,6,1149,228,921,0,0,32,115,0,0,0,1,0,0,0,0
0,0,2902,746,1566,248,342,127,242,35,48,0,1,0,1,1,0
0,3,4055,1482,1559,979,35,209,204,119,4,0,1,0,1,0,0
0,4,2738,1298,1440,0,0,203,238,0,0,0,1,0,1,0,0
0,1,6876,2206,3533,483,654,350,530,68,104,0,1,0,1,1,0
0,4,4875,1450,1782,1643,0,215,222,203,0,0,1,0,1,0,0
0,0,2345,403,1256,486,200,69,184,66,30,0,1,0,1,0,0
0,6,1163,228,935,0,0,32,107,0,0,0,1,0,0,0,0
0,2,4247,610,1977,506,1154,87,279,68,173,1,1,0,1,1,0
0,2,3657,1073,1156,340,1088,154,161,41,169,0,1,0,1,0,0
0,4,2460,536,754,1170,0,73,128,174,0,0,1,0,1,0,0
0,2,3394,970,1337,901,186,134,183,133,25,0,1,0,1,1,0
0,1,4374,403,2528,1443,0,55,348,177,0,0,1,0,1,1,0
0,0,4880,2559,838,1383,100,424,124,189,9,0,1,0,1,0,0
0,5,1438,228,1210,0,0,32,164,0,0,0,1,0,0,0,0
0,6,1315,228,1087,0,0,32,136,0,0,0,1,0,0,0,0
0,0,8170,2206,3994,1465,505,350,602,199,85,0,1,0,1,0,0
0,1,2743,790,718,432,803,122,101,60,104,0,1,0,1,0,0
0,3,2267,798,1469,0,0,131,184,0,0,0,1,0,1,1,0
0,5,1170,228,942,0,0,32,140,0,0,0,1,0,0,0,0
0,5,1070,228,842,0,0,32,117,0,0,0,1,0,0,0,0
0,5,4653,1025,2503,242,883,154,380,28,138,0,1,0,1,1,0
0,6,1878,228,1650,0,0,32,202,0,0,0,1,0,0,0,0
0,0,3905,890,1899,459,657,141,292,67,89,0,1,0,1,1,0
0,2,2487,1076,813,536,62,145,116,63,11,0,1,0,1,0,0
0,1,2605,649,1612,344,0,98,214,40,0,0,1,0,1,0,0
0,6,940,228,712,0,0,32,86,0,0,0,1,0,0,0,0
0,1,1088,401,399,288,0,40,57,38,0,0,1,0,1,0,0
0,0,6116,842,3322,1235,717,124,498,175,84,1,1,0,1,1,0
0,6,2997,463,531,2003,0,77,85,262,0,0,1,0,1,0,0
0,2,2011,468,815,528,200,74,124,84,25,0,1,0,1,1,0
0,0,1463,180,927,134,222,25,129,17,27,1,1,0,0,0,0
0,2,1758,350,806,602,0,53,125,84,0,0,1,0,1,1,0
0,7,1633,348,1285,0,0,60,197,0,0,0,1,0,1,1,0
0,5,1456,228,1228,0,0,32,158,0,0,0,1,0,0,0,0
0,3,1975,651,602,449,273,107,86,59,38,0,1,0,1,0,0
0,0,2255,489,1224,302,240,76,181,39,33,0,1,0,1,0,0
0,5,1142,356,786,0,0,48,119,0,0,0,1,0,1,0,0
0,2,1884,445,1304,135,0,61,216,23,0,0,1,0,1,1,0
1,0,2701,333,813,1373,182,48,111,167,20,1,1,0,1,1,0
0,0,1376,228,655,392,101,34,95,58,14,0,1,0,1,1,0
0,2,3275,868,1082,983,342,119,160,128,58,0,1,0,1,0,0
0,2,2376,672,1353,351,0,96,163,41,0,0,1,0,1,0,0
0,0,2095,277,657,828,333,39,94,116,46,1,1,0,1,1,0
0,4,3789,596,1928,667,598,85,256,96,62,0,1,0,1,1,0
0,2,1260,0,751,347,162,0,95,46,19,1,0,0,1,0,0
0,5,2838,364,1568,559,347,61,241,72,45,0,1,0,1,0,0
0,1,985,0,615,247,123,0,108,39,17,0,0,0,1,1,0
0,2,1941,244,417,506,774,32,74,81,139,0,1,0,1,1,0
0,0,1994,505,764,578,147,79,94,66,21,0,1,0,1,1,0
0,4,5926,1025,3982,239,680,154,616,30,109,0,1,0,1,1,0
0,0,3027,1147,762,589,529,170,131,90,90,1,1,0,1,1,0
0,0,4871,1025,2888,278,680,154,440,34,109,0,1,0,1,1,0
0,4,4237,596,2280,986,375,85,301,133,40,0,1,0,1,1,0
1,1,956,0,441,242,273,0,48,21,31,0,0,0,0,1,0
0,0,2703,1143,342,952,266,179,55,106,29,0,1,0,1,1,0
0,7,2012,672,1340,0,0,96,196,0,0,0,1,1,1,1,0
0,0,1700,505,703,336,156,79,86,33,21,0,1,0,1,1,0
0,1,2105,442,1221,352,90,75,177,55,11,0,1,0,1,1,0
0,1,2704,1441,909,354,0,220,129,54,0,0,1,0,1,1,0
0,1,4106,2270,533,828,475,330,70,82,45,0,1,0,1,1,0
0,1,3174,516,1346,1312,0,76,198,157,0,1,1,0,1,0,0
0,0,4816,958,2602,995,261,154,370,126,36,0,1,0,1,0,0
0,1,7475,2419,3574,1471,11,377,485,181,1,1,1,0,1,1,0
0,2,1256,0,824,383,49,0,117,60,5,0,0,0,1,0,0
0,1,1844,134,925,382,403,20,144,52,54,0,1,0,1,1,0
0,6,3672,601,3071,0,0,91,381,0,0,0,1,0,1,0,0
0,0,1337,352,279,629,77,57,41,88,11,0,1,0,1,1,0
0,6,3482,592,2044,846,0,86,288,105,0,0,1,0,1,0,0
0,0,3007,726,645,742,894,83,102,94,115,0,1,0,1,0,0
0,2,1550,480,502,282,286,69,70,39,39,0,1,0,1,0,0
0,4,6257,1404,1390,3147,316,224,189,433,39,0,1,0,1,0,0
0,1,4601,1708,1453,444,996,290,243,74,178,0,1,0,1,1,0
0,7,1981,1447,534,0,0,215,74,0,0,0,1,0,1,1,0
0,0,4038,579,2221,770,468,87,270,102,54,0,1,0,1,1,0
0,3,2079,798,1281,0,0,131,172,0,0,0,1,0,1,1,0
0,2,2155,536,754,865,0,73,128,129,0,0,1,0,1,0,0
0,0,3594,651,1594,760,589,107,208,90,75,0,1,0,1,1,0
0,5,817,70,747,0,0,1,106,0,0,0,1,0,1,0,0
0,0,3082,1264,1454,270,94,216,186,36,12,0,1,0,1,0,0
0,0,2200,720,610,803,67,126,87,98,10,0,1,0,1,1,0
0,3,1357,90,881,173,213,15,137,28,41,0,1,0,1,1,0
1,2,627,0,390,237,0,0,66,34,0,0,0,0,0,1,0
0,0,4123,1181,2031,90,821,156,267,14,89,1,1,0,1,0,0
0,0,1885,442,979,374,90,75,144,58,11,0,1,0,1,0,0
0,6,2536,879,1130,527,0,141,151,77,0,0,1,0,1,0,0
0,0,4223,348,1049,2699,127,53,161,343,17,0,1,0,1,0,0
0,2,1177,480,416,6,275,69,57,1,38,0,1,0,1,0,0
0,0,2378,1018,360,931,69,141,44,116,6,0,1,0,1,0,0
0,4,1345,0,683,405,257,0,119,47,33,0,0,0,0,0,0
0,0,3309,570,1568,751,420,77,216,102,69,0,1,0,1,1,0
0,0,2092,520,971,518,83,82,176,64,10,0,1,0,1,1,0
0,0,3618,657,1767,803,391,100,264,96,54,0,1,0,1,0,0
0,2,3313,1025,882,724,682,148,102,91,87,0,1,0,1,0,0
0,0,2481,606,1445,304,126,90,208,33,17,0,1,0,1,1,0
0,2,1618,624,242,442,310,87,25,39,26,0,1,0,1,0,0
0,2,1792,350,1142,300,0,53,173,41,0,0,1,0,1,1,0
0,0,2255,832,323,1001,99,132,48,143,12,1,1,0,0,0,0
0,7,2152,1091,1061,0,0,175,166,0,0,0,1,0,1,0,0
0,0,1407,505,530,187,185,79,75,29,24,1,1,0,1,1,0
0,0,1951,505,854,435,157,79,106,53,22,0,1,0,1,1,0
0,0,2166,651,731,348,436,100,102,57,65,0,1,0,1,1,0
0,0,3509,617,1496,773,623,96,209,105,96,0,1,0,1,0,0
0,7,2032,415,1617,0,0,68,191,0,0,0,1,0,1,1,0
0,1,3845,2790,602,453,0,370,87,51,0,0,1,0,1,1,0
0,7,1515,348,1167,0,0,60,205,0,0,0,1,0,1,1,0
0,4,2635,445,1402,166,622,61,230,19,96,0,1,0,1,0,0
0,4,1865,697,731,437,0,108,111,46,0,0,1,0,0,0,0
0,0,5395,1178,2937,730,550,191,382,92,51,0,1,0,1,0,0
0,0,2294,79,480,1248,487,12,67,174,81,0,1,0,1,1,0
0,1,2698,310,690,1220,478,53,105,177,81,0,1,0,1,1,0
0,1,3527,2287,313,927,0,311,37,116,0,0,1,0,1,0,0
0,2,1742,70,1672,0,0,1,221,0,0,1,1,0,1,0,0
0,3,1925,0,1686,0,239,0,269,0,37,0,0,0,1,0,0
0,1,2142,345,422,702,673,53,60,71,104,0,1,0,1,0,0
0,1,2407,536,1050,500,321,88,161,71,59,0,1,0,1,0,0
0,2,2641,1025,743,284,589,148,90,30,74,0,1,0,1,0,0
0,1,1252,0,1033,142,77,0,161,16,7,0,0,0,0,0,0
0,3,4855,0,3588,702,565,0,548,101,79,0,0,0,1,0,0
0,6,2176,879,850,447,0,141,117,60,0,0,1,0,1,0,0
0,0,3318,746,1774,409,389,127,275,63,53,0,1,0,1,1,0
0,3,3622,596,1626,988,412,85,207,127,52,0,1,0,1,1,0
0,1,2304,1096,508,700,0,151,78,94,0,0,1,0,1,1,0
0,3,3283,244,1392,1204,443,37,231,187,68,0,1,0,1,0,0
0,8,897,0,897,0,0,0,139,0,0,1,0,0,0,0,0
0,4,666,70,596,0,0,1,86,0,0,0,1,0,1,0,0
0,4,1210,70,1140,0,0,1,158,0,0,0,1,0,1,0,0
0,5,1337,70,1267,0,0,1,177,0,0,0,1,0,1,0,0
0,5,1337,70,1267,0,0,1,177,0,0,0,1,0,1,0,0
0,3,940,70,870,0,0,1,121,0,0,0,1,0,1,0,0
0,3,1742,70,1672,0,0,1,221,0,0,0,1,0,1,0,0
0,2,2737,1187,1213,244,93,184,183,36,13,0,1,0,1,0,0
0,5,1978,70,1908,0,0,1,248,0,0,0,1,0,1,0,0
0,3,1742,70,1672,0,0,1,221,0,0,0,1,0,1,0,0
0,5,2152,70,2082,0,0,1,272,0,0,0,1,0,1,0,0
0,5,817,70,747,0,0,1,106,0,0,0,1,0,1,0,0
0,2,2734,1187,1213,243,91,184,183,36,13,0,1,0,1,0,0
0,5,1181,70,1111,0,0,1,117,0,0,1,1,0,1,0,0
0,5,2156,70,2086,0,0,1,272,0,0,0,1,0,1,0,0
0,3,940,70,870,0,0,1,121,0,0,0,1,0,1,0,0
0,5,1585,70,1515,0,0,1,196,0,0,1,1,0,1,0,0
0,5,1337,70,1267,0,0,1,177,0,0,0,1,0,1,0,0
0,1,984,70,494,420,0,1,82,55,0,0,1,0,1,0,0
0,5,915,70,845,0,0,1,121,0,0,0,1,0,1,0,0
0,5,1034,70,964,0,0,1,141,0,0,0,1,0,1,0,0
0,3,1075,70,1005,0,0,1,145,0,0,0,1,0,1,0,0
0,5,1585,70,1515,0,0,1,196,0,0,1,1,0,1,0,0
0,1,984,70,494,420,0,1,82,55,0,0,1,0,1,0,0
0,8,1822,0,1822,0,0,0,185,0,0,0,0,0,0,0,1
0,3,2566,0,1253,1313,0,0,146,150,0,1,0,0,1,0,0
1,0,3300,2023,417,736,124,295,60,113,15,1,1,0,1,1,0
0,6,3355,415,1754,1186,0,68,222,43,0,0,1,0,1,0,0
0,6,1594,0,1337,210,47,0,222,27,5,0,0,0,0,1,0
0,0,1752,576,219,593,364,79,33,93,51,0,1,0,1,0,0
0,2,2410,1187,816,299,108,184,128,48,16,0,1,0,1,0,0
0,7,184,87,97,0,0,13,14,0,0,0,1,0,1,1,0
0,6,2001,308,771,922,0,42,106,120,0,1,1,0,0,0,0
1,2,1072,0,878,194,0,0,99,21,0,0,0,0,0,1,0
0,5,461,0,146,212,103,0,22,25,12,0,0,0,0,1,0
0,4,1901,1187,485,143,86,184,78,21,9,0,1,0,1,0,0
0,7,309,87,222,0,0,13,33,0,0,0,1,0,1,1,0
0,5,2101,1827,137,137,0,248,18,18,0,0,1,0,1,0,0
0,5,991,0,991,0,0,0,127,0,0,0,0,0,0,0,0
0,5,2103,1827,138,0,138,248,20,0,20,0,1,0,1,0,0
0,7,727,683,44,0,0,115,9,0,0,0,1,1,1,0,0
0,5,1834,544,520,130,640,82,78,15,96,0,1,0,1,1,0
0,3,1290,0,1058,103,129,0,144,10,19,0,0,0,0,1,0
0,1,2932,839,1541,425,127,136,210,57,14,0,1,0,1,1,0
0,1,1604,0,575,787,242,0,79,130,40,1,0,0,0,0,0
0,7,2090,445,1645,0,0,65,242,0,0,0,1,0,1,0,0
0,0,1089,307,249,471,62,49,39,66,6,0,1,0,1,0,0
0,0,3907,1036,1609,868,394,157,199,100,52,1,1,0,1,1,0
0,6,3250,0,97,3134,19,0,14,451,5,0,0,0,0,1,0
0,6,3858,308,1785,1765,0,42,214,221,0,1,1,0,0,0,0
0,6,4950,308,2778,1864,0,42,367,231,0,1,1,0,0,0,0
0,1,4144,1220,1940,685,299,144,245,103,41,0,1,0,1,1,0
0,1,3904,1220,2075,373,236,144,249,60,34,0,1,0,1,1,0
0,5,1617,541,155,921,0,69,12,111,0,0,1,0,1,0,0
0,5,1527,541,116,870,0,69,13,110,0,0,1,0,1,0,0
0,5,823,204,198,362,59,33,28,53,9,0,1,0,0,1,0
0,8,318,0,318,0,0,0,43,0,0,0,0,0,0,1,0
0,8,420,0,420,0,0,0,62,0,0,0,0,0,0,0,0
0,4,2384,0,1402,982,0,0,217,152,0,0,0,0,0,1,0
1,7,1771,0,1077,0,694,0,144,0,97,0,0,0,0,0,0
0,2,2805,0,2300,505,0,0,303,53,0,0,0,0,0,1,0
1,1,478,0,324,117,37,0,54,14,7,1,0,0,1,0,0
0,4,2002,1187,354,365,96,184,54,63,13,0,1,0,1,0,0
0,5,2024,0,2024,0,0,0,302,0,0,1,0,0,1,0,0
0,4,2291,1187,682,314,108,184,102,41,13,0,1,0,1,0,0
0,2,2734,1187,1213,243,91,184,183,36,13,0,1,0,1,0,0
0,4,2375,1187,608,166,414,184,94,24,51,1,1,0,1,0,0
0,3,2441,1187,634,504,116,184,106,70,16,0,1,0,1,0,0
0,3,2571,1187,634,634,116,184,106,106,16,1,1,0,1,0,0
0,3,2207,1187,420,307,293,184,66,34,48,0,1,0,1,0,0
0,3,2205,1187,459,402,157,184,66,47,19,0,1,0,1,1,0
0,4,2578,1187,1048,219,124,184,169,20,10,0,1,0,1,1,0
0,4,3054,1187,1867,0,0,184,241,0,0,1,1,0,1,0,0
0,3,2441,1187,634,504,116,184,106,70,16,0,1,0,1,0,0
0,3,2207,1187,420,307,293,184,66,34,48,0,1,0,1,0,0
0,2,1755,1187,221,244,103,184,33,38,14,1,1,0,1,0,0
0,1,2911,839,1130,738,204,136,159,93,28,1,1,0,1,1,0
0,5,991,0,991,0,0,0,127,0,0,0,0,0,0,0,0
0,3,1190,541,649,0,0,69,88,0,0,0,1,0,1,0,0
0,4,3188,541,126,2521,0,69,10,353,0,0,1,0,1,0,0
0,4,1964,1187,350,216,211,184,49,26,27,0,1,0,1,1,0
0,2,1861,1187,245,340,89,184,39,49,11,0,1,0,1,0,0
0,4,2224,1187,501,536,0,184,66,77,0,1,1,0,1,0,0
0,5,2217,1187,501,529,0,184,66,76,0,0,1,0,1,0,0
0,5,2342,1187,985,170,0,184,136,24,0,0,1,0,1,1,0
0,4,2217,1187,501,529,0,184,66,76,0,0,1,0,1,0,0
0,4,1884,1187,485,126,86,184,78,19,9,0,1,0,1,0,0
0,4,2292,1187,438,420,247,184,69,57,23,0,1,0,1,0,0
0,3,633,0,180,453,0,0,25,65,0,1,0,0,1,0,0
0,4,1964,1187,350,216,211,184,49,26,27,0,1,0,1,1,0
0,0,2356,1187,1049,70,50,184,144,8,3,0,1,0,1,1,0
0,3,2291,1187,438,420,246,184,69,57,23,0,1,0,1,0,0
0,4,1884,1187,485,126,86,184,78,19,9,0,1,0,1,0,0
0,4,1901,1187,485,143,86,184,78,21,9,0,1,0,1,0,0
0,4,2292,1187,438,420,247,184,69,57,23,0,1,0,1,0,0
0,4,1959,1187,350,216,206,184,49,26,25,0,1,0,1,1,0
0,4,2292,1187,438,420,247,184,69,57,23,0,1,0,1,0,0
1,2,5783,1359,4424,0,0,200,585,0,0,0,1,0,1,0,0
0,7,1681,0,1249,432,0,0,202,62,0,0,0,0,0,0,0
0,8,972,0,972,0,0,0,123,0,0,0,0,1,0,0,0
0,6,3966,308,1852,1806,0,42,243,222,0,1,1,1,0,0,0
0,2,1755,1187,221,244,103,184,33,38,14,1,1,0,1,0,0
1,1,643,0,403,177,63,0,66,26,9,0,0,0,1,0,0
0,5,1594,196,588,772,38,32,86,79,4,0,1,0,1,1,0
0,5,3812,1280,855,396,1281,185,116,54,180,0,1,0,1,0,0
0,2,2694,240,1860,413,181,33,286,55,19,0,1,0,1,1,0
0,7,257,87,170,0,0,13,28,0,0,0,1,0,1,1,0
0,5,3841,1280,995,285,1281,185,131,39,180,0,1,0,1,0,0
1,1,643,0,403,177,63,0,66,26,9,0,0,0,1,0,0
1,1,1568,0,1205,264,99,0,133,35,14,1,0,0,0,0,0
0,6,2412,413,785,1214,0,55,108,164,0,0,1,0,1,1,0
0,5,1524,472,677,277,98,72,100,40,15,0,1,0,1,1,0
0,6,2219,413,749,1057,0,55,104,121,0,0,1,0,1,1,0
0,7,1192,0,1173,0,19,0,167,0,3,0,0,0,0,0,0
0,1,4113,787,1963,765,598,136,268,99,85,0,1,0,1,1,0
0,4,2755,0,1988,553,214,0,353,101,37,0,0,0,0,1,0
1,1,1866,607,828,397,34,94,107,50,5,0,1,0,1,0,0
0,5,2287,1187,872,159,69,184,141,20,6,0,1,0,1,0,0
1,0,2394,427,495,610,862,65,68,89,94,1,1,0,1,1,0
0,1,1745,0,908,643,194,0,116,86,21,0,0,0,0,0,0
1,1,478,0,324,117,37,0,54,14,7,1,0,0,1,0,0
0,5,2322,544,725,413,640,82,104,53,96,0,1,0,1,1,0
0,5,889,400,241,242,6,76,44,31,1,0,1,0,1,1,0
0,6,1391,472,615,304,0,72,84,44,0,0,1,0,1,0,0
0,1,1605,472,570,479,84,72,86,69,13,0,1,0,1,1,0
0,6,2554,0,1217,1337,0,0,150,161,0,0,0,0,0,0,0
0,1,1755,1187,221,244,103,184,33,38,14,1,1,0,1,0,0
0,2,1696,472,639,585,0,72,102,86,0,0,1,0,1,1,0
0,2,3993,1220,1917,620,236,144,242,88,34,0,1,0,1,1,0
1,7,1490,0,808,0,682,0,105,0,98,0,0,0,0,0,0
1,7,1907,0,1186,0,721,0,139,0,101,0,0,0,0,0,0
0,5,2656,544,971,501,640,82,137,50,96,0,1,0,1,1,0
0,5,991,0,991,0,0,0,127,0,0,0,0,0,0,0,0
0,2,3920,1220,2075,389,236,144,249,63,34,0,1,0,1,1,0
0,2,3654,1220,1835,363,236,144,226,56,34,0,1,0,1,1,0
1,7,1971,0,727,0,1244,0,99,0,175,0,0,0,0,0,0
0,5,2266,544,192,890,640,82,29,112,96,0,1,0,1,1,0
0,5,1139,555,578,3,3,76,90,1,1,0,1,0,1,0,0
0,6,2382,308,1135,939,0,42,151,117,0,1,1,0,0,0,0
0,6,2737,308,1017,1412,0,42,126,171,0,1,1,0,0,0,0
1,1,520,0,430,55,35,0,63,8,6,1,0,0,1,0,0
0,6,1432,409,875,148,0,70,105,20,0,0,1,0,1,1,0
0,1,4083,719,2228,1136,0,101,267,147,0,0,1,0,0,1,0
0,0,1958,1187,248,401,122,184,29,59,12,1,1,0,1,0,0
0,1,2797,764,1565,468,0,112,220,73,0,0,1,0,1,0,0
0,1,3985,1220,1910,619,236,144,241,88,34,0,1,0,1,1,0
0,4,3054,1187,1867,0,0,184,241,0,0,1,1,0,1,0,0
0,3,2441,1187,634,504,116,184,106,70,16,0,1,0,1,0,0
0,4,3054,1187,1867,0,0,184,241,0,0,1,1,0,1,0,0
0,6,1472,413,741,318,0,55,104,35,0,0,1,0,1,1,0
0,6,1445,413,782,250,0,55,96,32,0,0,1,0,1,1,0
0,6,1384,413,738,233,0,55,100,34,0,0,1,0,1,1,0
0,1,2937,974,1311,652,0,170,178,76,0,0,1,0,1,1,0
1,0,5967,1359,3417,1007,184,200,454,132,24,0,1,0,1,0,0
1,3,6362,1359,3996,1007,0,200,531,132,0,0,1,0,1,1,0
0,6,1276,413,748,115,0,55,102,14,0,0,1,0,1,1,0
0,6,1472,413,723,336,0,55,98,40,0,0,1,0,1,1,0
0,7,1376,413,963,0,0,55,131,0,0,0,1,0,1,0,0
0,1,1974,974,467,533,0,170,82,72,0,0,1,0,1,1,0
0,1,2134,974,671,489,0,170,89,61,0,0,1,0,1,1,0
0,2,2137,974,603,560,0,170,77,75,0,0,1,0,1,1,0
0,1,2901,974,1216,711,0,170,159,84,0,0,1,0,1,1,0
0,7,689,683,6,0,0,115,1,0,0,0,1,1,1,0,0
0,2,2787,683,799,746,559,115,133,95,87,0,1,0,1,1,0
0,0,2975,1989,445,226,315,280,58,29,46,0,1,0,1,1,0
1,1,716,0,547,61,108,0,83,10,15,1,0,0,1,0,0
0,7,1618,760,858,0,0,105,109,0,0,0,1,0,0,1,0
0,2,3999,1220,1948,595,236,144,249,85,34,0,1,0,1,1,0
0,2,3491,0,3089,402,0,0,389,53,0,1,0,0,0,0,0
0,7,1986,1894,92,0,0,264,14,0,0,0,1,0,0,0,0
0,5,4779,544,272,3323,640,82,41,390,96,0,1,0,1,1,0
0,2,3919,1220,2074,389,236,144,249,63,34,0,1,0,1,1,0
0,6,1209,570,522,117,0,84,76,14,0,0,1,0,0,1,0
0,1,1787,544,317,286,640,82,51,39,96,1,1,0,1,1,0
0,4,2578,1187,1048,219,124,184,169,20,10,0,1,0,1,1,0
0,7,1237,0,332,905,0,0,45,132,0,0,0,0,1,0,0
0,7,1358,0,384,974,0,0,44,139,0,0,0,0,1,1,0
0,5,1803,409,1147,173,74,70,176,14,11,0,1,0,1,1,0
0,6,1283,87,485,711,0,13,63,108,0,0,1,0,1,1,0
0,1,1648,0,1060,153,435,0,151,23,74,0,0,0,0,1,0
0,0,2282,1187,540,351,204,184,76,44,22,1,1,0,1,0,0
1,1,2059,0,399,1577,83,0,54,186,11,1,0,0,0,0,0
0,1,3790,1220,1846,488,236,144,233,69,34,0,1,0,1,1,0
0,5,1989,409,1194,312,74,70,183,29,11,0,1,1,1,1,0
0,2,3964,1220,2077,431,236,144,248,66,34,0,1,0,1,1,0
0,0,2465,1187,847,265,166,184,120,41,20,0,1,0,1,0,0
0,5,2684,544,1154,370,616,82,139,51,85,0,1,0,1,1,0
1,1,410,0,321,64,25,0,51,7,5,1,0,0,1,0,0
0,5,1372,0,1110,174,88,0,175,22,10,0,0,0,0,1,0
0,5,6781,544,4621,976,640,82,592,128,96,0,1,0,1,1,0
0,1,2344,898,655,607,184,130,101,93,21,0,1,0,1,1,0
0,1,2356,898,659,615,184,130,101,93,21,0,1,0,1,1,0
0,5,2334,717,1233,0,384,108,157,0,49,0,1,0,1,0,0
0,5,2373,544,490,699,640,82,89,88,96,0,1,0,1,1,0
0,6,5340,308,4009,1023,0,42,492,119,0,1,1,0,0,0,0
0,0,1925,544,183,558,640,82,30,79,96,1,1,0,1,1,0
0,1,3960,1220,1909,595,236,144,240,85,34,0,1,0,1,1,0
0,4,3041,1827,607,607,0,248,61,61,0,0,1,0,1,0,0
0,3,660,0,473,187,0,0,67,21,0,0,0,0,0,0,0
1,1,716,0,547,61,108,0,83,10,15,1,0,0,1,0,0
0,7,2193,0,1922,271,0,0,255,21,0,0,0,0,0,1,0
1,1,716,0,547,61,108,0,83,10,15,1,0,0,1,0,0
0,0,2282,1187,540,351,204,184,76,44,22,1,1,0,1,0,0
0,4,2956,683,1217,622,434,115,180,79,57,0,1,0,1,1,0
0,2,3208,683,1354,612,559,115,209,70,87,0,1,0,1,1,0
0,2,2790,683,982,566,559,115,160,87,87,0,1,0,1,1,0
0,5,1331,400,554,318,59,76,80,37,8,0,1,0,1,0,0
0,0,2606,898,746,779,183,130,115,116,21,0,1,0,1,1,0
0,5,847,555,292,0,0,76,54,0,0,0,1,0,1,1,0
0,6,1273,79,1105,89,0,13,143,8,0,0,1,0,1,1,0
0,5,3489,1280,821,107,1281,185,119,15,180,0,1,0,1,0,0
0,0,2024,445,882,596,101,65,115,84,17,1,1,0,1,0,0
0,6,4052,413,712,2927,0,55,98,330,0,0,1,0,1,1,0
0,1,1066,0,749,195,122,0,112,24,16,1,0,0,0,1,0
0,7,920,740,180,0,0,119,34,0,0,0,1,0,1,0,0
0,6,2206,308,827,1071,0,42,107,146,0,1,1,0,0,0,0
0,0,2465,1187,847,265,166,184,120,41,20,0,1,0,1,0,0
0,1,1833,0,1518,285,30,0,238,40,5,1,0,0,0,1,0
0,2,2712,938,790,984,0,104,123,140,0,0,1,0,1,1,0
0,2,1050,75,975,0,0,12,148,0,0,0,1,0,1,1,0
1,1,643,0,403,177,63,0,66,26,9,0,0,0,1,0,0
0,4,2217,1187,501,529,0,184,66,76,0,0,1,0,1,0,0
0,6,3034,308,1131,1595,0,42,142,199,0,1,1,0,0,0,0
0,6,3074,308,1535,1231,0,42,188,155,0,1,1,0,0,0,0
0,4,1744,1187,244,127,186,184,29,12,24,0,1,0,1,1,0
0,6,3287,308,955,2024,0,42,125,243,0,1,1,0,0,0,0
0,2,1520,472,759,289,0,72,117,44,0,0,1,0,1,1,0
0,1,3006,938,1716,352,0,104,245,41,0,0,1,0,1,1,0
0,6,2541,0,1604,795,142,0,232,92,15,0,0,0,0,1,0
0,1,4130,1220,1926,685,299,144,244,103,41,0,1,0,1,1,0
0,6,1105,472,407,226,0,72,67,36,0,0,1,0,1,1,0
0,6,3083,0,2209,807,67,0,245,89,10,0,0,0,0,1,0
0,4,1742,1187,244,125,186,184,29,12,24,0,1,0,1,1,0
0,4,1744,1187,244,127,186,184,29,12,24,0,1,0,1,1,0
0,1,3136,0,1829,1158,149,0,304,153,20,1,0,0,0,1,0
0,4,3070,1187,872,868,143,184,146,143,17,0,1,0,1,0,0
0,3,3057,1187,872,868,130,184,146,143,15,0,1,0,1,0,0
0,0,2704,1963,381,225,135,269,42,26,22,1,1,0,1,1,0
0,2,2209,787,743,81,598,136,114,4,85,1,1,0,1,1,0
0,6,1916,0,811,1105,0,0,98,129,0,0,0,0,1,1,0
0,6,1886,413,804,669,0,55,101,82,0,0,1,0,1,1,0
0,5,2003,736,735,471,61,99,109,50,6,0,1,0,1,1,0
0,6,1208,413,728,67,0,55,101,9,0,0,1,0,1,1,0
0,0,5545,787,1825,2335,598,136,248,318,85,1,1,0,1,1,0
0,6,1808,413,1059,336,0,55,137,40,0,0,1,0,1,1,0
0,1,3761,1220,1853,444,244,144,233,72,34,0,1,0,1,1,0
0,5,2189,570,960,326,333,84,162,42,48,0,1,0,0,1,0
0,2,2533,0,2287,246,0,0,267,25,0,0,0,0,0,0,0
0,2,3392,1220,1712,313,147,144,219,43,17,0,1,0,1,1,0
0,5,1945,570,763,328,284,84,130,42,40,0,1,0,0,1,0
0,7,1796,0,557,1239,0,0,78,151,0,0,0,0,1,0,0
0,6,1342,413,739,190,0,55,103,27,0,0,1,0,1,1,0
0,6,1336,413,749,174,0,55,98,24,0,0,1,0,1,1,0
1,1,520,0,430,55,35,0,63,8,6,1,0,0,1,0,0
0,2,539,0,115,424,0,0,13,61,0,1,0,0,1,1,0
0,7,1642,413,1229,0,0,55,143,0,0,0,1,0,1,0,0
0,7,1589,413,1176,0,0,55,150,0,0,0,1,0,1,0,0
0,3,2219,570,800,524,325,84,141,69,48,0,1,0,0,1,0
0,4,923,0,94,829,0,0,15,128,0,0,0,0,0,0,0
0,0,4647,1299,1270,1175,903,203,179,173,70,0,1,0,1,0,0
0,7,1161,409,752,0,0,70,115,0,0,0,1,1,1,0,0
0,5,1795,0,817,940,38,0,127,114,5,0,0,0,0,1,0
0,1,2802,974,1007,821,0,170,130,105,0,1,1,0,1,1,0
0,5,2046,645,426,462,513,81,74,73,77,0,1,0,1,1,0
0,2,1211,196,552,425,38,32,84,52,4,0,1,0,1,1,0
0,2,974,0,250,724,0,0,39,98,0,0,0,0,1,1,0
0,1,3918,1220,1979,483,236,144,245,79,34,0,1,0,1,1,0
0,2,3919,1220,2074,389,236,144,249,63,34,0,1,0,1,1,0
0,5,991,0,991,0,0,0,127,0,0,0,0,0,0,0,0
1,1,588,0,471,98,19,0,84,13,4,1,0,0,1,0,0
0,3,2292,1187,487,409,209,184,69,53,26,0,1,0,1,1,0
0,2,3001,0,2045,956,0,0,259,112,0,0,0,0,0,1,0
0,4,1968,1187,354,330,97,184,54,58,13,0,1,0,1,0,0
0,1,3474,1963,1228,145,138,269,180,19,23,0,1,0,1,1,0
0,0,2233,379,1256,575,23,49,158,62,4,0,1,0,1,0,1
0,0,4399,1299,1678,920,502,203,245,138,43,0,1,0,1,0,0
0,2,1812,1187,242,353,30,184,31,53,5,0,1,0,1,0,0
1,1,716,0,547,61,108,0,83,10,15,1,0,0,1,0,0
0,0,3211,1299,1598,226,88,203,214,32,13,0,1,0,1,0,0
0,1,2479,1827,326,326,0,248,48,48,0,0,1,0,1,0,0
0,5,865,0,865,0,0,0,100,0,0,0,0,0,0,0,0
0,0,3395,787,1141,869,598,136,159,118,85,1,1,0,1,1,0
0,3,960,0,960,0,0,0,125,0,0,1,0,0,0,0,0
0,0,3641,1299,1116,543,683,203,157,77,59,0,1,0,1,0,0
0,5,865,0,865,0,0,0,100,0,0,0,0,0,0,0,0
0,5,865,0,865,0,0,0,100,0,0,0,0,0,0,0,0
0,5,991,0,991,0,0,0,127,0,0,0,0,0,0,0,0
0,5,991,0,991,0,0,0,127,0,0,0,0,0,0,0,0
0,5,991,0,991,0,0,0,127,0,0,0,0,0,0,0,0
0,5,991,0,991,0,0,0,127,0,0,0,0,0,0,0,0
0,5,991,0,991,0,0,0,127,0,0,0,0,0,0,0,0
0,5,991,0,991,0,0,0,127,0,0,0,0,0,0,0,0
1,0,2257,73,1025,972,187,13,155,99,23,1,1,0,1,1,0
0,2,2528,442,2086,0,0,67,265,0,0,0,1,1,0,1,0
0,7,1582,760,822,0,0,105,103,0,0,0,1,0,0,0,0
0,0,2456,1187,695,156,418,184,100,17,56,1,1,0,1,0,0
0,5,2287,541,85,1661,0,69,8,194,0,0,1,0,1,0,0
1,2,3478,1989,935,239,315,280,140,31,46,0,1,0,1,1,0
0,0,3809,1989,1339,166,315,280,201,22,46,0,1,0,1,1,0
0,2,2694,938,830,926,0,104,127,130,0,1,1,0,1,1,0
0,4,2282,1187,619,336,140,184,88,51,18,0,1,0,1,0,0
0,2,1902,0,160,1742,0,0,22,187,0,1,0,0,1,0,0
0,4,1744,1187,244,127,186,184,29,12,24,0,1,0,1,1,0
0,1,2217,1187,501,529,0,184,66,76,0,1,1,0,1,0,0
0,4,2342,1187,985,170,0,184,136,24,0,0,1,0,1,1,0
0,1,1657,0,868,666,123,0,128,96,10,0,0,0,0,0,0
0,3,1759,1187,259,127,186,184,30,12,24,0,1,0,1,1,0
0,4,1744,1187,244,127,186,184,29,12,24,0,1,0,1,1,0
0,2,833,0,384,449,0,0,50,76,0,1,0,0,0,0,0
0,3,3039,1187,872,868,112,184,146,143,14,0,1,0,1,0,0
0,1,2411,0,1422,545,444,0,192,70,62,0,0,0,0,0,0
0,1,1195,0,243,531,421,0,38,76,58,0,0,0,0,0,0
0,1,1928,0,942,546,440,0,130,70,61,0,0,0,0,0,0
0,4,1968,1187,354,330,97,184,54,58,13,0,1,0,1,0,0
0,5,850,555,295,0,0,76,45,0,0,0,1,0,1,0,0
0,2,2777,1827,475,475,0,248,70,70,0,0,1,0,1,0,0
0,0,1710,607,741,315,47,94,92,35,7,0,1,0,1,1,0
0,7,1444,0,1232,212,0,0,133,25,0,0,0,0,0,0,0
0,4,1697,736,571,296,94,99,98,31,11,0,1,0,1,1,0
0,1,5945,379,1489,4077,0,49,191,402,0,0,1,0,1,1,1
0,4,3527,549,1514,1295,169,87,199,193,25,0,1,0,1,1,0
0,2,3515,1220,1835,313,147,144,226,43,17,0,1,0,1,1,0
0,2,1480,549,679,139,113,87,110,15,15,0,1,0,1,1,0
0,1,2262,0,432,1210,620,0,61,175,96,1,0,0,0,1,0
0,4,1885,1187,485,127,86,184,78,19,9,0,1,0,1,0,0
0,2,6700,0,1872,1114,3714,0,231,138,554,0,0,0,0,0,0
0,3,2281,1187,476,409,209,184,69,53,26,0,1,0,1,1,0
0,6,1386,708,572,106,0,98,82,5,0,0,1,0,1,1,0
0,6,2126,570,1373,183,0,84,208,25,0,0,1,0,0,1,0
0,3,1158,0,888,270,0,0,137,34,0,0,0,0,0,0,0
0,0,3196,515,933,1164,584,79,148,131,90,1,1,0,1,1,0
0,6,2920,379,1296,1245,0,49,183,174,0,0,1,0,1,0,1
0,1,2007,379,968,660,0,49,113,71,0,1,1,0,1,1,1
0,1,2125,379,1301,445,0,49,161,53,0,1,1,0,1,1,1
0,6,1056,379,169,508,0,49,20,72,0,0,1,0,1,0,1
0,5,865,0,865,0,0,0,100,0,0,0,0,1,0,0,0
0,5,5273,1439,3159,583,92,210,430,78,11,0,1,0,1,1,0
0,2,2197,683,343,612,559,115,54,80,87,0,1,0,1,1,0
0,5,2287,1187,872,159,69,184,141,20,6,0,1,0,1,0,0
0,2,4904,1894,1750,687,573,264,233,104,82,0,1,0,0,0,0
0,6,816,555,178,0,83,76,30,0,13,0,1,0,1,0,0
0,5,4554,1439,2495,446,174,210,317,54,29,0,1,0,1,1,0
0,2,3874,1220,2045,373,236,144,247,60,34,0,1,0,1,1,0
0,0,2781,515,970,958,338,79,157,128,48,1,1,0,1,1,0
0,5,2097,409,1381,233,74,70,208,22,11,0,1,0,1,1,0
0,0,1957,1187,248,401,121,184,29,59,12,1,1,0,1,0,0
0,7,1101,938,163,0,0,104,28,0,0,0,1,0,1,0,0
0,0,2390,1187,863,237,103,184,121,27,8,0,1,0,1,0,0
0,2,3873,308,2337,1228,0,42,287,148,0,0,1,0,0,0,0
0,5,991,0,991,0,0,0,127,0,0,0,0,0,0,0,0
0,4,2578,1187,1048,219,124,184,169,20,10,0,1,0,1,1,0
0,1,1855,0,877,701,277,0,124,78,33,1,0,0,0,1,0
0,3,2411,1187,816,300,108,184,128,48,16,0,1,0,1,0,0
0,3,2441,1187,634,504,116,184,106,70,16,0,1,0,1,0,0
0,0,1196,517,311,273,95,80,42,33,14,1,1,0,1,1,0
0,0,2841,1187,800,427,427,184,114,62,63,1,1,0,1,0,0
0,0,3028,240,1475,1159,154,33,220,173,15,0,1,0,1,1,0
0,2,3889,691,2113,1085,0,111,349,150,0,1,1,0,1,0,0
0,0,2465,1187,847,265,166,184,120,41,20,0,1,0,1,0,0
0,0,2465,1187,847,265,166,184,120,41,20,0,1,0,1,0,0
0,2,3935,1220,2048,431,236,144,244,66,34,0,1,0,1,1,0
0,0,2465,1187,847,265,166,184,120,41,20,0,1,0,1,0,0
0,0,2282,1187,540,351,204,184,76,44,22,1,1,0,1,0,0
0,0,2841,1187,800,427,427,184,114,62,63,1,1,0,1,0,0
0,0,2841,1187,800,427,427,184,114,62,63,1,1,0,1,0,0
0,3,2441,1187,634,504,116,184,106,70,16,0,1,0,1,0,0
0,0,2841,1187,800,427,427,184,114,62,63,1,1,0,1,0,0
0,0,2282,1187,540,351,204,184,76,44,22,1,1,0,1,0,0
0,2,1394,0,491,903,0,0,85,114,0,1,0,0,1,0,0
0,0,2841,1187,800,427,427,184,114,62,63,1,1,0,1,0,0
0,4,2291,1187,682,314,108,184,102,41,13,0,1,0,1,0,0
0,2,1755,1187,221,244,103,184,33,38,14,1,1,0,1,0,0
0,0,2390,1187,863,237,103,184,121,27,8,0,1,0,1,0,0
0,0,2764,240,1509,861,154,33,214,97,15,0,1,0,1,1,0
0,0,2390,1187,863,237,103,184,121,27,8,0,1,0,1,0,0
0,0,2390,1187,863,237,103,184,121,27,8,0,1,0,1,0,0
0,2,2282,1187,619,336,140,184,88,51,18,0,1,0,1,0,0
0,4,2291,1187,682,314,108,184,102,41,13,0,1,0,1,0,0
0,4,2291,1187,682,314,108,184,102,41,13,0,1,0,1,0,0
0,6,246,0,92,154,0,0,11,21,0,0,0,0,0,0,0
0,0,1958,1187,248,401,122,184,29,59,12,1,1,0,1,0,0
0,4,2282,1187,619,336,140,184,88,51,18,0,1,0,1,0,0
0,4,1884,1187,485,126,86,184,78,19,9,0,1,0,1,0,0
0,5,2287,1187,872,159,69,184,141,20,6,0,1,0,1,0,0
0,3,3043,1187,872,854,130,184,146,143,15,0,1,0,1,0,0
0,3,2205,1187,459,402,157,184,66,47,19,0,1,0,1,1,0
0,1,1755,1187,221,244,103,184,33,38,14,1,1,0,1,0,0
0,2,2206,1187,460,402,157,184,66,47,19,0,1,0,1,1,0
0,1,2513,1187,525,431,370,184,77,45,40,1,1,0,1,1,0
0,5,2292,1187,487,409,209,184,69,53,26,0,1,0,1,1,0
0,4,2292,1187,487,409,209,184,69,53,26,0,1,0,1,1,0
0,2,2734,1187,1213,243,91,184,183,36,13,0,1,0,1,0,0
0,4,2282,1187,619,336,140,184,88,51,18,0,1,0,1,0,0
0,0,2456,1187,695,156,418,184,100,17,56,1,1,0,1,0,0
0,0,1958,1187,248,401,122,184,29,59,12,1,1,0,1,0,0
0,0,2390,1187,863,237,103,184,121,27,8,0,1,0,1,0,0
0,4,2410,1187,816,299,108,184,128,48,16,0,1,0,1,0,0
0,1,3984,1220,2139,389,236,144,247,63,34,0,1,0,1,1,0
0,6,2217,1187,501,529,0,184,66,76,0,0,1,0,1,0,0
0,1,2456,1187,695,156,418,184,100,17,56,1,1,0,1,0,0
0,4,2578,1187,1048,219,124,184,169,20,10,0,1,0,1,1,0
0,4,2409,1187,816,298,108,184,128,48,16,0,1,0,1,0,0
0,2,2734,1187,1213,243,91,184,183,36,13,0,1,0,1,0,0
0,4,2410,1187,816,299,108,184,128,48,16,0,1,0,1,0,0
0,0,2456,1187,695,156,418,184,100,17,56,1,1,0,1,0,0
0,2,3313,478,1236,1599,0,51,184,198,0,0,1,0,1,0,0
0,0,2456,1187,695,156,418,184,100,17,56,1,1,0,1,0,0
0,4,3054,1187,1867,0,0,184,241,0,0,0,1,0,1,0,0
0,4,1968,1187,354,330,97,184,54,58,13,0,1,0,1,0,0
0,4,2292,1187,438,420,247,184,69,57,23,0,1,0,1,0,0
0,4,3054,1187,1867,0,0,184,241,0,0,1,1,0,1,0,0
0,2,2734,1187,1213,243,91,184,183,36,13,0,1,0,1,0,0
0,4,2410,1187,816,299,108,184,128,48,16,0,1,0,1,0,0
0,3,2205,1187,459,402,157,184,66,47,19,0,1,0,1,1,0
0,4,3054,1187,1867,0,0,184,241,0,0,1,1,0,1,0,0
0,3,1969,1187,354,331,97,184,54,58,13,0,1,0,1,0,0
0,2,2734,1187,1213,243,91,184,183,36,13,0,1,0,1,0,0
0,3,2205,1187,459,402,157,184,66,47,19,0,1,0,1,1,0
0,3,2205,1187,459,402,157,184,66,47,19,0,1,0,1,1,0
0,3,2205,1187,459,402,157,184,66,47,19,0,1,0,1,1,0
0,5,2375,1187,608,166,414,184,94,24,51,0,1,0,1,0,0
0,3,2566,0,1253,1313,0,0,146,150,0,1,0,0,1,0,0
0,4,2375,1187,608,166,414,184,94,24,51,1,1,0,1,0,0
0,7,2090,445,1645,0,0,65,242,0,0,0,1,0,1,0,0
0,4,2375,1187,608,166,414,184,94,24,51,1,1,0,1,0,0
0,4,3057,1187,872,868,130,184,146,143,15,0,1,0,1,0,0
0,3,2292,1187,487,409,209,184,69,53,26,0,1,0,1,1,0
0,5,2145,1827,159,159,0,248,21,21,0,0,1,0,1,0,0
0,3,2176,1187,371,409,209,184,51,53,26,0,1,0,1,1,0
0,4,1964,1187,350,216,211,184,49,26,27,0,1,0,1,1,0
0,4,2291,1187,438,420,246,184,69,57,23,0,1,0,1,0,0
0,4,2291,1187,438,420,246,184,69,57,23,0,1,0,1,0,0
0,4,1885,1187,485,127,86,184,78,19,9,0,1,0,1,0,0
0,0,6335,2501,2921,479,434,359,372,70,52,0,1,0,1,1,0
0,5,2165,1187,360,409,209,184,51,53,26,0,1,0,1,1,0
0,5,865,0,865,0,0,0,100,0,0,0,0,0,0,0,0
0,0,3753,1299,983,552,919,203,153,89,95,0,1,0,1,0,0
0,1,2975,0,1798,944,233,0,254,109,35,1,0,0,1,0,0
0,4,1257,78,813,205,161,13,116,36,19,0,1,0,1,1,0
0,6,1101,555,323,223,0,76,53,36,0,0,1,0,1,0,0
0,5,2287,1187,872,159,69,184,141,20,6,0,1,0,1,0,0
0,0,1958,1187,248,401,122,184,29,59,12,1,1,0,1,0,0
1,1,1912,0,800,894,218,0,114,119,42,0,0,0,1,1,0
0,6,3282,0,2769,513,0,0,351,65,0,0,0,0,0,0,0
0,1,4083,1660,1347,1076,0,247,163,136,0,0,1,0,1,1,0
0,1,4082,1660,1362,1060,0,247,169,133,0,0,1,0,1,1,0
1,0,2116,315,1108,464,229,52,160,63,34,0,1,0,1,0,0
0,1,1713,0,725,438,550,0,104,48,80,1,0,0,0,1,0
0,5,2287,1187,872,159,69,184,141,20,6,0,1,0,1,0,0
0,4,2292,1187,682,314,109,184,102,41,14,0,1,0,1,0,0
0,2,3919,1220,2074,389,236,144,249,63,34,0,1,0,1,1,0
0,2,2282,1187,619,336,140,184,88,51,18,0,1,0,1,0,0
0,1,3721,1220,1955,310,236,144,240,48,34,1,1,0,1,1,0
0,7,2090,445,1645,0,0,65,242,0,0,0,1,0,1,0,0
0,0,2282,1187,619,336,140,184,88,51,18,0,1,0,1,0,0
0,4,2282,1187,619,336,140,184,88,51,18,0,1,0,1,0,0
0,5,865,0,865,0,0,0,100,0,0,0,0,0,0,0,0
1,2,4053,0,2680,708,665,0,413,91,107,0,0,0,1,0,0
0,5,2287,1187,872,159,69,184,141,20,6,0,1,0,1,0,0
0,1,3871,1220,1937,478,236,144,238,68,34,0,1,0,1,1,0
0,0,2480,1894,222,204,160,264,23,25,26,1,1,0,0,1,0
0,5,2287,1187,872,159,69,184,141,20,6,0,1,0,1,0,0
0,0,2465,1187,847,265,166,184,120,41,20,0,1,0,1,0,0
0,0,3829,1036,1600,799,394,157,204,96,52,0,1,0,1,1,0
0,0,3841,1036,1612,799,394,157,206,96,52,1,1,0,1,1,0
0,0,3920,1036,1670,820,394,157,216,95,52,1,1,0,1,1,0
0,0,2024,445,882,596,101,65,115,84,17,1,1,0,1,0,0
0,5,1642,0,1642,0,0,0,235,0,0,0,0,0,1,0,0
0,5,865,0,865,0,0,0,100,0,0,0,0,0,0,0,0
0,2,1902,0,160,1742,0,0,22,187,0,1,0,0,1,0,0
0,1,3978,1220,2149,373,236,144,247,60,34,0,1,0,1,1,0
0,1,3977,1220,2148,373,236,144,247,60,34,0,1,0,1,1,0
0,5,2375,1187,608,166,414,184,94,24,51,1,1,0,1,0,0
0,3,1991,1187,415,389,0,184,67,49,0,0,1,0,1,0,0
0,2,3935,1220,2048,431,236,144,244,66,34,0,1,0,1,1,0
0,0,2282,1187,540,351,204,184,76,44,22,1,1,0,1,0,0
0,1,3969,1220,1916,597,236,144,242,86,34,0,1,0,1,1,0
1,4,2820,0,1606,1214,0,0,253,179,0,0,0,0,0,0,0
0,0,2282,1187,540,351,204,184,76,44,22,1,1,0,1,0,0
0,6,4076,0,3669,407,0,0,457,57,0,0,0,0,0,0,0
0,2,3896,1220,2059,381,236,144,247,61,34,0,1,0,1,1,0
0,1,4326,1220,2116,691,299,144,278,106,41,0,1,0,1,1,0
0,1,3982,1220,1907,619,236,144,241,88,34,0,1,0,1,1,0
0,1,3985,1220,1910,619,236,144,241,88,34,0,1,0,1,1,0
0,2,3919,1220,2074,389,236,144,249,63,34,0,1,0,1,1,0
0,1,4131,1220,1927,685,299,144,244,103,41,0,1,0,1,1,0
0,2,3919,1220,2074,389,236,144,249,63,34,0,1,0,1,1,0
0,1,1713,307,411,915,80,49,68,140,8,0,1,0,1,0,0
0,1,4011,1220,1910,645,236,144,241,91,34,0,1,0,1,1,0
0,1,3939,1220,1779,641,299,144,222,88,41,0,1,0,1,1,0
0,1,3985,1220,2117,412,236,144,255,63,34,0,1,0,1,1,0
0,3,1151,541,610,0,0,69,78,0,0,0,1,0,1,0,0
0,6,2921,1280,892,0,749,185,107,0,104,0,1,0,1,1,0
0,5,1225,541,71,613,0,69,8,89,0,0,1,0,1,0,0
0,1,2932,839,1541,425,127,136,210,57,14,0,1,0,1,1,0
0,5,1859,541,322,996,0,69,15,116,0,0,1,0,1,0,0
0,1,4167,1220,1926,685,336,144,244,103,44,0,1,0,1,1,0
0,1,4129,1220,2094,452,363,144,275,68,47,0,1,0,1,1,0
0,2,3935,1220,2048,431,236,144,244,66,34,0,1,0,1,1,0
0,1,4167,1220,1926,685,336,144,244,103,44,0,1,0,1,1,0
0,0,2928,839,1049,857,183,136,148,110,23,1,1,0,1,1,0
0,0,5878,1989,2022,1552,315,280,262,192,46,0,1,0,1,1,0
0,1,4159,1220,1918,685,336,144,243,103,44,0,1,0,1,1,0
0,7,1663,0,1218,445,0,0,194,75,0,0,0,0,0,0,0
0,4,1531,541,641,349,0,69,73,43,0,0,1,0,1,0,0
0,5,1668,541,140,987,0,69,12,128,0,0,1,0,1,0,0
0,3,2580,541,2039,0,0,69,298,0,0,0,1,0,1,0,0
0,3,4180,3626,554,0,0,515,73,0,0,0,1,0,1,0,0
0,5,2488,0,1570,918,0,0,190,103,0,0,0,0,0,0,0
0,2,1810,0,1070,740,0,0,156,90,0,0,0,0,0,1,0
0,1,4232,1220,2197,452,363,144,285,68,47,0,1,0,1,1,0
0,6,3155,0,1370,1785,0,0,158,210,0,0,0,0,0,0,0
0,1,2550,0,931,1414,205,0,145,186,30,0,0,0,0,0,0
0,3,1880,0,1029,851,0,0,137,118,0,0,0,0,0,0,0
0,5,1235,0,495,740,0,0,70,102,0,0,0,0,0,0,0
0,5,961,0,545,416,0,0,75,55,0,1,0,0,0,0,0
0,5,650,0,266,384,0,0,36,51,0,1,0,0,0,0,0
0,0,1146,307,353,98,388,49,42,9,47,1,1,0,1,0,0
0,3,565,0,190,375,0,0,28,48,0,0,0,0,1,0,0
0,1,4227,1220,2191,453,363,144,279,68,47,0,1,0,1,1,0
0,0,1912,144,336,1124,308,28,51,140,32,1,1,0,1,1,0
1,1,2114,379,1244,491,0,57,198,87,0,1,1,0,0,1,0
0,0,3900,885,2013,922,80,127,277,114,16,0,1,0,1,0,0
0,7,2845,0,2175,670,0,0,296,78,0,0,0,0,0,1,0
0,5,2606,544,948,474,640,82,143,54,96,0,1,0,1,1,0
0,6,465,0,237,163,65,0,40,11,4,0,0,0,1,1,0
0,5,4167,308,1770,2089,0,42,233,250,0,1,1,0,0,0,0
0,5,2800,683,905,668,544,115,153,91,81,0,1,0,1,0,0
0,1,3609,1220,999,1051,339,144,154,150,52,1,1,0,1,0,0
0,6,3081,0,2302,779,0,0,295,84,0,0,0,0,0,0,0
0,2,1778,0,473,1305,0,0,71,153,0,0,0,0,0,0,0
0,2,3919,1220,2074,389,236,144,249,63,34,0,1,0,1,1,0
0,1,4137,1220,2102,452,363,144,276,68,47,0,1,0,1,1,0
0,1,3891,1220,2062,373,236,144,249,60,34,0,1,0,1,1,0
0,1,1712,307,410,915,80,49,69,140,8,0,1,0,1,0,0
0,2,3929,1220,2085,388,236,144,249,63,34,0,1,0,1,1,0
0,4,1306,0,702,208,396,0,110,24,50,0,0,0,0,0,0
0,2,5255,3626,68,398,1163,515,12,59,157,0,1,0,1,1,0
0,3,1363,0,1305,58,0,0,186,7,0,0,0,0,0,0,0
0,7,2875,0,1563,1312,0,0,206,163,0,0,0,0,0,0,0
0,3,1984,0,1279,705,0,0,172,68,0,0,0,0,0,0,0
0,1,3336,1220,1656,313,147,144,212,43,17,0,1,0,1,1,0
0,3,2658,0,1696,962,0,0,232,111,0,0,0,0,0,0,0
0,2,3902,1220,2065,381,236,144,248,61,34,0,1,0,1,1,0
0,2,2224,0,1592,632,0,0,218,81,0,0,0,0,0,0,0
0,1,3642,1220,1835,351,236,144,226,56,34,0,1,0,1,1,0
0,1,4232,1220,2197,452,363,144,285,68,47,0,1,0,1,1,0
0,1,4432,1220,2047,793,372,144,254,126,49,0,1,0,1,1,0
0,2,3919,1220,2074,389,236,144,249,63,34,0,1,0,1,1,0
0,1,3985,1220,1910,619,236,144,241,88,34,0,1,0,1,1,0
0,2,3935,1220,2048,431,236,144,244,66,34,0,1,0,1,1,0
0,1,3690,1220,1883,351,236,144,234,56,34,0,1,0,1,1,0
0,2,3535,1220,1835,325,155,144,226,43,17,0,1,0,1,1,0
0,7,1659,409,1250,0,0,70,186,0,0,0,1,0,1,1,0
0,1,4137,1220,2102,452,363,144,276,68,47,0,1,0,1,1,0
0,1,3911,1220,2074,381,236,144,249,61,34,0,1,0,1,1,0
0,2,3962,1220,2075,431,236,144,249,66,34,0,1,0,1,1,0
0,1,4432,1220,2047,793,372,144,254,126,49,0,1,0,1,1,0
0,1,4376,1220,2102,691,363,144,276,106,47,0,1,0,1,1,0
0,5,3004,491,799,1698,16,82,113,237,3,0,1,0,1,0,0
0,1,1474,0,1190,187,97,0,186,22,10,1,0,0,0,1,0
0,7,3309,1091,2218,0,0,175,337,0,0,0,1,0,1,1,0
0,0,4498,1863,1143,895,597,324,163,126,89,0,1,0,1,1,0
0,1,2500,684,1400,416,0,86,188,51,0,0,1,0,1,0,0
0,7,2165,1970,195,0,0,312,36,0,0,0,1,1,1,0,0
0,0,4420,1466,1834,979,141,222,267,133,10,1,1,0,1,1,0
0,7,4665,2018,2647,0,0,267,336,0,0,0,1,0,1,1,0
0,6,2511,708,1803,0,0,114,263,0,0,0,1,0,1,1,0
0,7,2261,684,1577,0,0,108,238,0,0,0,1,0,1,0,0
0,1,2142,0,1017,675,450,0,158,84,60,0,0,0,0,0,0
0,1,3943,1687,1771,485,0,247,227,58,0,0,1,0,1,0,0
0,0,4991,575,982,3173,261,81,133,382,40,0,1,0,1,0,0
0,1,1442,183,425,834,0,37,75,123,0,0,1,0,1,0,0
0,0,2598,353,852,675,718,44,124,106,95,1,1,0,1,0,0
1,0,2289,675,1060,514,40,108,167,82,8,0,1,0,1,0,0
0,7,2133,433,1700,0,0,48,271,0,0,0,1,1,1,1,0
0,4,3144,251,738,1465,690,29,103,222,116,0,1,0,1,0,0
0,1,1608,829,692,70,17,131,112,10,2,0,1,0,1,1,0
1,0,1872,198,1031,573,70,26,137,81,12,1,1,0,1,1,0
0,0,2454,1126,912,260,156,163,115,29,21,0,1,0,1,1,0
0,5,2152,1376,301,125,350,221,43,11,39,0,1,0,0,1,0
0,3,1533,619,99,815,0,81,11,89,0,0,1,0,1,1,0
0,1,2331,323,1118,699,191,48,168,92,22,0,1,0,1,1,0
0,4,1719,541,131,1047,0,69,11,116,0,0,1,0,1,0,0
0,7,1844,73,1771,0,0,14,242,0,0,0,1,0,1,0,0
0,7,1196,433,763,0,0,48,113,0,0,0,1,1,1,1,0
0,2,4291,1708,1087,884,612,290,177,143,112,0,1,0,1,1,0
0,6,2225,0,693,852,680,0,110,121,110,0,0,0,0,1,0
0,0,3906,492,1792,433,1189,70,249,60,180,1,1,0,1,1,0
0,0,3786,1264,1086,1232,204,216,171,155,37,0,1,0,1,0,0
0,4,2988,0,2490,498,0,0,339,81,0,0,0,0,0,0,0
0,0,4104,1247,1625,709,523,216,284,90,70,0,1,0,1,1,0
0,5,2447,616,845,719,267,93,130,101,35,0,1,0,1,1,0
0,0,3299,1989,695,300,315,280,104,37,46,0,1,0,1,1,0
0,1,4008,0,2812,715,481,0,390,101,75,0,0,0,0,0,0
0,1,1837,660,884,0,293,112,153,0,40,0,1,0,1,1,0
0,3,2553,638,522,1223,170,107,74,166,20,0,1,0,1,0,0
0,5,3295,1110,1161,410,614,158,155,48,77,0,1,0,1,1,0
0,0,3850,730,1475,400,1245,116,216,48,197,0,1,0,1,0,0
0,3,388,0,388,0,0,0,51,0,0,0,0,0,0,0,1
0,2,3714,649,1784,434,847,100,261,55,142,0,1,0,1,1,0
0,8,3557,0,3557,0,0,0,497,0,0,0,0,0,0,0,0
0,1,3835,479,1561,1795,0,63,218,211,0,0,1,0,1,1,0
0,1,2067,651,409,647,360,107,46,81,50,0,1,0,1,1,0
0,4,2410,1187,816,299,108,184,128,48,16,0,1,0,1,0,0
0,0,2337,598,868,545,326,80,144,80,57,0,1,0,1,1,0
0,6,1160,228,932,0,0,32,129,0,0,0,1,0,0,0,0
0,7,2313,115,2198,0,0,18,322,0,0,0,1,0,1,1,0
0,4,3969,574,1061,2334,0,86,130,295,0,0,1,0,1,1,0
0,1,2616,684,1217,715,0,86,150,86,0,0,1,0,1,0,0
0,5,553,433,76,44,0,63,14,6,0,0,1,0,1,0,0
0,0,2187,340,798,248,801,58,109,29,141,0,1,0,1,1,0
0,4,1661,0,1005,656,0,0,131,73,0,1,0,0,1,0,0
0,1,1315,0,764,466,85,0,107,60,8,0,0,0,1,0,0
0,1,2447,310,1285,852,0,53,189,136,0,0,1,0,1,1,0
0,1,383,0,315,55,13,0,37,8,3,0,0,0,0,0,1
0,1,2306,0,1682,587,37,0,286,85,2,0,0,0,0,0,0
0,2,2232,0,1865,119,248,0,314,19,46,1,0,0,0,0,0
0,0,4570,613,2378,375,1204,100,377,58,197,0,1,0,1,1,0
0,5,3551,601,620,1397,933,82,19,26,18,0,1,0,1,1,0
0,2,1686,888,798,0,0,136,101,0,0,0,1,0,1,0,0
0,1,3233,660,832,1556,185,112,125,188,22,0,1,0,1,0,0
0,2,1724,668,653,228,175,96,96,26,21,1,1,0,1,1,0
0,2,4080,773,2389,918,0,113,311,98,0,0,1,0,1,1,0
0,0,3171,579,1242,860,490,87,165,112,55,0,1,0,1,1,0
0,0,3298,341,1403,1362,192,58,232,213,26,1,1,0,1,1,0
0,7,1168,429,739,0,0,62,116,0,0,0,1,1,1,1,0
0,5,381,146,85,140,10,22,14,15,2,0,1,0,1,1,0
0,1,2623,684,1225,714,0,86,152,86,0,0,1,0,1,0,0
0,6,3167,449,2634,0,84,68,386,0,9,0,1,0,0,0,0
0,0,2543,695,1112,365,371,120,176,63,66,0,1,0,1,0,0
0,2,3722,456,2369,897,0,69,347,135,0,0,1,0,1,1,0
0,0,3749,1568,1571,415,195,232,218,48,27,1,1,0,1,1,0
0,1,2600,580,1113,907,0,86,159,140,0,1,1,0,1,0,0
0,0,2432,592,592,1096,152,86,86,150,19,0,1,0,1,0,0
0,2,1862,0,613,1249,0,0,69,158,0,0,0,0,0,1,0
0,6,665,312,353,0,0,49,54,0,0,0,1,0,1,0,0
0,1,4167,1220,1926,685,336,144,244,103,44,0,1,0,1,1,0
0,3,1517,829,518,154,16,131,86,25,2,0,1,0,1,1,0
0,0,3916,975,2199,515,227,147,336,69,32,1,1,0,1,0,0
0,1,587,0,441,97,49,0,69,10,12,1,0,0,1,1,0
0,6,480,0,480,0,0,0,71,0,0,0,0,0,0,0,0
0,0,1555,829,665,44,17,131,103,6,2,0,1,0,1,1,0
0,6,3105,601,2504,0,0,91,374,0,0,0,1,0,1,0,0
0,1,1070,0,663,191,216,0,98,21,19,1,0,0,0,1,0
0,2,2962,281,669,2009,3,33,85,243,1,0,1,0,1,0,0
0,4,687,70,617,0,0,1,88,0,0,0,1,0,1,0,0
0,6,3032,0,2106,577,349,0,98,79,48,0,0,0,0,1,0
0,2,1410,1030,308,0,72,147,50,0,5,1,1,0,1,1,0
0,1,1665,551,691,390,33,86,105,63,4,1,1,0,0,0,0
0,6,2308,0,1588,720,0,0,213,86,0,0,0,0,1,0,0
0,1,4147,0,3369,724,54,0,524,115,4,0,0,0,0,1,0
0,5,2946,702,647,800,797,110,109,92,116,0,1,0,1,0,0
0,5,2151,675,436,728,312,115,67,92,39,0,1,0,0,1,0
0,2,1391,829,475,70,17,131,79,10,2,0,1,0,1,1,0
1,0,4834,753,1746,2240,95,121,264,299,10,0,1,0,1,0,0
0,7,287,0,75,212,0,0,11,30,0,0,0,0,1,1,0
0,0,2279,651,620,573,435,100,84,76,65,0,1,0,1,1,0
0,1,2617,684,1219,714,0,86,151,86,0,0,1,0,1,0,0
0,5,3758,353,2282,358,765,46,326,48,94,0,1,1,1,0,0
0,2,1599,829,683,70,17,131,106,10,2,0,1,0,1,1,0
0,1,2763,996,1366,401,0,158,201,55,0,1,1,0,1,0,0
0,0,2784,773,1298,446,267,120,181,56,39,0,1,0,1,1,0
0,6,4985,325,1298,3362,0,49,188,423,0,0,1,0,1,0,0
0,7,1983,1447,536,0,0,215,71,0,0,0,1,0,1,1,0
0,7,1385,0,1069,316,0,0,141,52,0,0,0,0,0,1,0
0,6,2385,1390,995,0,0,196,117,0,0,0,1,0,0,0,0
0,0,2923,1628,655,524,116,207,68,80,16,1,1,0,1,1,0
0,4,456,57,201,124,74,7,27,21,9,0,1,1,1,1,0
0,0,2479,860,531,815,273,121,80,88,42,0,1,0,1,0,0
0,1,1585,558,464,219,344,84,59,33,57,0,1,0,1,0,0
0,6,2697,1247,437,1013,0,192,70,145,0,0,1,0,1,0,0
1,6,907,0,907,0,0,0,149,0,0,0,0,0,0,0,0
0,0,3026,384,1409,850,383,49,222,114,48,1,1,0,1,1,0
0,2,1157,0,931,226,0,0,119,28,0,1,0,0,0,0,0
0,1,2105,442,1221,352,90,75,177,55,11,0,1,0,1,1,0
0,2,3907,1208,2504,0,195,155,354,0,26,0,1,0,1,0,0
0,5,2594,516,979,706,393,76,134,91,34,0,1,0,1,1,0
0,0,3782,726,1297,861,898,83,189,114,117,0,1,0,1,0,0
0,2,2611,396,1870,109,236,62,257,14,37,0,1,0,1,0,0
0,1,1567,829,651,70,17,131,95,10,2,0,1,0,1,1,0
0,6,2568,503,739,1326,0,78,127,202,0,0,1,0,0,0,0
0,1,5103,1481,2723,899,0,264,380,118,0,0,1,0,1,0,0
0,1,2729,660,571,1192,306,112,90,149,42,0,1,0,1,0,0
0,1,2541,0,1264,632,645,0,177,80,106,1,0,0,0,1,0
0,1,2514,775,91,1636,12,118,11,196,2,0,1,0,0,0,0
0,2,2847,860,939,617,431,124,137,100,66,0,1,0,1,0,0
0,2,1743,0,1488,176,79,0,233,24,12,0,0,0,0,0,0
0,0,1421,577,544,95,205,90,70,13,24,1,1,0,1,1,0
0,1,3541,0,2469,576,496,0,383,95,84,0,0,0,0,0,0
0,2,583,53,381,130,19,10,33,18,3,0,1,0,1,1,0
0,0,2361,598,781,728,254,80,131,100,45,0,1,0,1,1,0
0,1,3366,0,1910,478,978,0,258,70,151,0,0,0,0,0,0
0,5,2457,516,983,566,392,76,135,73,34,0,1,0,1,1,0
0,1,4145,1264,1751,1130,0,216,270,155,0,0,1,0,1,0,0
0,1,1501,829,567,89,16,131,79,15,2,0,1,0,1,0,0
1,0,5047,1005,1136,2644,262,143,174,298,36,1,1,0,1,0,0
0,7,5140,445,4695,0,0,58,113,0,0,0,1,0,1,0,0
0,0,3888,746,2123,507,512,127,314,79,78,0,1,0,1,1,0
0,2,3357,1419,1659,279,0,206,248,38,0,0,1,0,1,1,0
0,6,2343,614,932,797,0,85,119,101,0,0,1,1,1,0,0
0,4,3795,695,1092,1192,816,120,161,186,138,0,1,0,1,1,0
0,3,5947,1630,3300,958,59,208,427,126,12,0,1,0,1,0,0
0,0,3138,651,1195,646,646,107,168,79,82,0,1,0,1,1,0
0,4,6021,1594,4427,0,0,270,721,0,0,0,1,0,1,1,0
1,0,4144,580,2316,847,401,86,336,123,52,1,1,0,1,0,0
0,2,2941,1550,811,276,304,216,110,50,35,0,1,0,1,1,0
1,0,2532,433,1046,827,226,63,151,126,41,0,1,0,1,1,0
1,0,2905,1050,903,937,15,155,131,120,2,0,1,0,1,1,0
0,6,2704,228,2476,0,0,32,311,0,0,0,1,0,0,0,0
1,0,2963,580,1034,1179,170,86,138,181,20,1,1,0,1,0,0
0,2,4220,1229,559,2432,0,179,79,322,0,0,1,0,1,0,0
0,6,4052,0,2001,1834,217,0,276,264,30,0,0,0,0,1,0
0,7,2203,0,1598,605,0,0,212,87,0,0,0,0,1,0,0
0,5,4239,1492,1635,658,454,234,259,111,68,0,1,0,1,0,0
0,5,1845,79,1359,338,69,12,197,43,10,0,1,0,1,0,0
0,0,2073,924,652,441,56,129,82,61,7,1,1,0,0,1,0
0,7,986,278,708,0,0,43,106,0,0,0,1,0,1,1,0
0,4,2547,1481,1066,0,0,264,174,0,0,0,1,0,1,0,0
0,2,3425,879,405,2103,38,141,57,276,5,0,1,0,1,1,0
0,8,310,0,310,0,0,0,47,0,0,0,0,0,0,0,0
0,7,4641,1820,2821,0,0,327,409,0,0,0,1,0,1,1,0
0,0,4325,1042,549,2514,220,144,80,300,33,0,1,0,1,0,0
0,1,2438,695,1372,0,371,120,203,0,66,0,1,0,1,1,0
0,0,1471,829,555,70,17,131,83,10,2,0,1,0,1,1,0
0,3,2919,596,1192,886,245,85,151,120,35,1,1,0,1,1,0
0,2,1710,829,795,70,16,131,111,10,2,0,1,0,1,1,0
0,2,2412,711,1188,513,0,109,175,70,0,0,1,0,1,1,0
0,1,3164,0,2291,738,135,0,310,90,18,0,0,0,0,1,0
0,2,896,0,275,621,0,0,37,78,0,1,0,0,0,0,0
0,2,973,0,951,22,0,0,146,3,0,1,0,0,0,0,0
0,6,895,228,667,0,0,32,80,0,0,0,1,0,0,0,0
0,3,1812,683,917,212,0,124,123,32,0,0,1,0,1,0,0
0,0,2314,1298,657,353,6,203,108,61,1,0,1,0,1,0,0
0,1,978,310,418,229,21,50,66,30,3,0,1,0,1,1,0
0,0,5609,725,2673,1429,782,119,347,176,97,0,1,0,1,0,0
0,3,3401,850,891,417,1243,146,122,48,209,1,1,0,1,0,0
0,1,2815,673,703,1382,57,97,102,211,9,1,1,0,1,0,0
0,2,3511,356,1897,848,410,48,252,122,53,1,1,0,1,0,0
0,1,2295,0,1059,692,544,0,148,109,80,1,0,0,1,0,0
0,1,3310,746,1667,478,419,127,245,75,57,0,1,0,1,1,0
0,3,2567,1100,935,231,301,180,139,36,55,0,1,0,1,0,0
0,0,3487,2662,262,433,130,379,42,45,16,0,1,0,1,1,0
0,0,3162,579,1167,804,612,87,162,112,72,0,1,0,1,1,0
0,3,2554,1230,1324,0,0,184,181,0,0,1,1,0,1,1,0
0,8,468,0,468,0,0,0,60,0,0,0,0,0,0,0,0
0,2,2544,672,1452,420,0,96,190,50,0,0,1,0,1,0,0
0,1,2981,829,1040,1112,0,128,134,129,0,0,1,0,1,0,0
0,1,1022,0,538,332,152,0,65,42,18,0,0,0,0,0,0
0,0,3253,694,1819,442,298,105,263,61,41,0,1,0,1,1,0
0,2,2587,0,2474,0,113,0,284,0,11,1,0,0,0,0,0
0,2,1209,0,576,558,75,0,81,72,10,0,0,0,0,1,0
0,6,1664,829,835,0,0,131,131,0,0,0,1,0,1,0,0
0,0,3219,1461,600,929,229,211,87,134,23,1,1,0,1,1,0
1,3,1716,0,928,788,0,0,150,113,0,0,0,0,0,1,0
0,3,904,0,904,0,0,0,119,0,0,1,0,0,0,0,0
0,1,1878,770,719,279,110,93,118,43,12,0,1,0,1,1,0
0,2,3218,1491,1727,0,0,235,232,0,0,0,1,0,1,0,0
0,5,3418,1100,518,1382,418,180,88,201,81,0,1,0,1,0,0
0,2,2152,364,1273,391,124,61,199,50,10,0,1,0,1,1,0
0,3,4142,467,2368,1307,0,73,323,161,0,0,1,0,1,1,0
0,4,2012,485,199,894,434,82,34,121,71,0,1,0,0,1,0
0,0,2085,237,622,775,451,36,82,109,73,0,1,0,1,1,0
0,6,1261,413,761,87,0,55,103,12,0,0,1,0,1,1,0
0,0,3234,1419,1130,553,132,206,195,103,22,0,1,0,1,0,0
0,0,3292,1208,1522,451,111,155,234,68,17,0,1,0,1,1,0
1,1,3817,685,1748,1006,378,102,268,158,54,0,1,0,1,0,0
0,1,4872,1708,1514,1038,612,290,242,167,112,0,1,0,1,1,0
0,1,1580,829,664,70,17,131,106,10,2,0,1,0,1,1,0
0,0,2468,552,833,692,391,71,95,97,57,0,1,0,1,1,0
0,6,806,0,180,265,361,0,22,31,48,0,0,0,0,1,0
0,1,4234,694,2430,832,278,105,356,118,38,0,1,0,1,1,0
0,1,2903,579,1239,595,490,87,156,67,55,0,1,0,1,1,0
0,2,1804,695,759,350,0,120,116,59,0,0,1,0,1,0,0
0,4,6302,699,1202,3412,989,104,202,425,153,0,1,0,1,0,0
0,0,3877,1025,1872,443,537,148,234,60,81,0,1,0,1,1,0
0,4,2537,384,2153,0,0,70,313,0,0,0,1,0,1,1,0
0,0,4777,351,3349,892,185,48,493,108,20,0,1,0,1,1,0
0,2,3867,438,1013,2416,0,53,135,310,0,0,1,0,1,0,0
0,0,2820,646,1247,181,746,101,182,27,106,0,1,0,1,1,0
0,0,2328,717,699,641,271,120,95,82,41,0,1,0,1,1,0
0,3,1521,762,759,0,0,111,97,0,0,0,1,0,1,0,0
0,4,2365,486,1300,376,203,76,177,45,24,0,1,0,1,1,0
0,1,724,0,368,161,195,0,45,22,32,1,0,0,0,0,0
0,0,3518,1042,1041,739,696,178,146,95,111,1,1,0,1,1,0
0,1,905,142,657,106,0,16,90,13,0,1,1,0,1,0,0
0,0,2966,1251,787,912,16,201,132,140,3,0,1,0,1,1,0
0,3,6649,1576,641,4432,0,243,89,586,0,0,1,0,1,0,0
1,1,3225,1349,881,995,0,206,137,148,0,0,1,0,1,0,0
0,7,437,0,284,153,0,0,42,16,0,0,0,0,0,0,0
0,0,3496,1043,1264,627,562,175,206,92,77,1,1,0,1,1,0
0,0,4152,1460,672,1757,263,199,107,227,44,0,1,0,1,1,0
0,1,4020,2817,1035,72,96,440,156,13,10,1,1,0,1,0,0
0,5,2036,638,709,689,0,87,104,81,0,0,1,0,1,0,0
0,2,3166,1557,335,498,776,230,50,61,115,0,1,0,1,0,0
0,1,2651,1376,880,308,87,226,107,38,10,0,1,0,1,0,0
0,2,1697,371,512,0,814,61,68,0,126,0,1,0,1,1,0
0,7,2245,1447,798,0,0,215,114,0,0,0,1,0,1,1,0
0,0,3304,600,1316,689,699,92,206,98,90,0,1,0,1,1,0
0,0,4575,1441,1551,561,1022,176,230,87,156,0,1,0,1,1,0
0,2,554,53,332,150,19,10,28,20,3,0,1,0,1,0,0
0,5,477,0,433,27,17,0,60,4,3,0,0,0,0,0,1
0,7,696,0,300,396,0,0,37,39,0,0,0,0,0,1,1
0,1,1383,0,277,872,234,0,44,145,39,0,0,0,0,0,0
0,0,1876,730,709,290,147,116,116,33,19,1,1,0,1,1,0
0,1,2029,0,285,1084,660,0,33,136,85,1,0,0,1,0,0
0,0,1602,365,325,608,304,50,47,96,45,0,1,0,1,1,0
0,0,3916,825,1369,527,1195,147,222,77,204,0,1,0,1,1,0
0,6,3319,781,2027,511,0,109,272,59,0,0,1,0,1,0,0
0,1,3727,570,1197,1778,182,77,163,244,30,0,1,0,1,1,0
0,2,6253,873,4226,1154,0,146,630,163,0,0,1,0,1,0,0
0,1,3334,2662,279,334,59,379,38,43,7,0,1,0,1,1,0
0,6,457,0,430,27,0,0,59,4,0,0,0,0,0,0,1
0,0,3055,1180,1063,308,504,173,135,36,68,0,1,0,1,0,0
0,2,1521,660,556,305,0,104,77,46,0,0,1,0,1,0,0
0,3,3328,592,2432,304,0,89,354,41,0,0,1,0,1,0,0
0,1,3431,0,1696,974,761,0,240,149,112,0,0,0,1,1,0
0,1,1429,0,1237,120,72,0,223,17,13,0,0,0,1,0,0
0,6,1092,228,864,0,0,32,122,0,0,0,1,0,0,0,0
0,2,2641,200,2441,0,0,30,366,0,0,0,1,0,1,1,0
0,1,4734,1958,2151,282,343,335,362,47,54,0,1,0,1,1,0
0,6,3903,879,2481,543,0,141,308,65,0,0,1,0,1,0,0
0,7,1553,0,1220,0,333,0,172,0,43,0,0,0,0,1,0
0,5,3635,1002,1648,932,53,155,212,115,7,0,1,0,0,1,0
0,2,3652,536,2021,729,366,88,309,102,47,0,1,0,1,0,0
0,0,2551,159,813,1115,464,28,117,161,58,0,1,0,1,1,0
0,1,4509,1056,2490,920,43,163,364,139,3,1,1,0,1,1,0
0,0,2082,968,482,348,284,130,64,41,45,0,1,0,1,0,0
0,0,4407,1441,1181,763,1022,176,187,118,156,0,1,0,1,1,0
0,3,876,0,273,603,0,0,42,86,0,1,0,0,0,1,0
0,3,1453,829,518,90,16,131,91,15,2,0,1,0,1,1,0
0,1,934,0,331,564,39,0,47,68,6,1,0,0,1,0,0
0,4,176,0,141,35,0,0,20,5,0,0,0,0,0,0,0
0,6,1993,405,1051,537,0,53,144,67,0,0,1,0,1,0,0
0,0,2488,526,1191,618,153,93,160,71,20,1,1,0,1,1,0
0,4,2276,336,759,1181,0,55,106,148,0,0,1,0,1,1,0
0,2,3008,773,1449,786,0,113,193,104,0,0,1,0,1,1,0
0,3,3476,1050,1750,426,250,155,241,54,37,0,1,0,1,1,0
0,1,5942,684,4353,905,0,86,577,121,0,0,1,0,1,0,0
0,2,2609,619,445,1545,0,81,57,195,0,0,1,0,1,0,0
0,1,1414,0,921,434,59,0,117,50,4,0,0,0,0,1,0
0,0,2946,726,1029,281,910,83,152,35,120,0,1,0,1,1,0
0,5,4113,433,2585,429,666,73,335,72,109,0,1,0,1,1,0
0,0,3325,1461,1039,601,224,211,167,85,22,1,1,0,1,1,0
0,0,1627,537,673,333,84,78,95,42,14,1,1,0,1,1,0
0,7,1534,829,705,0,0,131,98,0,0,0,1,0,1,0,0
0,3,1075,175,595,0,305,29,88,0,12,0,1,0,1,1,0
0,0,1675,505,546,457,167,79,71,62,21,1,1,0,1,0,0
0,6,1578,463,697,418,0,77,121,68,0,0,1,0,1,0,0
0,0,2064,832,337,788,107,132,50,113,12,1,1,0,0,0,0
0,0,2538,820,667,566,485,129,107,92,90,0,1,0,1,0,0
0,0,3729,300,1978,1302,149,44,144,152,22,0,1,0,1,1,0
0,0,3255,132,1568,1320,235,24,220,168,35,0,1,0,1,1,0
0,1,5389,1679,2622,1088,0,230,341,133,0,1,1,0,1,0,0
0,4,2659,0,234,2425,0,0,34,346,0,0,0,0,1,1,0
0,0,2942,651,1138,600,553,107,161,90,73,0,1,0,1,1,0
0,4,2406,0,1267,1139,0,0,170,156,0,0,0,0,0,1,0
0,1,1731,829,722,103,77,131,121,17,11,0,1,0,1,1,0
0,1,2480,323,1145,756,256,48,176,94,29,0,1,0,1,1,0
0,0,2649,352,1666,348,283,57,242,49,45,1,1,0,1,1,0
0,2,1739,651,530,328,230,107,68,42,34,0,1,0,1,0,0
0,3,347,0,188,159,0,0,25,27,0,1,0,0,0,0,1
0,4,2740,879,1169,692,0,141,164,94,0,0,1,0,1,0,0
0,4,2113,310,1082,344,377,53,157,46,61,0,1,0,1,0,0
0,1,3611,403,1791,1073,344,55,254,132,55,0,1,0,1,1,0
0,0,3165,579,1236,860,490,87,164,112,55,0,1,0,1,1,0
0,0,4739,1309,2122,907,401,208,325,131,71,1,1,0,1,1,0
0,1,3051,825,1206,653,367,147,153,82,64,1,1,0,1,1,0
0,0,4831,746,2961,693,431,127,409,98,63,0,1,0,1,1,0
0,3,1290,244,368,397,281,32,56,57,41,0,1,0,1,0,0
0,5,1405,454,386,479,86,68,58,50,11,0,1,0,1,1,0
0,5,475,0,431,27,17,0,59,4,3,0,0,0,0,0,1
0,1,3207,0,2150,566,491,0,334,87,81,0,0,0,0,0,0
0,4,718,0,274,444,0,0,40,61,0,0,0,0,1,0,0
0,0,3196,348,503,2218,127,53,71,308,17,0,1,0,1,0,0
0,3,3636,601,1200,1835,0,91,180,266,0,0,1,0,1,0,0
0,1,4313,2021,410,1882,0,294,68,281,0,0,1,0,1,1,0
0,5,3205,870,1379,815,141,140,187,97,18,0,1,0,1,1,0
0,6,2489,879,982,628,0,141,129,82,0,0,1,0,1,0,0
0,2,684,115,569,0,0,15,82,0,0,0,1,0,1,0,0
0,1,3780,1384,1782,614,0,213,220,70,0,0,1,0,1,0,0
0,1,3269,554,1926,789,0,88,257,118,0,0,1,0,1,1,0
0,0,2323,643,1080,465,135,99,183,61,18,0,1,0,1,0,0
0,2,4350,1031,2178,1048,93,133,300,124,16,0,1,0,1,1,0
0,1,2347,974,847,526,0,170,116,66,0,0,1,0,1,1,0
0,0,1420,418,335,234,433,73,52,25,78,0,1,0,1,1,0
0,1,3244,680,1604,960,0,74,235,109,0,1,1,0,1,0,0
0,1,4715,1286,1437,1078,914,153,207,138,134,1,1,0,1,0,0
0,0,3297,2130,302,552,313,331,46,54,40,0,1,0,1,1,0
0,1,3026,807,417,1802,0,112,55,237,0,0,1,0,1,0,0
0,5,924,87,438,122,277,13,69,16,22,0,1,0,1,1,0
0,4,2328,769,605,465,489,112,86,38,68,0,1,0,1,0,0
0,0,3363,341,1403,1427,192,58,232,222,26,1,1,0,1,1,0
0,0,1188,132,660,294,102,24,115,35,13,0,1,0,1,1,0
0,0,3247,726,975,649,897,83,143,96,117,0,1,0,1,0,0
0,4,406,0,406,0,0,0,55,0,0,0,0,0,0,0,1
0,0,4555,3145,766,182,462,551,129,24,82,0,1,0,1,1,0
0,1,3911,1220,2074,381,236,144,249,61,34,0,1,0,1,1,0
0,0,3850,726,1558,669,897,83,214,85,117,0,1,0,1,0,0
0,0,3569,1113,1424,661,371,155,182,85,48,0,1,0,1,1,0
0,6,2587,662,1925,0,0,104,285,0,0,0,1,0,1,0,0
0,2,2772,536,1459,640,137,88,224,90,18,0,1,0,1,0,0
0,6,3188,2023,1146,19,0,282,147,3,0,0,1,0,1,0,0
0,3,4199,3626,573,0,0,515,79,0,0,0,1,0,1,0,0
0,2,2057,693,941,354,69,109,143,46,9,0,1,0,1,1,0
0,0,3714,1181,1111,594,828,156,137,76,89,0,1,0,1,0,0
0,2,4057,931,1042,2042,42,142,165,288,4,0,1,0,1,1,0
0,2,1774,683,917,147,27,124,123,24,5,0,1,0,1,0,0
0,0,2807,879,1043,528,357,141,143,64,46,0,1,0,1,1,0
0,7,987,380,607,0,0,64,87,0,0,0,1,0,1,1,0
0,1,2225,1050,519,656,0,155,68,97,0,0,1,0,1,1,0
0,1,2258,256,1124,878,0,39,142,121,0,1,1,0,0,0,0
0,0,1853,735,141,913,64,74,23,127,8,0,1,0,1,0,0
0,2,2389,920,1331,0,138,128,171,0,20,1,1,0,1,0,0
0,5,2362,0,2274,0,88,0,395,0,10,0,0,0,1,0,0
0,4,1803,257,357,1189,0,36,45,153,0,0,1,0,1,1,0
0,2,1572,0,501,1065,6,0,71,138,1,0,0,0,1,1,0
0,5,2946,702,647,800,797,110,109,92,116,0,1,0,1,0,0
0,5,3843,321,2135,1061,326,45,265,128,40,0,1,0,1,1,0
0,5,3378,0,2743,286,349,0,399,39,53,0,0,0,1,0,0
0,0,4102,1286,942,1087,787,153,135,141,115,0,1,0,1,1,0
0,3,2329,0,1904,425,0,0,261,58,0,0,0,0,0,0,0
0,1,828,0,444,301,83,0,54,39,13,1,0,1,0,1,0
1,6,3135,740,1571,824,0,119,251,122,0,0,1,0,1,1,0
0,2,1253,134,679,217,223,20,109,35,37,0,1,0,1,1,0
0,1,2330,839,1032,309,150,130,165,38,15,0,1,0,1,1,0
0,7,1559,829,730,0,0,131,101,0,0,0,1,0,1,0,0
0,6,1092,228,864,0,0,32,129,0,0,0,1,0,0,0,0
0,0,2809,1050,1121,562,76,155,141,85,15,0,1,0,1,1,0
0,1,1141,829,225,70,17,131,35,10,2,0,1,0,1,1,0
0,0,3724,1057,1492,446,729,125,193,55,117,0,1,0,1,1,0
0,5,1113,393,720,0,0,62,95,0,0,0,1,0,1,0,0
0,2,4306,879,2842,585,0,141,342,66,0,0,1,0,1,1,0
0,3,4059,520,1120,2091,328,73,178,293,43,0,1,0,1,0,0
0,2,2306,463,1175,267,401,67,168,31,58,0,1,0,1,0,0
0,0,3116,397,1359,579,781,53,173,74,73,0,1,0,1,0,0
0,0,2039,570,420,391,658,76,62,51,86,0,1,0,1,0,0
0,3,2357,115,2242,0,0,18,329,0,0,0,1,0,1,1,0
0,6,1247,492,755,0,0,70,130,0,0,0,1,1,1,1,0
0,1,1960,815,845,300,0,121,108,41,0,0,1,0,1,1,0
0,2,3765,673,1958,1134,0,97,310,196,0,1,1,0,1,0,0
0,3,331,0,331,0,0,0,45,0,0,1,0,1,0,0,0
0,0,4828,606,1804,1415,1003,77,240,110,157,0,1,0,1,0,0
0,5,4145,1286,1546,373,940,153,244,53,153,0,1,0,1,1,0
0,5,3397,1057,262,24,2054,125,40,5,280,0,1,0,1,1,0
0,2,3011,1229,509,1273,0,179,63,164,0,0,1,0,1,0,0
0,0,2793,422,1460,575,336,68,194,76,48,0,1,0,1,0,0
0,7,1388,187,1201,0,0,21,129,0,0,0,1,0,1,0,0
0,1,6112,716,3593,1803,0,104,515,228,0,0,1,0,1,1,0
0,3,2849,134,1173,949,593,20,152,130,89,0,1,0,1,1,0
0,0,2358,349,1248,534,227,56,182,81,31,0,1,0,1,1,0
0,0,2874,514,1268,509,583,89,193,69,95,0,1,0,1,1,0
0,5,991,0,991,0,0,0,127,0,0,0,0,0,0,0,0
0,0,2871,1419,695,625,132,206,122,113,22,0,1,0,1,1,0
0,0,4272,1025,2245,585,417,148,284,70,63,0,1,0,1,1,0
0,0,4892,1025,2808,523,536,148,354,66,81,0,1,0,1,1,0
0,1,5664,1683,2567,1005,409,246,331,145,52,0,1,0,1,1,0
0,1,5472,2287,1492,1693,0,311,208,200,0,0,1,0,1,0,0
0,2,1737,607,729,401,0,99,107,57,0,0,1,0,1,0,0
0,2,1504,263,1146,0,95,38,184,0,14,0,1,0,1,0,0
0,0,2775,904,768,737,366,127,115,105,61,1,1,0,1,0,0
0,0,3204,1270,547,966,421,190,73,121,60,0,1,0,1,1,0
0,1,2688,1345,423,324,596,222,58,51,106,0,1,0,1,1,0
0,1,3065,747,505,1515,298,125,63,208,41,0,1,0,1,1,0
0,1,4975,1194,2328,861,592,186,348,122,101,0,1,0,1,1,0
0,0,4395,717,2867,345,466,120,374,42,67,0,1,0,1,1,0
0,1,2053,83,660,307,1003,12,115,39,182,1,1,0,1,1,0
0,7,1012,0,776,236,0,0,113,33,0,0,0,0,1,1,0
0,6,6511,1700,856,3955,0,223,113,498,0,0,1,0,1,1,0
0,4,3297,0,2124,519,654,0,309,71,91,0,0,0,0,0,0
0,1,5296,2676,1283,1068,269,392,161,125,32,0,1,0,1,1,0
0,3,1824,349,1164,200,111,54,193,27,16,0,1,0,1,0,0
0,0,2875,492,1642,588,153,79,229,77,14,0,1,0,1,0,0
1,0,4649,778,3008,751,112,130,501,118,17,0,1,0,1,0,0
0,3,1342,257,557,528,0,36,72,79,0,0,1,0,1,1,0
0,4,2076,619,399,1058,0,81,62,123,0,0,1,0,1,1,0
0,3,1270,0,931,272,67,0,132,37,8,0,0,0,0,0,0
0,1,1920,229,1588,103,0,33,237,16,0,0,1,0,1,1,0
0,0,1819,788,594,340,97,119,80,44,12,0,1,0,1,0,0
0,6,1036,0,382,98,556,0,61,15,79,0,0,0,0,0,1
0,0,3010,1376,543,768,323,226,82,91,32,0,1,0,1,1,0
0,0,5098,532,2622,1678,266,92,360,221,34,0,1,0,1,1,0
0,4,1315,0,816,499,0,0,118,72,0,0,0,0,0,0,1
0,6,1882,0,1495,252,135,0,256,35,26,0,0,0,0,1,1
0,6,812,128,658,26,0,19,69,3,0,0,1,0,1,0,1
0,9,0,0,0,0,0,0,0,0,0,0,0,0,0,0,1
0,7,980,0,516,464,0,0,76,58,0,0,0,0,0,1,0
0,0,363,86,159,91,27,12,30,13,5,1,1,0,1,0,0
0,0,4250,767,1975,1285,223,125,314,165,29,0,1,0,1,1,0
0,7,320,0,320,0,0,0,46,0,0,0,0,0,0,0,1
0,7,314,0,314,0,0,0,41,0,0,0,0,0,0,0,1
0,6,3570,0,3570,0,0,0,455,0,0,0,0,0,0,0,1
0,6,1271,0,577,149,545,0,100,22,73,0,0,0,0,0,1
0,7,1085,0,1000,85,0,0,124,10,0,0,0,0,0,1,1
0,6,1036,0,382,98,556,0,61,15,79,0,0,0,0,0,1
0,4,263,0,263,0,0,0,36,0,0,0,0,0,0,0,1
0,8,862,0,862,0,0,0,115,0,0,0,0,0,0,0,1
0,1,1809,0,498,1002,309,0,75,118,40,1,0,0,0,0,1
0,5,1834,0,1541,146,147,0,213,18,24,0,0,0,0,1,1
0,3,726,0,421,305,0,0,59,36,0,0,0,0,0,0,1
0,6,1036,0,382,98,556,0,61,15,79,0,0,0,0,0,1
0,3,437,0,437,0,0,0,56,0,0,0,0,0,0,0,1
0,6,724,0,633,46,45,0,94,7,7,0,0,0,0,0,1
0,8,862,0,862,0,0,0,115,0,0,0,0,0,0,0,1
1,4,783,0,619,164,0,0,95,24,0,0,0,0,0,0,1
0,7,1097,0,824,273,0,0,98,36,0,0,0,0,0,0,1
0,1,62,0,44,11,7,0,8,1,1,0,0,0,0,1,1
0,3,876,0,405,300,171,0,50,36,23,0,0,0,0,0,1
0,3,772,0,772,0,0,0,129,0,0,0,0,0,0,0,1
0,4,437,0,437,0,0,0,56,0,0,0,0,0,0,0,1
0,1,1181,0,501,160,520,0,73,17,50,1,0,1,0,0,1
0,5,1834,0,1541,146,147,0,213,18,24,0,0,0,0,1,1
0,6,1794,0,1370,288,136,0,175,38,22,0,0,0,0,0,1
0,0,1320,469,413,244,194,70,56,30,32,1,1,0,0,0,1
0,5,3067,0,3067,0,0,0,296,0,0,0,0,0,0,0,1
0,8,190,0,190,0,0,0,25,0,0,0,0,0,0,0,1
0,6,507,0,507,0,0,0,64,0,0,0,0,0,0,0,1
0,6,1095,0,577,149,369,0,100,22,57,0,0,0,0,0,1
0,1,302,0,136,74,92,0,20,12,15,0,0,0,0,1,1
0,6,1271,0,577,149,545,0,100,22,73,0,0,0,0,0,1
0,6,1036,0,382,98,556,0,61,15,79,0,0,0,0,0,1
0,1,1356,0,334,609,413,0,48,87,55,1,0,0,0,1,1
0,8,1612,0,1612,0,0,0,227,0,0,0,0,0,0,0,1
1,3,1571,0,1571,0,0,0,229,0,0,0,0,0,0,0,1
0,6,858,0,858,0,0,0,97,0,0,0,0,0,0,0,1
0,3,655,0,350,305,0,0,54,36,0,0,0,0,0,0,1
1,2,1837,0,966,432,439,0,126,50,67,1,0,0,0,0,1
1,4,783,0,619,164,0,0,95,24,0,0,0,0,0,0,1
0,2,3881,624,3257,0,0,95,380,0,0,0,1,0,1,0,1
0,1,6270,0,4396,1081,793,0,597,158,100,0,0,0,0,1,1
1,4,783,0,619,164,0,0,95,24,0,0,0,0,0,0,1
0,6,870,0,870,0,0,0,100,0,0,0,0,0,0,0,1
0,2,371,0,336,35,0,0,30,5,0,0,0,0,0,1,1
0,7,316,0,316,0,0,0,42,0,0,0,0,0,0,0,1
0,3,1834,0,1541,146,147,0,213,18,24,0,0,0,0,1,1
0,5,509,0,438,27,44,0,62,4,6,0,0,0,0,0,1
1,5,925,348,448,88,41,60,57,14,7,0,1,0,1,1,1
0,6,1036,0,382,98,556,0,61,15,79,0,0,0,0,0,1
0,6,1834,0,1834,0,0,0,260,0,0,0,0,0,0,0,1
0,3,222,0,196,0,26,0,31,0,1,0,0,0,0,0,1
0,8,1420,0,1420,0,0,0,194,0,0,0,0,0,0,0,1
0,5,360,0,287,39,34,0,33,7,6,0,0,0,0,0,1
0,6,3357,0,1633,23,1701,0,280,4,275,0,0,0,1,0,1
0,5,1248,47,645,33,523,9,121,4,85,0,1,0,1,0,1
0,7,648,0,596,0,52,0,91,0,5,0,0,0,0,0,1
0,2,330,0,291,39,0,0,35,6,0,0,0,0,0,0,1
0,8,862,0,862,0,0,0,115,0,0,0,0,0,0,0,1
0,6,388,0,388,0,0,0,51,0,0,0,0,0,0,0,1
0,1,1809,0,498,1002,309,0,75,118,40,1,0,0,0,0,1
0,1,1799,0,1361,247,191,0,151,24,25,1,0,0,0,0,1
0,7,428,0,428,0,0,0,61,0,0,0,0,0,0,0,1
0,4,1348,0,981,145,222,0,147,18,35,0,0,0,0,1,1
0,1,1123,0,1035,67,21,0,154,9,3,0,0,0,0,0,1
0,1,908,0,808,50,50,0,131,8,7,0,0,0,0,1,1
0,6,867,0,867,0,0,0,104,0,0,0,0,0,0,0,1
0,2,973,0,943,30,0,0,127,7,0,1,0,0,1,0,1
0,6,456,0,429,27,0,0,60,4,0,0,0,0,0,0,1
0,6,288,0,215,62,11,0,22,7,1,0,0,0,0,1,1
0,6,1240,0,736,307,197,0,91,33,19,0,0,0,0,0,1
0,6,1013,0,527,303,183,0,66,35,17,0,0,0,0,0,1
0,1,1809,0,498,1002,309,0,75,118,40,1,0,0,0,0,1
0,1,1822,0,507,1079,236,0,68,142,24,1,0,0,0,0,1
0,6,1271,0,577,149,545,0,100,22,73,0,0,0,0,0,1
0,6,1036,0,382,98,556,0,61,15,79,0,0,0,0,0,1
0,6,1036,0,382,98,556,0,61,15,79,0,0,0,0,0,1
0,8,862,0,862,0,0,0,115,0,0,0,0,0,0,0,1
0,4,687,0,44,643,0,0,6,85,0,0,0,0,0,1,1
0,8,862,0,862,0,0,0,115,0,0,0,0,0,0,0,1
0,0,1809,690,566,249,304,106,88,38,41,0,1,0,1,0,1
0,5,656,0,350,306,0,0,54,36,0,0,0,0,0,0,1
0,5,4871,1422,394,2096,959,213,52,310,138,0,1,0,0,1,1
0,3,655,0,349,306,0,0,54,36,0,0,0,0,0,0,1
0,6,1893,0,1385,499,9,0,188,71,2,0,0,0,0,1,1
0,2,1431,0,291,725,415,0,43,100,71,0,0,0,0,0,1
0,1,849,0,587,176,86,0,106,34,14,1,0,0,0,0,1
0,6,812,128,658,26,0,19,69,3,0,0,1,0,1,0,1
0,4,1739,0,1136,603,0,0,132,79,0,0,0,0,0,0,1
0,1,1872,0,642,1034,196,0,90,160,19,1,0,0,0,0,1
0,3,1008,0,412,465,131,0,65,64,25,1,0,0,0,0,1
0,6,1323,0,1323,0,0,0,181,0,0,0,0,0,0,0,1
0,0,1809,690,566,249,304,106,88,38,41,0,1,0,1,0,1
0,1,1303,0,1221,19,63,0,171,3,9,0,0,0,0,1,1
0,6,458,0,431,27,0,0,60,4,0,0,0,0,0,0,1
0,7,1395,0,431,964,0,0,74,133,0,0,0,0,0,0,1
0,6,448,0,421,27,0,0,59,4,0,0,0,0,0,0,1
0,4,874,0,874,0,0,0,97,0,0,0,0,0,0,0,1
0,6,1792,0,1792,0,0,0,226,0,0,0,0,0,0,0,1
0,1,1358,0,1074,270,14,0,143,43,2,0,0,0,0,0,1
0,5,1195,0,975,220,0,0,129,31,0,0,0,0,0,0,1
0,1,830,0,351,374,105,0,44,48,16,1,0,0,0,0,1
0,0,1809,690,566,249,304,106,88,38,41,0,1,0,1,0,1
0,1,5019,0,3014,1042,963,0,357,102,140,1,0,0,0,1,1
0,8,862,0,862,0,0,0,115,0,0,0,0,0,0,0,1
0,5,479,0,435,27,17,0,59,4,3,0,0,0,0,0,1
1,6,702,0,139,328,235,0,20,46,24,0,0,0,0,1,1
0,6,2718,0,2190,528,0,0,257,65,0,0,0,0,0,0,1
0,4,1082,0,421,651,10,0,65,118,3,0,0,0,0,0,1
0,1,4123,0,2582,1225,316,0,358,157,40,1,0,0,0,0,1
0,3,658,0,658,0,0,0,85,0,0,1,0,0,0,0,1
0,6,1636,0,1636,0,0,0,187,0,0,0,0,0,0,0,1
0,5,1834,0,1541,146,147,0,213,18,24,0,0,0,0,1,1
0,6,1428,0,695,526,207,0,123,84,20,0,0,0,0,0,1
0,4,804,0,498,230,76,0,67,38,12,0,0,0,0,1,1
0,4,1082,0,421,651,10,0,65,118,3,0,0,0,0,0,1
0,1,343,0,245,69,29,0,41,11,5,1,0,0,0,0,1
0,6,813,128,658,27,0,19,69,3,0,0,1,0,1,0,1
0,7,320,0,320,0,0,0,41,0,0,0,0,0,0,0,1
0,0,2390,781,1484,38,87,118,180,7,12,1,1,0,1,1,1
0,6,460,0,433,27,0,0,60,4,0,0,0,0,0,0,1
0,4,1834,0,1541,146,147,0,213,18,24,0,0,0,0,1,1
0,1,2538,0,446,2012,80,0,59,258,12,1,0,0,0,1,1
0,5,486,0,442,27,17,0,68,4,3,0,0,0,0,0,1
1,4,783,0,619,164,0,0,95,24,0,0,0,0,0,0,1
0,6,3090,0,2750,340,0,0,334,43,0,0,0,0,0,0,1
0,7,1261,0,1027,234,0,0,126,31,0,0,0,1,0,1,1
1,1,925,348,448,88,41,60,57,14,7,0,1,0,1,1,1
0,8,977,0,977,0,0,0,183,0,0,0,0,1,0,0,1
0,1,820,0,647,161,12,0,71,19,2,1,0,0,0,1,1
0,4,938,0,938,0,0,0,116,0,0,0,0,0,0,0,1
0,3,1389,0,906,300,183,0,122,36,25,0,0,0,0,0,1
0,3,453,0,411,42,0,0,61,8,0,0,0,0,0,1,1
0,1,1872,0,642,1034,196,0,90,160,19,1,0,0,0,0,1
0,2,1856,0,1161,412,283,0,152,53,34,1,0,0,0,0,1
0,8,3009,0,3009,0,0,0,532,0,0,0,0,0,0,0,1
0,1,779,0,435,254,90,0,65,38,14,1,0,0,0,0,1
0,6,1812,0,612,778,422,0,98,91,61,0,0,0,1,1,1
0,4,898,0,656,242,0,0,85,35,0,0,0,0,0,0,1
0,0,912,312,470,100,30,36,57,13,5,0,1,0,1,1,1
0,1,686,0,633,30,23,0,73,7,3,1,0,0,1,0,1
0,1,1524,0,1034,458,32,0,154,80,4,0,0,0,0,0,1
0,6,5577,0,5219,358,0,0,678,47,0,0,0,0,0,0,1
0,0,1810,690,566,249,305,106,88,38,41,0,1,0,1,0,1
0,8,862,0,862,0,0,0,115,0,0,0,0,0,0,0,1
1,1,1240,0,736,307,197,0,91,33,19,0,0,0,0,1,1
0,3,973,0,478,495,0,0,68,68,0,0,0,0,0,0,1
0,7,262,0,262,0,0,0,43,0,0,0,0,0,0,0,1
0,8,862,0,862,0,0,0,115,0,0,0,0,0,0,0,1
0,1,919,0,564,202,153,0,76,22,16,1,0,0,0,0,1
0,1,1034,0,640,188,206,0,91,20,20,1,0,0,0,0,1
0,1,2257,0,429,1733,95,0,71,235,14,1,0,0,0,1,1
1,0,1189,640,424,90,35,98,75,12,6,1,1,0,1,0,1
0,8,862,0,862,0,0,0,115,0,0,0,0,0,0,0,1
1,4,783,0,619,164,0,0,95,24,0,0,0,0,0,0,1
0,6,1036,0,382,98,556,0,61,15,79,0,0,0,0,0,1
0,0,1435,789,530,45,71,120,70,7,13,1,1,0,1,1,1
0,7,3252,0,1061,2191,0,0,131,256,0,0,0,0,0,1,1
0,0,1809,690,566,249,304,106,88,38,41,0,1,0,1,0,1
0,0,1809,690,566,249,304,106,88,38,41,0,1,0,1,0,1
0,0,4732,1016,1403,880,1433,130,185,128,187,0,1,0,1,1,1
0,5,481,0,437,27,17,0,62,4,3,0,0,0,0,0,1
0,3,1408,0,1103,305,0,0,160,49,0,1,0,0,0,1,1
0,6,1036,0,382,98,556,0,61,15,79,0,0,0,0,0,1
0,1,849,0,587,176,86,0,106,34,14,1,0,0,0,0,1
0,7,919,0,729,190,0,0,86,26,0,0,0,0,0,0,1
1,2,941,0,610,199,132,0,83,23,21,1,0,0,0,0,1
0,3,1405,0,873,466,66,0,126,59,12,1,0,0,0,0,1
0,6,1290,0,856,423,11,0,116,54,1,0,0,0,0,0,1
0,0,3365,944,2342,19,60,117,322,3,10,1,1,0,1,1,1
0,5,1834,0,1541,146,147,0,213,18,24,0,0,0,0,1,1
0,6,1542,0,410,329,803,0,53,31,92,0,0,0,0,0,1
0,1,1059,0,124,575,360,0,24,72,44,1,0,0,0,0,1
0,6,1254,0,347,579,328,0,44,73,41,0,0,0,1,1,1
0,8,862,0,862,0,0,0,115,0,0,0,0,0,0,0,1
0,3,1358,0,628,466,264,0,89,59,39,1,0,0,0,0,1
0,2,1285,0,769,319,197,0,99,44,19,1,0,0,0,0,1
0,0,647,178,361,89,19,31,68,13,2,0,1,0,0,0,1
0,6,1271,0,577,149,545,0,100,22,73,0,0,0,0,0,1
0,8,862,0,862,0,0,0,115,0,0,0,0,0,0,0,1
0,1,1162,0,789,247,126,0,121,36,26,0,0,0,0,0,1
0,4,1834,0,1541,146,147,0,213,18,24,0,0,0,0,1,1
0,1,1081,0,601,322,158,0,79,43,18,1,0,0,0,0,1
0,6,1095,0,577,149,369,0,100,22,57,0,0,0,0,1,1
0,1,2263,0,808,696,759,0,129,133,128,1,0,0,0,0,1
0,6,1156,0,693,247,216,0,84,31,21,0,0,0,0,0,1
0,6,4535,0,4323,212,0,0,567,22,0,0,0,0,0,0,1
0,5,1834,0,1541,146,147,0,213,18,24,0,0,0,0,0,1
0,4,932,0,932,0,0,0,110,0,0,0,0,0,0,0,1
0,0,1809,690,566,249,304,106,88,38,41,0,1,0,1,0,1
0,6,1271,0,577,149,545,0,100,22,73,0,0,0,0,0,1
0,6,2380,0,1857,523,0,0,247,68,0,0,0,0,0,0,1
0,4,1834,0,1541,146,147,0,213,18,24,0,0,0,0,1,1
0,1,343,0,245,69,29,0,41,11,5,1,0,0,0,0,1
0,4,1104,0,1042,62,0,0,155,9,0,0,0,0,0,1,1
0,2,901,0,587,176,138,0,106,34,26,1,0,0,0,0,1
0,6,1141,0,1141,0,0,0,144,0,0,0,0,0,0,0,1
1,4,783,0,619,164,0,0,95,24,0,0,0,0,0,0,1
1,6,1271,0,577,149,545,0,100,22,73,0,0,0,0,0,1
0,8,862,0,862,0,0,0,115,0,0,0,0,0,0,0,1
0,1,1234,0,1168,47,19,0,178,5,2,1,0,0,0,1,1
0,7,693,640,53,0,0,98,9,0,0,0,1,0,1,0,1
0,8,862,0,862,0,0,0,115,0,0,0,0,0,0,0,1
0,1,1309,0,1232,19,58,0,171,3,9,0,0,0,0,0,1
0,2,804,0,360,259,185,0,54,46,31,1,0,0,0,0,1
0,4,1082,0,421,651,10,0,65,118,3,0,0,0,0,0,1
0,1,1609,0,929,160,520,0,121,17,50,1,0,0,0,0,1
0,5,3336,624,2712,0,0,95,362,0,0,0,1,0,1,0,1
0,2,347,0,251,49,47,0,32,6,9,1,0,0,0,0,1
0,1,873,0,403,317,153,0,57,31,16,1,0,0,0,0,1
1,6,1205,0,734,392,79,0,102,53,15,0,0,0,0,1,1
0,2,589,0,461,128,0,0,69,14,0,0,0,0,0,0,1
1,2,891,0,561,330,0,0,72,39,0,1,0,0,0,0,1
0,2,538,0,292,246,0,0,45,41,0,0,0,0,1,1,1
0,3,681,0,681,0,0,0,124,0,0,0,0,0,1,0,1
0,5,398,0,312,42,44,0,40,7,8,0,0,0,0,0,1
0,6,1581,0,1581,0,0,0,237,0,0,0,0,0,0,0,1
0,1,1634,0,145,789,700,0,20,84,98,1,0,0,0,0,1
1,0,1147,640,406,64,37,98,58,8,7,1,1,0,1,0,1
0,4,190,0,175,0,15,0,27,0,2,0,0,0,0,0,1
0,6,1755,0,1755,0,0,0,247,0,0,0,0,0,0,0,1
0,6,3335,624,2711,0,0,95,362,0,0,0,1,0,1,0,1
0,1,1467,0,1084,254,129,0,135,30,21,0,0,0,0,0,1
0,1,1799,690,565,249,295,106,88,38,40,0,1,0,1,0,1
0,4,976,0,774,115,87,0,117,18,13,0,0,0,0,0,1
0,1,439,0,249,125,65,0,38,12,11,0,0,0,1,0,1
0,8,862,0,862,0,0,0,115,0,0,0,0,0,0,0,1
0,6,1036,0,382,98,556,0,61,15,79,0,0,0,0,0,1
0,2,1272,0,473,519,280,0,66,80,44,1,0,0,0,0,1
0,1,982,0,418,363,201,0,51,41,28,0,0,0,0,0,1
0,2,901,0,587,176,138,0,106,34,26,1,0,0,0,0,1
0,1,846,0,797,30,19,0,110,3,2,1,0,0,0,0,1
0,4,1470,0,1164,306,0,0,145,39,0,0,0,0,0,0,1
0,6,1018,0,391,564,63,0,50,71,9,0,0,0,1,1,1
0,3,874,0,874,0,0,0,97,0,0,0,0,0,0,0,1
0,4,1834,0,1541,146,147,0,213,18,24,0,0,0,0,1,1
1,7,602,0,586,16,0,0,63,2,0,0,0,0,0,0,1
0,1,901,0,587,176,138,0,106,34,26,1,0,0,0,0,1
0,0,2496,1209,701,371,215,159,94,45,21,1,1,0,0,0,1
0,2,622,0,275,347,0,0,43,32,0,1,0,0,0,0,1
0,8,33,0,33,0,0,0,6,0,0,0,0,1,0,0,1
0,2,843,0,390,375,78,0,48,55,6,0,0,0,0,0,1
0,3,1123,0,1123,0,0,0,159,0,0,0,0,0,0,0,1
1,0,1147,640,406,64,37,98,58,8,7,1,1,0,1,0,1
0,0,2098,904,620,359,215,117,89,48,21,1,1,0,0,0,1
0,6,1271,0,577,149,545,0,100,22,73,0,0,0,0,0,1
0,3,789,0,385,192,212,0,49,30,37,0,0,0,0,0,1
0,5,1834,0,1541,146,147,0,213,18,24,0,0,0,0,1,1
0,2,1937,0,703,1037,197,0,90,161,19,1,0,0,0,0,1
0,8,862,0,862,0,0,0,115,0,0,0,0,0,0,0,1
0,1,2212,351,209,1652,0,49,29,214,0,0,1,0,1,0,1
0,8,862,0,862,0,0,0,115,0,0,0,0,0,0,0,1
0,3,881,0,843,26,12,0,136,3,3,0,0,0,0,0,1
0,1,2624,1067,1090,327,140,144,149,35,14,1,1,0,1,0,1
0,0,1815,395,374,736,310,59,51,82,49,0,1,0,0,1,1
0,8,420,0,420,0,0,0,71,0,0,0,0,1,0,0,1
0,2,541,0,253,76,212,0,41,9,26,0,0,0,0,1,1
0,3,455,0,455,0,0,0,66,0,0,1,0,0,0,0,1
0,4,1108,0,926,0,182,0,124,0,25,0,0,0,0,0,1
0,2,605,0,322,283,0,0,47,36,0,1,0,0,0,0,1
0,0,1695,1128,186,317,64,184,26,45,10,0,1,0,1,1,1
0,6,542,0,429,113,0,0,58,7,0,0,0,0,0,0,1
0,6,3033,0,3033,0,0,0,385,0,0,0,0,0,0,0,1
0,7,2356,0,1066,1290,0,0,131,157,0,0,0,0,0,1,1
0,1,63,0,21,21,21,0,3,3,3,0,0,0,0,0,1
0,1,1547,0,708,454,385,0,88,48,39,1,0,0,0,0,1
0,6,457,0,430,27,0,0,60,4,0,0,0,0,0,0,1
0,2,1079,0,598,323,158,0,78,43,18,1,0,0,0,0,1
0,6,1036,0,382,98,556,0,61,15,79,0,0,0,0,0,1
0,1,2590,0,325,1411,854,0,50,166,125,0,0,0,0,0,1
0,1,1253,0,641,549,63,0,95,80,11,1,0,0,0,0,1
0,1,377,0,309,55,13,0,37,8,3,0,0,0,0,0,1
0,8,1363,0,1363,0,0,0,154,0,0,0,0,0,0,0,1
0,7,66,0,34,0,32,0,5,0,5,0,0,0,0,1,1
0,5,405,0,318,44,43,0,42,8,10,0,0,0,0,0,1
0,8,862,0,862,0,0,0,115,0,0,0,0,0,0,0,1
0,6,2069,676,815,578,0,102,111,73,0,0,1,1,1,0,1
0,0,3503,1016,1429,653,405,130,198,84,54,0,1,0,1,1,1
0,3,892,0,774,118,0,0,73,13,0,0,0,0,0,0,1
0,6,1036,0,382,98,556,0,61,15,79,0,0,0,0,0,1
0,1,788,0,520,223,45,0,75,36,5,1,0,0,0,0,1
0,0,1810,690,566,249,305,106,88,38,41,0,1,0,1,0,1
0,6,1129,0,415,234,480,0,45,7,60,0,0,0,0,0,1
0,3,2899,0,2243,656,0,0,309,82,0,1,0,0,0,0,1
0,5,932,0,932,0,0,0,110,0,0,0,0,0,0,0,1
1,2,1126,0,323,803,0,0,47,123,0,1,0,0,0,0,1
0,3,1032,0,452,580,0,0,71,81,0,0,0,0,0,0,1
0,8,862,0,862,0,0,0,115,0,0,0,0,0,0,0,1
0,3,1340,0,883,457,0,0,121,63,0,0,0,0,0,0,1
0,3,561,0,188,16,357,0,29,2,60,0,0,0,0,0,1
0,3,1032,0,452,580,0,0,71,81,0,0,0,0,0,0,1
0,2,973,0,943,30,0,0,127,7,0,1,0,0,1,0,1
0,2,2562,0,1281,1281,0,0,167,167,0,1,0,0,0,1,1
1,3,1571,0,1571,0,0,0,229,0,0,0,0,1,0,0,1
0,8,3009,0,3009,0,0,0,532,0,0,0,0,0,0,0,1
0,0,1809,690,565,249,305,106,88,38,41,0,1,0,1,0,1
0,4,1653,0,1653,0,0,0,217,0,0,1,0,0,0,0,1
1,0,1147,640,406,64,37,98,58,8,7,1,1,0,1,0,1
0,3,698,0,340,358,0,0,47,37,0,0,0,0,0,0,1
0,5,405,0,318,43,44,0,42,10,8,0,0,0,0,0,1
0,2,624,0,357,267,0,0,54,34,0,1,0,1,0,0,1
0,5,186,0,186,0,0,0,19,0,0,0,0,0,0,0,1
0,8,877,0,877,0,0,0,119,0,0,0,0,0,0,0,1
0,3,615,0,615,0,0,0,79,0,0,0,0,0,0,0,1
0,3,1472,0,241,715,516,0,37,95,85,1,0,0,0,0,1
0,6,3530,0,846,490,2194,0,126,94,375,0,0,1,0,1,1
0,8,82,0,82,0,0,0,16,0,0,0,0,1,0,0,1
0,1,1988,0,1137,700,151,0,190,115,22,1,0,0,0,0,1
1,6,1119,718,314,87,0,114,50,12,0,0,1,0,1,1,1
0,4,1125,0,604,348,173,0,68,40,29,0,0,0,0,0,1
0,2,1006,0,870,136,0,0,126,15,0,0,0,0,0,0,1
0,7,433,0,433,0,0,0,58,0,0,0,0,0,0,0,1
0,6,1199,0,219,609,371,0,34,100,57,0,0,0,0,1,1
0,6,1591,0,431,973,187,0,74,149,26,0,0,0,0,0,1
0,3,772,0,306,272,194,0,44,31,32,0,0,0,0,0,1
0,6,858,718,100,40,0,114,20,4,0,0,1,0,1,0,1
0,1,2472,0,1339,1023,110,0,222,151,11,0,0,0,1,0,0
1,7,1344,0,686,658,0,0,117,92,0,0,0,0,1,1,0
0,0,2486,330,1279,592,285,51,180,78,38,0,1,0,1,1,0
0,7,1166,393,773,0,0,62,96,0,0,0,1,0,1,1,0
0,5,2047,758,678,232,379,129,105,31,50,0,1,0,1,0,0
0,6,2413,755,860,798,0,104,125,108,0,0,1,1,1,0,0
0,0,3005,1344,1197,319,145,222,176,46,22,0,1,0,1,0,0
0,5,1468,0,113,1355,0,0,14,192,0,0,0,0,0,0,0
0,2,1901,829,1020,31,21,131,142,5,4,0,1,0,1,1,0
0,6,991,66,186,739,0,8,20,81,0,0,1,0,1,0,0
0,1,2080,380,806,677,217,64,121,92,23,0,1,0,1,1,0
0,6,1671,0,1671,0,0,0,235,0,0,1,0,0,1,0,0
0,2,1855,0,995,860,0,0,121,100,0,1,0,0,1,0,0
0,3,2739,592,1104,350,693,92,145,46,126,0,1,0,1,0,0
0,0,4197,403,3006,443,345,55,421,63,56,0,1,0,1,0,0
0,0,2472,651,981,629,211,100,123,81,29,0,1,0,1,1,0
0,6,1667,0,627,956,84,0,101,123,12,0,0,0,0,1,0
0,0,1787,133,674,886,94,19,104,104,15,1,1,0,1,0,0
0,1,1243,829,369,45,0,131,62,7,0,0,1,0,1,1,0
0,0,3841,958,2020,511,352,154,277,72,48,0,1,0,1,1,0
0,6,1172,0,1172,0,0,0,174,0,0,0,0,0,1,0,0
0,5,1158,225,224,586,123,36,36,59,10,0,1,0,1,1,0
0,6,1925,228,1697,0,0,32,206,0,0,0,1,0,0,0,0
0,5,1622,570,487,565,0,77,85,67,0,0,1,0,1,0,0
0,1,4644,1208,1668,955,813,155,254,133,113,0,1,0,1,0,0
0,3,1548,0,1249,299,0,0,183,44,0,0,0,0,0,0,0
0,1,2429,145,836,1448,0,16,123,200,0,0,1,0,1,0,0
0,7,885,0,728,157,0,0,98,11,0,0,0,0,0,1,0
0,2,1120,0,1091,29,0,0,147,4,0,0,0,0,1,0,0
0,0,2966,513,1043,906,504,82,153,115,70,0,1,0,1,0,0
0,0,2142,552,815,352,423,71,104,52,60,0,1,0,1,1,0
0,4,2197,747,823,627,0,125,122,101,0,0,1,0,1,0,0
0,7,2169,1447,722,0,0,215,106,0,0,0,1,0,1,1,0
0,0,3256,688,1437,858,273,111,211,129,41,1,1,0,1,1,0
0,1,2573,1070,724,717,62,192,100,99,9,0,1,0,1,0,0
0,1,807,0,576,173,58,0,96,21,6,1,0,0,1,0,0
0,6,1101,228,873,0,0,32,124,0,0,0,1,0,0,0,0
0,5,745,0,446,299,0,0,56,37,0,0,0,0,0,0,0
0,1,2662,1441,924,297,0,220,121,39,0,0,1,0,1,1,0
0,4,2371,879,984,508,0,141,128,71,0,0,1,0,1,1,0
0,2,2591,606,1204,529,252,86,162,68,26,0,1,0,1,0,0
0,5,2040,0,913,1127,0,0,116,130,0,0,0,0,1,0,0
0,3,474,0,474,0,0,0,59,0,0,1,0,0,0,0,0
0,1,5280,1708,1442,1273,857,290,226,180,161,0,1,0,1,1,0
0,0,4718,2270,1216,721,511,330,161,111,54,0,1,0,1,1,0
0,5,2754,228,1291,1235,0,32,171,159,0,0,1,0,0,0,0
0,1,1224,0,506,502,216,0,77,86,35,0,0,0,0,1,0
0,2,4573,1708,1877,988,0,290,328,160,0,0,1,0,1,1,0
